MasterFile,AgencyORINumber,LocalCode,CollisionDate,CollisionTime,CollisionDayWeekCode,RoadwayName,RoadwayName_Direction_,RoadwayName_RoadwaySuffix_,RoadwayfromReport,CurrentRoadwayNumber,RoadwayNumberCoupletID,RSEUniqueGIS,RoadwayIdentifier,ParkingLotIndicator,IntersectionWith_Indicator_,IntersectionWith_NameRoadway_,IntersectionWith_Direction_,IntersectionWith_RoadwaySuffix_,BetweenStreets_Indicator_,BetweenStreets1_NameRoadway_,BetweenStreet1_Direction_,BetweenStreets1_RoadwaySuffix_,BetweenStreets2_NameRoadway_,BetweenStreets2_Direction_,BetweenStreets2_RoadwaySuffix_,Milepoint,ReportMilepointDeriveNumber,CurrentDerivedMiepointNumber,MilestoMilepoint,FeettoMilepoint,DirectionfromMilepoint_NSEW_,ValidMilepointIndicator,NumberInjured,NumberKilled,ofUnits,ofMotorVehicleUnits,Hit&RunIndicator,OneWayIndicator,SpeedLimitNumber,KilometersIndicator,CountyCode,CityCountyCode,MilesFromCity,DirectionFromCity_NSEW_,InCityLimitsIndicator,Latitude,Longitude,RampIndicator,RampFromIdentifier,RampFromDirCode,RampFromCoupletID,RSEUniqueGISRampFrom,RampToidentifier,RampToDirCode,RampToCoupletID,RSEUniqueGisRampTo,MannerofCollisionCode,LocationFirstEventCode,TotalLanes,RoadwayCharacterCode,RoadwaySurfaceCode,RoadwayConditionCode,WeatherCode,LightConditionCode,LandUseCode,SchoolBusRelatedCode,FirstAidSceneIndicator,CollDescPresentInd,InvestigationCompleteIndicator,PhotosTakenIndicator,TimeNotified,TimeArrived,TimeRoadwayOpened,PropertyDamageIndicator,DiagramPresentIndicator,DirectionalAnalysis,FunctionClassCode,NationalHwySysCode,EnforcementsIndicator,KARSCityCode,SecondaryCollisionIndicator,MedianCrossoverIndicator,RT_UNIQUE,MapIt,TimeLastLeft,YR,KABCO,MFNY,WorkingRID,RT_CONFIDENCE,KTC_RT,KTC_MP,Motorcyclist,Commercial Vehicle,Young Driver,Mature Driver,Pedestrian,Bicyclist,Distracted,Aggressive,Impaired,Unrestrained,Intersection,Roadway Departure,Median Cross-over,CityCrash,DACid,Intersection Crash,Segment Crash,Int_ID,CityIntersection
72307991,980100,2.02E+11,20190115,1338,,US23,,,US0023,US0023,,,,N,N,NULL,NULL,NULL,N,NULL,NULL,NULL,NULL,NULL,NULL,20.602,NULL,NULL,NULL,NULL,,NULL,1,0,2,2,N,N,55,NULL,98,9801,NULL,,Y,37.44326,-82.51931,N,NULL,NULL,NULL,NULL,NULL,NULL,NULL,NULL,5,3,4,3,1,1,2,2,7,3,Y,NULL,Y,Y,1338,1341,1341,N,NULL,49,,1,Y,,N,N,,NULL,NULL,2019,C,7.23E+11,098-US-0023  -010,MEDIUM,098-US-0023  -000,20.602,0,0,0,0,0,0,1,0,1,0,0,0,0,1,Non-DAC,0,1,,
72381454,980100,2.02E+11,20190718,2100,,CEDAR CREEK,,RD,,,,,,N,Y,CEDAR HILLS,,DR,N,NULL,NULL,NULL,NULL,NULL,NULL,,NULL,NULL,NULL,NULL,,NULL,0,0,2,2,N,N,35,NULL,98,9801,NULL,,Y,37.47612,-82.55538,N,NULL,NULL,NULL,NULL,NULL,NULL,NULL,NULL,3,3,2,6,1,5,6,5,6,3,N,NULL,Y,N,2101,2107,,N,NULL,52,,,N,,N,N,,NULL,NULL,2019,O,7.24E+11,098-KY-3417  -000,MEDIUM,098-KY-3417  -000,1.095,0,0,0,0,0,0,1,0,0,0,1,0,0,1,Non-DAC,1,0,195-1153,1
72332188,980100,2.02E+11,20190327,1646,,CHLOE,,RD,KY1460,KY1460,,,,N,N,NULL,NULL,NULL,N,NULL,NULL,NULL,NULL,NULL,NULL,4.496,NULL,NULL,NULL,NULL,,NULL,0,0,1,1,N,N,35,NULL,98,9801,NULL,,Y,37.47744,-82.50545,N,NULL,NULL,NULL,NULL,NULL,NULL,NULL,NULL,9,3,2,6,1,1,2,2,6,3,N,NULL,Y,N,1648,1651,1721,N,NULL,70,,0,N,,N,N,,NULL,NULL,2019,O,7.23E+11,098-KY-1460  -000,HIGH,098-KY-1460  -000,4.496,0,0,0,0,0,0,1,0,0,0,0,1,0,1,Non-DAC,0,1,,
72420447,980100,2.02E+11,20191014,806,,KY3495,,,KY3495,KY3495,0,098 KY-3495,KY3495,N,N,NULL,NULL,NULL,N,NULL,NULL,NULL,NULL,NULL,NULL,,NULL,NULL,NULL,NULL,,NULL,0,0,2,2,N,N,35,NULL,98,9801,NULL,,Y,37.4864,-82.5429,N,NULL,NULL,NULL,NULL,NULL,NULL,NULL,NULL,1,3,2,1,1,1,2,2,1,3,N,NULL,Y,N,806,812,,N,NULL,55,17,0,N,,N,N,098-KY-3495-0,NULL,NULL,2019,O,7.24E+11,098-KY-3495  -000,HIGH,098-KY-3495  -000,0,0,0,1,0,0,0,1,1,0,0,0,0,0,1,Non-DAC,1,0,195-0957,1
72301767,KSP0900,19-749,20190107,1105,,MAYO,N,TRL,US0023,US0023,0,098 US-23,US0023,N,N,NULL,NULL,NULL,N,NULL,NULL,NULL,NULL,NULL,NULL,26.235,NULL,NULL,NULL,NULL,,NULL,1,0,2,2,N,N,55,NULL,98,9801,NULL,,Y,37.50297,-82.53206,N,NULL,NULL,NULL,NULL,NULL,NULL,NULL,NULL,5,3,4,6,1,1,2,2,7,3,N,NULL,Y,Y,1107,1114,,N,NULL,70,,1,N,,N,N,098-US-0023-0,NULL,NULL,2019,B,7.23E+11,098-US-0023  -000,HIGH,098-US-0023  -000,26.235,0,0,0,0,0,0,1,1,0,0,0,0,0,1,Non-DAC,1,0,195-0861,1
72318020,980100,2.02E+11,20190218,524,,US23,,,US0023,US0023,0,098 US-23,US0023,N,N,NULL,NULL,NULL,N,NULL,NULL,NULL,NULL,NULL,NULL,23.062,NULL,NULL,NULL,NULL,,NULL,2,0,3,3,N,N,55,NULL,98,9801,NULL,,Y,37.46584,-82.52813,N,NULL,NULL,NULL,NULL,NULL,NULL,NULL,NULL,5,3,4,6,1,5,2,5,7,3,Y,NULL,Y,Y,526,528,603,N,NULL,70,,1,N,,N,N,098-US-0023-0,NULL,NULL,2019,C,7.23E+11,098-US-0023  -000,HIGH,098-US-0023  -000,23.062,0,0,0,1,0,0,1,0,0,0,0,0,0,1,DAC,0,1,,
72358620,980100,2.02E+11,20190528,1233,,CASSIDY,,BLVD,,,0,098 CS-1191,CS1191,N,N,NULL,NULL,NULL,N,NULL,NULL,NULL,NULL,NULL,NULL,,NULL,NULL,NULL,NULL,,NULL,0,0,2,2,N,Y,15,NULL,98,9801,NULL,,Y,37.50631,-82.53948,N,NULL,NULL,NULL,NULL,NULL,NULL,NULL,NULL,2,97,1,6,1,1,2,2,1,3,N,NULL,N,N,1236,1244,,N,NULL,56,,,N,,N,N,098-CS-1191-0,NULL,NULL,2019,O,7.24E+11,098-CS-1191  -000,HIGH,098-CS-1191  -000,0.375,0,0,0,1,0,0,1,0,0,0,0,0,0,1,Non-DAC,0,1,,
72367788,980500,2019AR045,20190614,1435,,US23,,,US0023,US0023,0,098 US-23-10,US0023,N,N,NULL,NULL,NULL,N,NULL,NULL,NULL,NULL,NULL,NULL,27.477,NULL,NULL,NULL,NULL,,NULL,0,0,2,2,N,N,55,NULL,98,9807,NULL,,Y,37.51128,-82.55052,N,NULL,NULL,NULL,NULL,NULL,NULL,NULL,NULL,5,3,6,6,1,1,2,2,1,3,N,NULL,Y,Y,1435,1441,1458,N,NULL,49,,1,N,,N,N,098-US-0023-10,NULL,NULL,2019,O,7.24E+11,098-US-0023  -010,HIGH,098-US-0023  -000,27.477,0,0,0,1,0,0,1,0,0,0,0,0,0,1,Non-DAC,1,0,195-0808,1
72501361,980100,2.02E+11,20200513,1252,,US119 TURN LANE FROM US23 N,,,US0119,US0119,0,098 US-119-20,US0119,N,N,NULL,NULL,NULL,N,NULL,NULL,NULL,NULL,NULL,NULL,0.057,NULL,NULL,NULL,NULL,,NULL,0,0,1,1,N,N,55,NULL,98,9801,NULL,,Y,37.50386,-82.5312,N,NULL,NULL,NULL,NULL,NULL,NULL,NULL,NULL,9,5,2,3,1,5,6,2,1,3,N,NULL,Y,N,1252,1258,1258,Y,NULL,40,2,1,N,,N,N,098-US-0119-20,NULL,NULL,2020,O,7.25E+11,098-US-0119  -020,HIGH,098-US-0119  -020,0.057,0,0,0,0,0,0,0,0,0,0,0,1,0,1,Non-DAC,1,0,195-0861,1
72431103,980100,2.02E+11,20191030,734,,CHLOE,,RD,KY1460,KY1460,0,098 KY-1460,KY1460,N,N,NULL,NULL,NULL,N,NULL,NULL,NULL,NULL,NULL,NULL,3.77,NULL,NULL,NULL,NULL,,NULL,0,0,1,1,N,N,35,NULL,98,9801,NULL,,Y,37.4772,-82.49388,N,NULL,NULL,NULL,NULL,NULL,NULL,NULL,NULL,9,3,2,6,1,1,3,2,7,3,N,NULL,Y,N,735,737,737,N,NULL,38,,0,N,,N,N,098-KY-1460-0,NULL,NULL,2019,O,7.24E+11,098-KY-1460  -000,HIGH,098-KY-1460  -000,3.77,0,0,0,0,0,0,0,0,0,0,0,0,0,1,Non-DAC,1,0,195-1112,1
72367170,980100,2.02E+11,20190614,1507,,WALTERS,,RD,,,0,098 CS-1074,CS1074,N,N,NULL,NULL,NULL,N,NULL,NULL,NULL,NULL,NULL,NULL,1.177,NULL,NULL,NULL,NULL,,NULL,0,0,4,4,N,N,35,NULL,98,9801,NULL,,Y,37.48986,-82.48146,N,NULL,NULL,NULL,NULL,NULL,NULL,NULL,NULL,1,97,1,6,1,1,2,2,5,3,N,NULL,Y,N,1507,1514,1514,N,NULL,47,,,Y,,N,N,098-CS-1074-0,NULL,NULL,2019,O,7.24E+11,098-CS-1074  -000,HIGH,098-CS-1074  -000,1.177,0,0,0,0,0,0,0,0,0,0,0,0,0,1,Non-DAC,0,1,,
72303194,KSP0900,19-1617,20190115,712,,US23,,,US0023,US0023,0,098 US-23-10,US0023,N,N,NULL,NULL,NULL,N,NULL,NULL,NULL,NULL,NULL,NULL,17.584,NULL,NULL,NULL,NULL,,NULL,1,0,2,2,N,N,55,NULL,98,9801,3,S,N,37.42356,-82.51699,N,NULL,NULL,NULL,NULL,NULL,NULL,NULL,NULL,5,3,4,4,1,5,5,1,7,3,Y,NULL,Y,N,712,747,815,N,NULL,49,,1,N,,N,N,098-US-0023-10,NULL,NULL,2019,C,7.23E+11,098-US-0023  -010,HIGH,098-US-0023  -000,17.584,0,0,0,1,0,0,0,0,0,0,0,0,0,1,Non-DAC,0,1,,
72358363,980100,2.02E+11,20190521,1650,,KY1426,,,KY1426,KY1426,,,,N,N,NULL,NULL,NULL,N,NULL,NULL,NULL,NULL,NULL,NULL,7.376,NULL,NULL,NULL,NULL,,NULL,3,0,3,3,N,N,45,NULL,98,9801,NULL,,Y,37.4901,-82.50253,N,NULL,NULL,NULL,NULL,NULL,NULL,NULL,NULL,5,3,2,6,1,1,2,2,7,3,Y,NULL,Y,Y,1650,1653,1723,N,NULL,49,,0,N,,N,N,,NULL,NULL,2019,B,7.24E+11,098-KY-1426  -000,HIGH,098-KY-1426  -000,7.376,0,0,1,1,0,0,1,0,0,0,0,0,0,1,Non-DAC,1,0,195-0932,1
72427792,980100,2.02E+11,20191026,1431,,US23,,,US0023,US0023,0,098 US-23,US0023,N,N,NULL,NULL,NULL,N,NULL,NULL,NULL,NULL,NULL,NULL,26.233,NULL,NULL,NULL,NULL,,NULL,0,0,2,2,N,N,55,NULL,98,9801,NULL,,Y,37.50294,-82.53205,N,NULL,NULL,NULL,NULL,NULL,NULL,NULL,NULL,5,3,4,6,1,1,3,2,7,3,N,NULL,N,N,1431,1431,1431,N,NULL,70,,1,N,,N,N,098-US-0023-0,NULL,NULL,2019,O,7.24E+11,098-US-0023  -000,HIGH,098-US-0023  -000,26.233,0,0,1,0,0,0,1,0,0,0,0,0,0,1,Non-DAC,1,0,195-0861,1
72434036,980100,2.02E+11,20191108,2047,,US23,,,US0023,US0023,,,,N,N,NULL,NULL,NULL,N,NULL,NULL,NULL,NULL,NULL,NULL,25.211,NULL,NULL,NULL,NULL,,NULL,0,0,1,1,N,N,55,NULL,98,9801,NULL,,Y,37.49033,-82.53746,N,NULL,NULL,NULL,NULL,NULL,NULL,NULL,NULL,9,3,4,6,1,1,2,6,1,3,N,NULL,Y,N,2047,2053,,N,NULL,38,,1,N,,N,N,,NULL,NULL,2019,O,7.24E+11,098-US-0023  -000,MEDIUM,098-US-0023  -000,25.211,0,0,0,0,0,0,0,0,0,0,0,0,0,1,Non-DAC,1,0,195-0934,1
72334767,980100,2.02E+11,20190403,733,,BAIRD,,AVE,KY1426,KY1426,0,098 KY-1426,KY1426,N,N,NULL,NULL,NULL,N,NULL,NULL,NULL,NULL,NULL,NULL,5.393,NULL,NULL,NULL,NULL,,NULL,0,0,2,2,N,N,55,NULL,98,9801,NULL,,Y,37.4733,-82.52711,N,NULL,NULL,NULL,NULL,NULL,NULL,NULL,NULL,1,3,2,6,1,1,2,2,1,3,N,NULL,Y,N,733,751,751,N,NULL,55,,0,N,,N,N,098-KY-1426-0,NULL,NULL,2019,O,7.23E+11,098-KY-1426  -000,HIGH,098-KY-1426  -000,5.393,0,0,0,0,0,0,1,0,0,0,0,0,0,1,DAC,1,0,195-1174,1
72359149,980100,2.02E+11,20190516,1416,,HAROLDS BRANCH,,RD,,,0,098 CS-1223,CS1223,N,N,NULL,NULL,NULL,N,NULL,NULL,NULL,NULL,NULL,NULL,0.064,NULL,NULL,NULL,NULL,,NULL,0,0,3,3,N,N,15,NULL,98,9801,NULL,,Y,37.47198,-82.52224,N,NULL,NULL,NULL,NULL,NULL,NULL,NULL,NULL,7,97,2,6,2,1,2,2,1,3,N,NULL,Y,N,1416,1416,,N,NULL,54,,,N,,N,N,098-CS-1223-0,NULL,NULL,2019,O,7.24E+11,098-CS-1223  -000,HIGH,098-CS-1223  -000,0.064,0,0,0,1,0,0,1,0,0,0,0,1,0,1,Non-DAC,0,1,,
72388919,980100,2.02E+11,20190725,1720,,US23,,,US0023,US0023,,,,N,N,NULL,NULL,NULL,N,NULL,NULL,NULL,NULL,NULL,NULL,25.588,NULL,NULL,NULL,NULL,,NULL,1,0,1,1,N,N,55,NULL,98,9801,NULL,,Y,37.49419,-82.53268,N,NULL,NULL,NULL,NULL,NULL,NULL,NULL,NULL,9,3,4,6,1,1,2,2,7,3,Y,NULL,Y,Y,1721,1725,1725,N,NULL,40,,1,N,,N,N,,NULL,NULL,2019,B,7.24E+11,098-US-0023  -010,MEDIUM,098-US-0023  -000,25.588,0,0,0,0,0,0,1,0,0,0,0,1,0,1,Non-DAC,0,1,,
72431981,980100,2.02E+11,20191106,323,,CEDAR HILLS,,RD,KY1426,KY1426,0,098 KY-1426,KY1426,N,N,NULL,NULL,NULL,N,NULL,NULL,NULL,NULL,NULL,NULL,2.134,NULL,NULL,NULL,NULL,,NULL,1,0,1,1,N,N,35,NULL,98,9801,NULL,,Y,37.46021,-82.55761,N,NULL,NULL,NULL,NULL,NULL,NULL,NULL,NULL,9,4,2,6,1,1,2,5,6,3,N,NULL,N,Y,323,328,328,N,NULL,44,8,0,N,,N,N,098-KY-1426-0,NULL,NULL,2019,B,7.24E+11,098-KY-1426  -000,HIGH,098-KY-1426  -000,2.134,0,0,0,0,0,0,0,0,0,0,0,1,0,1,Non-DAC,0,1,,
72696995,980100,2.02E+11,20211115,948,,US23,,,US0023,US0023,,,,N,N,NULL,NULL,NULL,N,NULL,NULL,NULL,NULL,NULL,NULL,26.478,NULL,NULL,NULL,NULL,,NULL,0,0,1,1,N,N,55,NULL,98,9801,NULL,,Y,37.50632,-82.53323,N,NULL,NULL,NULL,NULL,NULL,NULL,NULL,NULL,9,3,4,6,1,1,2,2,7,3,N,NULL,Y,N,948,954,954,N,NULL,38,,1,N,,N,N,,NULL,NULL,2021,O,7.27E+11,098-US-0023  -000,MEDIUM,098-US-0023  -000,26.478,0,0,0,0,0,0,0,0,0,0,0,0,0,1,Non-DAC,0,1,,
72332933,980100,2.02E+11,20190329,1358,,SEN KELSEY E FRIEND,,BLVD,KY3218,KY3218,0,098 KY-3218,KY3218,N,N,NULL,NULL,NULL,N,NULL,NULL,NULL,NULL,NULL,NULL,2.403,NULL,NULL,NULL,NULL,,NULL,0,0,2,2,N,N,55,NULL,98,9801,NULL,,Y,37.55476,-82.56799,N,NULL,NULL,NULL,NULL,NULL,NULL,NULL,NULL,5,3,2,4,1,1,3,2,7,3,N,NULL,Y,N,1358,1405,1507,Y,NULL,49,8,0,N,,N,N,098-KY-3218-0,NULL,NULL,2019,O,7.23E+11,098-KY-3218  -000,HIGH,098-KY-3218  -000,2.403,0,0,0,0,0,0,1,0,0,1,0,1,0,1,Non-DAC,0,1,,
72431470,980100,2.02E+11,20191104,1746,,KY1426,,,KY1426,KY1426,,,,N,N,NULL,NULL,NULL,N,NULL,NULL,NULL,NULL,NULL,NULL,7.336,NULL,NULL,NULL,NULL,,NULL,1,0,1,1,N,N,35,NULL,98,9801,NULL,,Y,37.48992,-82.50323,N,NULL,NULL,NULL,NULL,NULL,NULL,NULL,NULL,9,3,2,6,1,1,2,3,7,3,N,NULL,Y,Y,1746,1752,,N,NULL,38,,0,N,,N,N,,NULL,NULL,2019,C,7.24E+11,098-KY-1426  -000,HIGH,098-KY-1426  -000,7.336,0,0,0,0,0,0,1,0,0,0,0,0,0,1,Non-DAC,0,1,,
72414152,980100,2.02E+11,20190923,804,,HAMBLEY,,BLVD,,,0,098 CS-1222,CS1222,N,N,NULL,NULL,NULL,N,NULL,NULL,NULL,NULL,NULL,NULL,0.1,NULL,NULL,NULL,NULL,,NULL,1,0,2,2,N,N,35,NULL,98,9801,NULL,,Y,37.47442,-82.52554,N,NULL,NULL,NULL,NULL,NULL,NULL,NULL,NULL,5,6,2,6,1,1,2,2,1,3,Y,NULL,Y,Y,804,806,834,N,NULL,47,,,N,,N,N,098-CS-1222-0,NULL,NULL,2019,C,7.24E+11,098-CS-1222  -000,HIGH,098-CS-1222  -000,0.1,0,0,0,0,0,0,0,0,0,0,0,0,0,1,DAC,0,1,,
72390316,KSP0900,19-29209,20190731,1604,,US23,,,US0023,US0023,0,098 US-23,US0023,N,N,NULL,NULL,NULL,N,NULL,NULL,NULL,NULL,NULL,NULL,31.893,NULL,NULL,NULL,NULL,,NULL,1,0,2,2,N,N,55,NULL,98,9801,NULL,,Y,37.53755,-82.60686,N,NULL,NULL,NULL,NULL,NULL,NULL,NULL,NULL,8,3,4,6,1,1,2,2,7,3,N,NULL,Y,Y,1604,1639,,N,NULL,53,,1,N,,N,N,098-US-0023-0,NULL,NULL,2019,C,7.24E+11,098-US-0023  -000,HIGH,098-US-0023  -000,31.893,0,0,0,1,0,0,1,0,0,0,0,1,0,1,Non-DAC,1,0,195-0612,1
72344032,980100,2.02E+11,20190423,1842,,KILGORE,,LN,,,0,098 CS-1105,CS1105,N,Y,HAMBLEY,,BLVD,N,NULL,NULL,NULL,NULL,NULL,NULL,,NULL,NULL,NULL,NULL,,NULL,0,0,2,2,Y,N,15,NULL,98,9801,NULL,,Y,37.47625,-82.52258,N,NULL,NULL,NULL,NULL,NULL,NULL,NULL,NULL,2,3,,1,1,1,2,2,1,3,N,NULL,Y,N,1842,1842,,N,NULL,18,,,N,,N,N,098-CS-1105-0,NULL,NULL,2019,O,7.23E+11,098-CS-1105  -000,HIGH,098-CS-1105  -000,0,0,0,0,0,0,0,0,0,0,0,1,0,0,1,DAC,1,0,195-1141,1
72390331,980100,2.02E+11,20190803,1748,,THOMPSON,,RD,,,0,098 CS-1215,CS1215,N,N,NULL,NULL,NULL,N,NULL,NULL,NULL,NULL,NULL,NULL,0.593,NULL,NULL,NULL,NULL,,NULL,0,0,2,2,N,N,35,NULL,98,9801,NULL,,Y,37.50558,-82.54207,N,NULL,NULL,NULL,NULL,NULL,NULL,NULL,NULL,1,3,3,6,1,1,2,2,1,3,N,NULL,Y,N,1750,1754,1820,N,NULL,55,,,Y,,N,N,098-CS-1215-0,NULL,NULL,2019,O,7.24E+11,098-CS-1215  -000,HIGH,098-CS-1215  -000,0.593,0,0,1,0,0,0,1,0,0,0,0,0,0,1,Non-DAC,1,0,195-0847,1
72426894,980100,2.02E+11,20191025,2118,,CASSIDY,,BLVD,,,0,098 CS-1191,CS1191,N,N,NULL,NULL,NULL,N,NULL,NULL,NULL,NULL,NULL,NULL,0.308,NULL,NULL,NULL,NULL,,NULL,0,0,1,1,N,N,35,NULL,98,9801,NULL,,Y,37.50515,-82.53699,N,NULL,NULL,NULL,NULL,NULL,NULL,NULL,NULL,9,4,2,1,1,5,6,7,1,3,N,NULL,Y,N,2118,2120,2120,N,NULL,44,,,N,,N,N,098-CS-1191-0,NULL,NULL,2019,O,7.24E+11,098-CS-1191  -000,HIGH,098-CS-1191  -000,0.308,0,0,1,0,0,0,0,0,0,0,0,1,0,1,Non-DAC,0,1,,
72450333,980100,2.02E+11,20191211,1515,,US23,,,US0023,US0023,,,,N,N,NULL,NULL,NULL,N,NULL,NULL,NULL,NULL,NULL,NULL,25.246,NULL,NULL,NULL,NULL,,NULL,0,0,2,2,N,N,55,NULL,98,9801,NULL,,Y,37.49048,-82.53682,N,NULL,NULL,NULL,NULL,NULL,NULL,NULL,NULL,5,3,4,6,1,1,3,2,7,3,N,NULL,Y,N,1516,1516,1518,N,NULL,49,,1,N,,N,N,,NULL,NULL,2019,O,7.25E+11,098-US-0023  -000,MEDIUM,098-US-0023  -000,25.246,0,0,0,0,0,0,1,0,0,0,0,0,0,1,Non-DAC,0,1,,
72312010,980100,2.02E+11,20190205,1040,,KY1460,,,KY1460,KY1460,0,098 KY-1460,KY1460,N,N,NULL,NULL,NULL,N,NULL,NULL,NULL,NULL,NULL,NULL,7.11,NULL,NULL,NULL,NULL,,NULL,0,0,2,2,N,Y,15,NULL,98,9801,NULL,,Y,37.48596,-82.54236,N,NULL,NULL,NULL,NULL,NULL,NULL,NULL,NULL,8,3,2,2,1,5,3,2,7,3,N,NULL,Y,N,1040,1045,,N,NULL,53,16,0,N,,N,N,098-KY-1460-0,NULL,NULL,2019,O,7.23E+11,098-KY-1460  -000,HIGH,098-KY-1460  -000,7.11,0,0,0,1,0,0,0,1,0,0,0,1,0,1,Non-DAC,1,0,195-0959,1
72436205,980100,2.02E+11,20191113,2134,,US23,,,US0023,US0023,,,,N,N,NULL,NULL,NULL,N,NULL,NULL,NULL,NULL,NULL,NULL,24.754,NULL,NULL,NULL,NULL,,NULL,0,0,2,2,N,N,55,NULL,98,9801,NULL,,Y,37.48519,-82.54253,N,NULL,NULL,NULL,NULL,NULL,NULL,NULL,NULL,8,3,4,6,1,1,2,5,7,3,N,NULL,Y,N,2134,2138,2138,N,NULL,53,,1,N,,N,N,,NULL,NULL,2019,O,7.24E+11,098-US-0023  -000,MEDIUM,098-US-0023  -000,24.754,0,0,0,0,0,0,1,0,0,0,0,1,0,1,Non-DAC,1,0,195-0959,1
72448281,980100,2.02E+11,20191209,1029,,CASSIDY,,BLVD,,,,,,N,N,NULL,NULL,NULL,N,NULL,NULL,NULL,NULL,NULL,NULL,0.293,NULL,NULL,NULL,NULL,,NULL,2,0,2,2,N,N,25,NULL,98,9801,NULL,,Y,37.50525,-82.53673,N,NULL,NULL,NULL,NULL,NULL,NULL,NULL,NULL,1,3,2,3,1,5,6,2,1,3,N,NULL,Y,Y,1029,1031,1034,N,NULL,55,,,N,,N,N,,NULL,NULL,2019,C,7.24E+11,098-CS-1191  -000,HIGH,098-CS-1191  -000,0.293,0,0,0,0,0,0,1,1,0,0,0,0,0,1,Non-DAC,0,1,,
72395366,980100,2.02E+11,20190819,1622,,US23,,,US0023,US0023,0,098 US-23,US0023,N,N,NULL,NULL,NULL,N,NULL,NULL,NULL,NULL,NULL,NULL,30.911,NULL,NULL,NULL,NULL,,NULL,0,0,3,3,N,N,55,NULL,98,9801,NULL,,Y,37.54059,-82.59192,N,NULL,NULL,NULL,NULL,NULL,NULL,NULL,NULL,5,3,4,3,1,1,2,2,7,3,N,NULL,Y,N,1622,1635,,N,NULL,49,,1,N,,N,N,098-US-0023-0,NULL,NULL,2019,O,7.24E+11,098-US-0023  -000,HIGH,098-US-0023  -000,30.911,0,1,1,1,0,0,0,0,0,0,0,1,0,1,Non-DAC,0,1,,
72429833,980100,2.02E+11,20191028,1015,,US23,,,US0023,US0023,0,098 US-23,US0023,N,N,NULL,NULL,NULL,N,NULL,NULL,NULL,NULL,NULL,NULL,24.719,NULL,NULL,NULL,NULL,,NULL,1,0,2,2,N,N,55,NULL,98,9801,NULL,,Y,37.48475,-82.54286,N,NULL,NULL,NULL,NULL,NULL,NULL,NULL,NULL,5,3,4,6,1,1,2,2,1,3,N,NULL,Y,Y,1132,1136,1208,N,NULL,49,,1,N,,Y,N,098-US-0023-0,NULL,NULL,2019,B,7.24E+11,098-US-0023  -000,HIGH,098-US-0023  -000,24.719,0,0,0,0,0,0,1,0,0,0,0,0,0,1,Non-DAC,0,1,,
72399456,980100,2.02E+11,20190822,1010,,LYKINS,,CRK,,,,,,N,N,NULL,NULL,NULL,N,NULL,NULL,NULL,NULL,NULL,NULL,0.279,NULL,NULL,NULL,NULL,,NULL,0,0,2,2,N,N,35,NULL,98,9801,NULL,,Y,37.50432,-82.54874,N,NULL,NULL,NULL,NULL,NULL,NULL,NULL,NULL,3,3,1,3,1,1,2,2,6,3,N,NULL,Y,N,1010,1020,,N,NULL,52,,,N,,N,N,,NULL,NULL,2019,O,7.24E+11,098-CS-1249  -000,HIGH,098-CS-1249  -000,0.279,0,0,1,0,0,0,1,0,0,0,0,1,0,1,Non-DAC,0,1,,
72323016,980100,2.02E+11,20190303,2033,,CASSIDY,,BLVD,,,,,,N,N,NULL,NULL,NULL,N,NULL,NULL,NULL,NULL,NULL,NULL,0.162,NULL,NULL,NULL,NULL,,NULL,0,0,2,2,N,N,35,NULL,98,9801,NULL,,Y,37.5037,-82.53468,N,NULL,NULL,NULL,NULL,NULL,NULL,NULL,NULL,4,3,4,3,1,5,9,5,1,3,N,NULL,Y,N,2034,2037,,N,NULL,70,,,N,,N,N,,NULL,NULL,2019,O,7.23E+11,098-CS-1191  -000,MEDIUM,098-CS-1191  -000,0.162,0,0,0,0,0,0,1,1,0,0,0,0,0,1,Non-DAC,0,1,,
72331918,980100,2.02E+11,20190322,1330,,HAMBLEY,,BLVD,,,0,098 CS-1222,CS1222,N,N,NULL,NULL,NULL,N,NULL,NULL,NULL,NULL,NULL,NULL,0.236,NULL,NULL,NULL,NULL,,NULL,0,0,2,2,N,N,25,NULL,98,9801,NULL,,Y,37.47556,-82.52341,N,NULL,NULL,NULL,NULL,NULL,NULL,NULL,NULL,1,3,2,6,1,1,2,2,1,3,N,NULL,Y,N,1330,1333,,N,NULL,55,,,N,,N,N,098-CS-1222-0,NULL,NULL,2019,O,7.23E+11,098-CS-1222  -000,HIGH,098-CS-1222  -000,0.236,0,0,0,0,0,0,1,0,0,0,0,0,0,1,DAC,1,0,195-1150,1
72388614,980100,2.02E+11,20190731,1550,,US23,,,US0023,US0023,,,,N,Y,CEDAR HILLS,,RD,N,NULL,NULL,NULL,NULL,NULL,NULL,22.941,NULL,NULL,NULL,NULL,,NULL,0,0,2,2,N,N,55,NULL,98,9801,NULL,,Y,37.46536,-82.52597,N,NULL,NULL,NULL,NULL,NULL,NULL,NULL,NULL,5,3,4,6,1,5,3,2,7,3,N,NULL,Y,N,1550,1557,1653,N,NULL,35,,1,N,,N,N,,NULL,NULL,2019,O,7.24E+11,098-US-0023  -010,MEDIUM,098-US-0023  -000,22.941,0,0,0,0,0,0,1,1,0,0,1,0,0,1,DAC,0,1,,