MasterFile,AgencyORINumber,LocalCode,CollisionDate,CollisionTime,CollisionDayWeekCode,RoadwayName,RoadwayName_Direction_,RoadwayName_RoadwaySuffix_,RoadwayfromReport,CurrentRoadwayNumber,RoadwayNumberCoupletID,RSEUniqueGIS,RoadwayIdentifier,ParkingLotIndicator,IntersectionWith_Indicator_,IntersectionWith_NameRoadway_,IntersectionWith_Direction_,IntersectionWith_RoadwaySuffix_,BetweenStreets_Indicator_,BetweenStreets1_NameRoadway_,BetweenStreet1_Direction_,BetweenStreets1_RoadwaySuffix_,BetweenStreets2_NameRoadway_,BetweenStreets2_Direction_,BetweenStreets2_RoadwaySuffix_,Milepoint,ReportMilepointDeriveNumber,CurrentDerivedMiepointNumber,MilestoMilepoint,FeettoMilepoint,DirectionfromMilepoint_NSEW_,ValidMilepointIndicator,NumberInjured,NumberKilled,ofUnits,ofMotorVehicleUnits,Hit&RunIndicator,OneWayIndicator,SpeedLimitNumber,KilometersIndicator,CountyCode,CityCountyCode,MilesFromCity,DirectionFromCity_NSEW_,InCityLimitsIndicator,Latitude,Longitude,RampIndicator,RampFromIdentifier,RampFromDirCode,RampFromCoupletID,RSEUniqueGISRampFrom,RampToidentifier,RampToDirCode,RampToCoupletID,RSEUniqueGisRampTo,MannerofCollisionCode,LocationFirstEventCode,TotalLanes,RoadwayCharacterCode,RoadwaySurfaceCode,RoadwayConditionCode,WeatherCode,LightConditionCode,LandUseCode,SchoolBusRelatedCode,FirstAidSceneIndicator,CollDescPresentInd,InvestigationCompleteIndicator,PhotosTakenIndicator,TimeNotified,TimeArrived,TimeRoadwayOpened,PropertyDamageIndicator,DiagramPresentIndicator,DirectionalAnalysis,FunctionClassCode,NationalHwySysCode,EnforcementsIndicator,KARSCityCode,SecondaryCollisionIndicator,MedianCrossoverIndicator,RT_UNIQUE,MapIt,TimeLastLeft,YR,KABCO,MFNY,WorkingRID,RT_CONFIDENCE,KTC_RT,KTC_MP,Motorcyclist,Commercial Vehicle,Young Driver,Mature Driver,Pedestrian,Bicyclist,Distracted,Aggressive,Impaired,Unrestrained,Intersection,Roadway Departure,Median Cross-over,CityCrash,DACid,Intersection Crash,Segment Crash,Int_ID,CityIntersection
72329900,980100,2.02E+11,20190315,1615,,CHLOE,,RD,KY1460,KY1460,0,098 KY-1460,KY1460,N,N,NULL,NULL,NULL,N,NULL,NULL,NULL,NULL,NULL,NULL,4.111,NULL,NULL,NULL,NULL,,NULL,0,0,1,1,N,N,35,NULL,98,9801,NULL,,Y,37.47625,-82.49866,N,NULL,NULL,NULL,NULL,NULL,NULL,NULL,NULL,9,3,2,3,1,1,2,2,6,3,N,NULL,Y,N,1615,1622,1635,N,NULL,70,,0,N,,N,N,098-KY-1460-0,NULL,NULL,2019,O,7.23E+11,098-KY-1460  -000,HIGH,098-KY-1460  -000,4.111,0,0,1,0,0,0,0,0,0,0,0,1,0,1,Non-DAC,0,1,,
72332680,980100,2.02E+11,20190327,1754,,OAK,,LN,,,,,,N,N,NULL,NULL,NULL,N,NULL,NULL,NULL,NULL,NULL,NULL,0.017,NULL,NULL,NULL,NULL,,NULL,0,0,2,2,N,N,15,NULL,98,9801,NULL,,Y,37.48354,-82.54051,N,NULL,NULL,NULL,NULL,NULL,NULL,NULL,NULL,2,3,2,6,1,1,2,2,6,3,N,NULL,N,N,1757,1801,1801,N,NULL,47,,,N,,N,N,,NULL,NULL,2019,O,7.23E+11,098-CS-1096  -000,HIGH,098-CS-1096  -000,0.017,0,0,0,1,0,0,1,0,0,0,0,0,0,1,Non-DAC,1,0,195-1016,1
72347893,980100,2.02E+11,20190503,1210,,US23,,,US0023,US0023,0,098 US-23,US0023,N,N,NULL,NULL,NULL,N,NULL,NULL,NULL,NULL,NULL,NULL,26.217,NULL,NULL,NULL,NULL,,NULL,0,0,2,2,N,N,55,NULL,98,9801,NULL,,Y,37.50272,-82.53203,N,NULL,NULL,NULL,NULL,NULL,NULL,NULL,NULL,5,3,4,6,1,1,3,2,1,3,N,NULL,Y,N,1210,1210,1212,N,NULL,49,,1,N,,N,N,098-US-0023-0,NULL,NULL,2019,O,7.23E+11,098-US-0023  -000,HIGH,098-US-0023  -000,26.217,0,0,1,0,0,0,1,0,0,1,0,0,0,1,Non-DAC,1,0,195-0861,1
72319302,980100,2.02E+11,20190222,1906,,MAIN,,ST,,,0,098 CS-1112,CS1112,N,N,NULL,NULL,NULL,N,NULL,NULL,NULL,NULL,NULL,NULL,0.055,NULL,NULL,NULL,NULL,,NULL,0,0,2,2,N,Y,15,NULL,98,9801,NULL,,Y,37.47844,-82.51814,N,NULL,NULL,NULL,NULL,NULL,NULL,NULL,NULL,1,3,1,6,1,5,6,5,7,3,N,NULL,Y,N,1906,1922,1930,N,NULL,55,,,N,,N,N,098-CS-1112-0,NULL,NULL,2019,O,7.23E+11,098-CS-1112  -000,HIGH,098-CS-1112  -000,0.055,0,0,0,0,0,0,0,1,0,0,0,0,0,1,DAC,1,0,195-1102,1
72421183,980100,2.02E+11,20191015,2008,,OWSLEY,,RD,KY1384,KY1384,,,,N,N,NULL,NULL,NULL,N,NULL,NULL,NULL,NULL,NULL,NULL,7.173,NULL,NULL,NULL,NULL,,NULL,0,0,1,1,N,N,45,NULL,98,9801,NULL,,Y,37.48042,-82.53656,N,NULL,NULL,NULL,NULL,NULL,NULL,NULL,NULL,9,3,2,6,1,1,2,6,7,3,N,NULL,Y,N,2008,2014,2014,N,NULL,38,16,0,N,,N,N,,NULL,NULL,2019,O,7.24E+11,098-KY-1384  -000,HIGH,098-KY-1384  -000,7.173,0,0,0,0,0,0,0,0,0,0,0,0,0,1,DAC,0,1,,
72450332,980100,2.02E+11,20191210,1608,,US23,,,US0023,US0023,,,,N,Y,US119,,,N,NULL,NULL,NULL,NULL,NULL,NULL,26.283,NULL,NULL,NULL,NULL,,NULL,0,0,2,2,N,N,55,NULL,98,9801,NULL,,Y,37.50365,-82.53214,N,NULL,NULL,NULL,NULL,NULL,NULL,NULL,NULL,4,3,4,6,1,5,9,5,7,3,N,NULL,Y,N,1608,1611,1611,N,NULL,16,,1,N,,N,N,,NULL,NULL,2019,O,7.25E+11,098-US-0023  -000,MEDIUM,098-US-0023  -000,26.283,0,0,0,0,0,0,1,0,0,0,1,0,0,1,Non-DAC,0,1,,
72445268,980100,2.02E+11,20191202,2201,,US23,,,US0023,US0023,0,098 US-23,US0023,N,N,NULL,NULL,NULL,N,NULL,NULL,NULL,NULL,NULL,NULL,19.084,NULL,NULL,NULL,NULL,,NULL,1,0,1,1,N,N,55,NULL,98,9801,NULL,,Y,37.44176,-82.50629,N,NULL,NULL,NULL,NULL,NULL,NULL,NULL,NULL,9,3,2,3,1,5,8,5,1,3,N,NULL,Y,N,2204,2205,2243,N,NULL,70,,1,Y,,N,N,098-US-0023-0,NULL,NULL,2019,B,7.24E+11,098-US-0023  -000,HIGH,098-US-0023  -000,19.084,0,0,0,0,0,0,0,0,0,0,0,1,0,1,Non-DAC,0,1,,
72403810,980100,2.02E+11,20190901,2314,,HAMBLEY,,BLVD,KY1384,KY1384,0,098 KY-1384,KY1384,N,N,NULL,NULL,NULL,N,NULL,NULL,NULL,NULL,NULL,NULL,,NULL,NULL,NULL,NULL,NULL,NULL,5,0,1,1,N,N,45,NULL,98,9801,NULL,,Y,37.47915,-82.54328,N,NULL,NULL,NULL,NULL,NULL,NULL,NULL,NULL,9,3,4,6,1,1,2,5,6,3,Y,NULL,Y,Y,2315,2318,16,N,NULL,70,,0,N,,N,N,098-KY-1384-0,NULL,NULL,2019,A,7.24E+11,098-KY-1384  -000,HIGH,098-KY-1384  -000,6.781,0,0,1,0,0,0,1,1,0,1,0,1,0,1,DAC,1,0,195-1101,1
72432661,980000,19-11-001,20191104,800,,US119,,,US0119,US0119,0,098 US-119-10,US0119,N,N,NULL,NULL,NULL,N,NULL,NULL,NULL,NULL,NULL,NULL,1.976,NULL,NULL,NULL,NULL,,NULL,0,0,2,2,N,N,55,NULL,98,9801,3,N,N,37.51247,-82.49979,N,NULL,NULL,NULL,NULL,NULL,NULL,NULL,NULL,5,3,2,1,1,1,2,2,8,3,N,NULL,Y,N,804,812,804,N,NULL,49,2,1,N,,N,N,098-US-0119-10,NULL,NULL,2019,O,7.24E+11,098-US-0119  -010,HIGH,098-US-0119  -000,1.976,0,0,0,0,0,0,1,0,0,0,0,0,0,1,Non-DAC,0,1,,
72383571,980100,2.02E+11,20190722,2134,,US23,,,US0023,US0023,0,098 US-23,US0023,N,N,NULL,NULL,NULL,N,NULL,NULL,NULL,NULL,NULL,NULL,23.021,NULL,NULL,NULL,NULL,,NULL,0,0,1,1,N,N,55,NULL,98,9801,NULL,,Y,37.46567,-82.52738,N,NULL,NULL,NULL,NULL,NULL,NULL,NULL,NULL,9,3,4,6,1,5,6,6,7,3,N,NULL,Y,N,2134,2150,2206,N,NULL,38,,1,N,,N,N,098-US-0023-0,NULL,NULL,2019,O,7.24E+11,098-US-0023  -000,HIGH,098-US-0023  -000,23.021,0,0,0,0,0,0,0,0,0,0,0,0,0,1,DAC,0,1,,
72358305,KSP0900,19-19346,20190527,851,,US119,,,US0119,US0119,0,098 US-119,US0119,N,N,NULL,NULL,NULL,N,NULL,NULL,NULL,NULL,NULL,NULL,0.416,NULL,NULL,NULL,NULL,,NULL,0,0,1,1,N,N,55,NULL,98,9801,NULL,,Y,37.50605,-82.52518,N,NULL,NULL,NULL,NULL,NULL,NULL,NULL,NULL,9,3,2,6,1,1,3,2,3,3,N,NULL,N,N,851,913,913,N,NULL,38,2,1,N,,N,N,098-US-0119-0,NULL,NULL,2019,O,7.24E+11,098-US-0119  -000,HIGH,098-US-0119  -000,0.416,0,0,0,0,0,0,0,0,0,0,0,0,0,1,Non-DAC,0,1,,
72384941,980100,2.02E+11,20190725,1340,,US23,,,US0023,US0023,0,098 US-23,US0023,N,N,NULL,NULL,NULL,N,NULL,NULL,NULL,NULL,NULL,NULL,27.337,NULL,NULL,NULL,NULL,,NULL,0,0,2,2,N,N,55,NULL,98,9801,NULL,,Y,37.51077,-82.54797,N,NULL,NULL,NULL,NULL,NULL,NULL,NULL,NULL,5,3,4,6,1,1,2,2,7,3,N,NULL,Y,N,1340,1340,1340,N,NULL,49,,1,N,,N,N,098-US-0023-0,NULL,NULL,2019,O,7.24E+11,098-US-0023  -000,HIGH,098-US-0023  -000,27.337,0,0,0,1,0,0,1,1,0,0,0,0,0,1,Non-DAC,1,0,195-0812,1
72420703,980100,2.02E+11,20191014,2229,,US23,,,US0023,US0023,,,,N,N,NULL,NULL,NULL,N,NULL,NULL,NULL,NULL,NULL,NULL,26.34,NULL,NULL,NULL,NULL,,NULL,0,0,1,1,N,N,55,NULL,98,9801,NULL,,Y,37.50445,-82.53246,N,NULL,NULL,NULL,NULL,NULL,NULL,NULL,NULL,9,3,4,6,1,1,2,5,1,3,N,NULL,Y,N,2229,2232,2232,N,NULL,38,,1,N,,N,N,,NULL,NULL,2019,O,7.24E+11,098-US-0023  -010,MEDIUM,098-US-0023  -000,26.34,0,0,0,0,0,0,0,0,0,0,0,0,0,1,Non-DAC,0,1,,
72319389,980100,2.02E+11,20190219,816,,KY3218,,,KY3218,KY3218,0,098 KY-3218,KY3218,N,N,NULL,NULL,NULL,N,NULL,NULL,NULL,NULL,NULL,NULL,1.887,NULL,NULL,NULL,NULL,,NULL,0,0,2,2,Y,N,55,NULL,98,9801,NULL,,Y,37.55232,-82.57624,N,NULL,NULL,NULL,NULL,NULL,NULL,NULL,NULL,7,3,2,2,1,1,2,2,7,3,N,NULL,Y,N,816,829,829,N,NULL,54,8,0,N,,N,N,098-KY-3218-0,NULL,NULL,2019,O,7.23E+11,098-KY-3218  -000,HIGH,098-KY-3218  -000,1.887,0,0,1,0,0,0,1,0,0,0,0,1,0,1,Non-DAC,0,1,,
72446818,980100,2.02E+11,20191123,1623,,US23,,,US0023,US0023,0,098 US-23,US0023,N,Y,KY3496,,,N,NULL,NULL,NULL,NULL,NULL,NULL,23.062,NULL,NULL,NULL,NULL,,NULL,0,0,1,1,N,N,55,NULL,98,9801,NULL,,Y,37.46593,-82.52809,N,NULL,NULL,NULL,NULL,NULL,NULL,NULL,NULL,9,3,4,6,1,5,6,2,1,3,N,NULL,Y,Y,1623,1626,1709,N,NULL,5,,1,N,,N,N,098-US-0023-0,NULL,NULL,2019,O,7.24E+11,098-US-0023  -000,HIGH,098-US-0023  -000,23.062,1,0,0,0,0,0,0,0,0,0,1,0,0,1,DAC,0,1,,
72340834,980500,2019AR028,20190418,843,,US23,,,US0023,US0023,0,098 US-23-10,US0023,N,N,NULL,NULL,NULL,N,NULL,NULL,NULL,NULL,NULL,NULL,27.375,NULL,NULL,NULL,NULL,,NULL,0,0,2,2,N,N,55,NULL,98,9807,NULL,,Y,37.51085,-82.54895,N,NULL,NULL,NULL,NULL,NULL,NULL,NULL,NULL,5,3,6,6,1,1,2,2,1,3,N,NULL,Y,Y,843,845,904,N,NULL,70,,1,N,,N,N,098-US-0023-10,NULL,NULL,2019,O,7.23E+11,098-US-0023  -010,HIGH,098-US-0023  -000,27.375,0,0,0,0,0,0,1,0,0,0,0,0,0,1,Non-DAC,1,0,195-0811,1
72337972,980100,2.02E+11,20190404,1347,,US460,,,US0460,US0460,0,098 US-460,US0460,N,N,NULL,NULL,NULL,N,NULL,NULL,NULL,NULL,NULL,NULL,0.152,NULL,NULL,NULL,NULL,,NULL,0,0,2,2,N,N,55,NULL,98,9801,NULL,,Y,37.43987,-82.5084,N,NULL,NULL,NULL,NULL,NULL,NULL,NULL,NULL,2,97,2,6,1,1,2,2,1,3,N,NULL,Y,N,1357,1359,,N,NULL,56,,1,N,,N,N,098-US-0460-0,NULL,NULL,2019,O,7.23E+11,098-US-0460  -000,HIGH,098-US-0460  -000,0.152,0,0,0,1,0,0,1,0,0,0,0,0,0,1,Non-DAC,0,1,,
72339192,980100,2.02E+11,20190407,1613,,US23,,,US0023,US0023,,,,N,N,NULL,NULL,NULL,N,NULL,NULL,NULL,NULL,NULL,NULL,25.576,NULL,NULL,NULL,NULL,,NULL,3,0,2,2,N,N,55,NULL,98,9801,NULL,,Y,37.49397,-82.5327,N,NULL,NULL,NULL,NULL,NULL,NULL,NULL,NULL,5,3,4,6,1,5,6,2,7,3,Y,NULL,Y,N,1614,1617,,N,NULL,49,,1,Y,,N,N,,NULL,NULL,2019,C,7.23E+11,098-US-0023  -000,MEDIUM,098-US-0023  -000,25.576,0,0,0,0,0,0,1,1,0,0,0,0,0,1,Non-DAC,0,1,,
72411474,980100,2.02E+11,20190924,1353,,US23,,,US0023,US0023,,,,N,N,NULL,NULL,NULL,N,NULL,NULL,NULL,NULL,NULL,NULL,21.876,NULL,NULL,NULL,NULL,,NULL,2,0,2,2,N,N,55,NULL,98,9801,NULL,,Y,37.45601,-82.51929,N,NULL,NULL,NULL,NULL,NULL,NULL,NULL,NULL,1,3,4,6,1,1,2,2,7,3,N,NULL,Y,Y,1353,1359,1416,N,NULL,55,,1,N,,N,N,,NULL,NULL,2019,C,7.24E+11,098-US-0023  -000,MEDIUM,098-US-0023  -000,21.876,0,0,0,1,0,0,1,1,0,0,0,0,0,1,Non-DAC,0,1,,
72321902,980100,2.02E+11,20190226,720,,CHLOE,,RD,KY1460,KY1460,0,098 KY-1460,KY1460,N,N,NULL,NULL,NULL,N,NULL,NULL,NULL,NULL,NULL,NULL,3.845,NULL,NULL,NULL,NULL,,NULL,1,0,1,1,N,N,35,NULL,98,9801,NULL,,Y,37.47722,-82.49406,N,NULL,NULL,NULL,NULL,NULL,NULL,NULL,NULL,9,5,2,1,1,2,2,2,7,3,Y,NULL,Y,Y,720,720,840,N,NULL,44,,0,N,,N,N,098-KY-1460-0,NULL,NULL,2019,B,7.23E+11,098-KY-1460  -000,HIGH,098-KY-1460  -000,3.845,0,0,0,0,0,0,0,0,0,0,0,1,0,1,Non-DAC,1,0,195-1113,1
72334932,980100,2.02E+11,20190403,1840,,CASSIDY,,BLVD,,,,,,N,N,NULL,NULL,NULL,N,NULL,NULL,NULL,NULL,NULL,NULL,0.158,NULL,NULL,NULL,NULL,,NULL,0,0,2,2,N,N,35,NULL,98,9801,NULL,,Y,37.5037,-82.53463,N,NULL,NULL,NULL,NULL,NULL,NULL,NULL,NULL,1,3,2,3,1,1,2,2,7,3,N,NULL,Y,N,1840,1853,1931,N,NULL,55,,,N,,N,N,,NULL,NULL,2019,O,7.23E+11,098-CS-1191  -000,MEDIUM,098-CS-1191  -000,0.158,0,0,0,1,0,0,1,0,0,0,0,0,0,1,Non-DAC,0,1,,
72310423,980100,2.02E+11,20190124,1847,,WILLIAMS HOLLOW,,RD,,,0,098 CS-1085,CS1085,N,N,NULL,NULL,NULL,N,NULL,NULL,NULL,NULL,NULL,NULL,0.732,NULL,NULL,NULL,NULL,,NULL,0,0,1,1,N,N,45,NULL,98,9801,NULL,,Y,37.49498,-82.48318,N,NULL,NULL,NULL,NULL,NULL,NULL,NULL,NULL,9,3,2,1,1,5,6,6,7,3,N,NULL,N,N,1848,1850,1904,N,NULL,40,,,N,,N,N,098-CS-1085-0,NULL,NULL,2019,O,7.23E+11,098-CS-1085  -000,HIGH,098-CS-1085  -000,0.732,0,0,0,0,0,0,0,0,0,0,0,1,0,1,Non-DAC,0,1,,
72361416,980500,2019AR039,20190530,1424,,US23,,,US0023,US0023,0,098 US-23,US0023,N,Y,COWPEN,,RD,N,NULL,NULL,NULL,NULL,NULL,NULL,29.466,NULL,NULL,NULL,NULL,,NULL,2,0,2,2,N,N,45,NULL,98,9807,NULL,,Y,37.52983,-82.57586,N,NULL,NULL,NULL,NULL,NULL,NULL,NULL,NULL,1,3,6,6,1,1,2,2,1,3,Y,NULL,Y,Y,1424,1425,1518,N,NULL,8,,1,N,,N,N,098-US-0023-0,NULL,NULL,2019,B,7.24E+11,098-US-0023  -000,HIGH,098-US-0023  -000,29.466,0,0,0,0,0,0,0,1,0,0,1,0,0,1,Non-DAC,1,0,195-0676,0
72316770,980100,2.02E+11,20190214,1504,,HAMBLEY,,BLVD,,,0,098 CS-1222,CS1222,N,N,NULL,NULL,NULL,N,NULL,NULL,NULL,NULL,NULL,NULL,0.288,NULL,NULL,NULL,NULL,,NULL,0,0,2,2,N,N,25,NULL,98,9801,NULL,,Y,37.47602,-82.5228,N,NULL,NULL,NULL,NULL,NULL,NULL,NULL,NULL,8,3,2,6,1,1,2,2,1,3,N,NULL,Y,N,1504,1505,,N,NULL,53,,,N,,N,N,098-CS-1222-0,NULL,NULL,2019,O,7.23E+11,098-CS-1222  -000,HIGH,098-CS-1222  -000,0.288,0,0,0,0,0,0,1,0,0,0,0,1,0,1,DAC,1,0,195-1141,1
72419917,980100,2.02E+11,20191010,1649,,US23,,,US0023,US0023,0,098 US-23-10,US0023,N,Y,KY3496,,,N,NULL,NULL,NULL,NULL,NULL,NULL,23.055,NULL,NULL,NULL,NULL,,NULL,5,0,2,2,N,N,55,NULL,98,9801,NULL,,Y,37.46583,-82.52814,N,NULL,NULL,NULL,NULL,NULL,NULL,NULL,NULL,4,3,4,6,1,1,2,2,1,3,Y,NULL,Y,Y,1650,1655,1736,Y,NULL,16,,1,N,,N,N,098-US-0023-10,NULL,NULL,2019,B,7.24E+11,098-US-0023  -010,HIGH,098-US-0023  -000,23.055,0,0,0,0,0,0,0,1,0,1,1,0,0,1,DAC,0,1,,
72326830,980100,2.02E+11,20190313,1531,,US23,,,,,,,,N,N,NULL,NULL,NULL,N,NULL,NULL,NULL,NULL,NULL,NULL,,NULL,NULL,NULL,NULL,NULL,NULL,1,0,3,3,N,N,55,NULL,98,9801,NULL,,Y,37.46537,-82.52602,N,NULL,NULL,NULL,NULL,NULL,NULL,NULL,NULL,5,3,4,6,1,1,2,2,7,3,Y,NULL,Y,Y,1531,1534,1559,N,NULL,49,,,N,,N,N,,NULL,NULL,2019,B,7.23E+11,098-US-0023  -010,MEDIUM,098-US-0023  -000,22.943,0,0,0,0,0,0,1,0,0,0,0,0,0,1,DAC,0,1,,
72377984,980100,2.02E+11,20190703,1250,,BAIRD,,AVE,KY1426,KY1426,,,,N,N,NULL,NULL,NULL,N,NULL,NULL,NULL,NULL,NULL,NULL,5.419,NULL,NULL,NULL,NULL,,NULL,0,0,2,2,N,N,25,NULL,98,9801,NULL,,Y,37.47293,-82.52701,N,NULL,NULL,NULL,NULL,NULL,NULL,NULL,NULL,1,3,2,6,1,1,2,2,7,3,N,NULL,Y,N,1250,1250,1250,N,NULL,55,,0,N,,N,N,,NULL,NULL,2019,O,7.24E+11,098-KY-1426  -000,HIGH,098-KY-1426  -000,5.419,0,0,0,1,0,0,1,0,0,0,0,0,0,1,DAC,1,0,195-1180,1
72378411,980100,2.02E+11,20190705,2110,,REDALE,,RD,,,,,,N,N,NULL,NULL,NULL,N,NULL,NULL,NULL,NULL,NULL,NULL,0.186,NULL,NULL,NULL,NULL,,NULL,0,0,2,2,N,N,15,NULL,98,9801,NULL,,Y,37.48713,-82.52748,N,NULL,NULL,NULL,NULL,NULL,NULL,NULL,NULL,7,3,1,6,1,1,2,5,6,3,N,NULL,Y,N,2125,2131,0,N,NULL,47,,,Y,,N,N,,NULL,NULL,2019,O,7.24E+11,098-CS-1244  -000,HIGH,098-CS-1244  -000,0.186,0,0,0,0,0,0,0,0,0,0,0,0,0,1,DAC,1,0,195-0943,1
72316677,980100,2.02E+11,20190214,2126,,HAMBLEY,,BLVD,,,0,098 CS-1222,CS1222,N,N,NULL,NULL,NULL,N,NULL,NULL,NULL,NULL,NULL,NULL,0.005,NULL,NULL,NULL,NULL,,NULL,0,0,2,2,N,N,25,NULL,98,9801,NULL,,Y,37.47392,-82.52728,N,NULL,NULL,NULL,NULL,NULL,NULL,NULL,NULL,1,3,2,6,1,1,2,5,7,3,N,NULL,Y,N,2126,2127,2128,N,NULL,55,,,Y,,N,N,098-CS-1222-0,NULL,NULL,2019,O,7.23E+11,098-CS-1222  -000,HIGH,098-CS-1222  -000,0.005,0,0,1,0,0,0,1,0,0,0,0,0,0,1,DAC,1,0,195-1167,1
72451924,980100,2.02E+11,20191216,1431,,CASSIDY,,BLVD,,,0,098 CS-1191,CS1191,N,N,NULL,NULL,NULL,N,NULL,NULL,NULL,NULL,NULL,NULL,0.161,NULL,NULL,NULL,NULL,,NULL,0,0,2,2,N,N,25,NULL,98,9801,NULL,,Y,37.5037,-82.53467,N,NULL,NULL,NULL,NULL,NULL,NULL,NULL,NULL,1,3,5,6,1,5,6,2,1,3,N,NULL,Y,N,1431,1443,,N,NULL,55,,,N,,N,N,098-CS-1191-0,NULL,NULL,2019,O,7.25E+11,098-CS-1191  -000,HIGH,098-CS-1191  -000,0.161,0,0,0,1,0,0,1,1,0,0,0,0,0,1,Non-DAC,0,1,,
72419030,980100,2.02E+11,20191006,1822,,US23,,,US0023,US0023,0,098 US-23-10,US0023,N,N,NULL,NULL,NULL,N,NULL,NULL,NULL,NULL,NULL,NULL,24.172,NULL,NULL,NULL,NULL,,NULL,1,0,1,1,N,N,55,NULL,98,9801,NULL,,Y,37.47736,-82.5406,N,NULL,NULL,NULL,NULL,NULL,NULL,NULL,NULL,9,3,4,6,1,5,6,2,7,3,Y,NULL,Y,Y,1822,1824,1901,N,NULL,70,,1,N,,N,N,098-US-0023-10,NULL,NULL,2019,C,7.24E+11,098-US-0023  -010,HIGH,098-US-0023  -000,24.172,0,0,0,0,0,0,0,0,0,0,0,1,0,1,DAC,0,1,,
72304666,980100,2.02E+11,20190111,1105,,US23,,,US0023,US0023,,,,N,Y,US119,,,N,NULL,NULL,NULL,NULL,NULL,NULL,26.29,NULL,NULL,NULL,NULL,,NULL,2,0,2,2,N,N,55,NULL,98,9801,NULL,,Y,37.50376,-82.53216,N,NULL,NULL,NULL,NULL,NULL,NULL,NULL,NULL,1,3,4,6,1,1,2,2,7,3,Y,NULL,Y,Y,1105,1106,1222,N,NULL,10,,1,Y,,N,N,,NULL,NULL,2019,B,7.23E+11,098-US-0023  -000,MEDIUM,098-US-0023  -000,26.29,0,0,0,1,0,0,1,1,0,1,1,0,0,1,Non-DAC,0,1,,
72395544,980100,2.02E+11,20190819,1814,,CHLOE,,RD,KY1460,KY1460,0,098 KY-1460,KY1460,N,N,NULL,NULL,NULL,N,NULL,NULL,NULL,NULL,NULL,NULL,3.903,NULL,NULL,NULL,NULL,,NULL,0,0,1,1,N,N,35,NULL,98,9801,NULL,,Y,37.47698,-82.49506,N,NULL,NULL,NULL,NULL,NULL,NULL,NULL,NULL,9,6,2,3,1,1,2,2,7,3,N,NULL,Y,N,1814,1818,1847,N,NULL,44,,0,N,,N,N,098-KY-1460-0,NULL,NULL,2019,O,7.24E+11,098-KY-1460  -000,HIGH,098-KY-1460  -000,3.903,0,0,0,0,0,0,1,0,0,0,0,1,0,1,Non-DAC,1,0,195-1119,1
72360584,980100,2.02E+11,20190528,2334,,SUMMIT,,DR,,,,,,N,N,NULL,NULL,NULL,N,NULL,NULL,NULL,NULL,NULL,NULL,0.225,NULL,NULL,NULL,NULL,,NULL,0,0,1,1,N,N,35,NULL,98,9801,NULL,,Y,37.47578,-82.51546,N,NULL,NULL,NULL,NULL,NULL,NULL,NULL,NULL,9,3,2,1,1,1,2,6,6,3,N,NULL,Y,N,2334,2337,36,N,NULL,44,,,N,,N,N,,NULL,NULL,2019,O,7.24E+11,098-CS-1064  -000,MEDIUM,098-CS-1064  -000,0.225,0,0,1,0,0,0,0,0,0,1,0,1,0,1,Non-DAC,0,1,,
72439330,980100,2.02E+11,20191120,1205,,LYKINS CREEK,,RD,,,,,,N,N,NULL,NULL,NULL,N,NULL,NULL,NULL,NULL,NULL,NULL,,NULL,NULL,NULL,NULL,NULL,NULL,0,0,1,1,N,N,35,NULL,98,9801,NULL,,Y,37.5036,-82.55074,N,NULL,NULL,NULL,NULL,NULL,NULL,NULL,NULL,9,3,1,3,1,5,3,2,6,3,N,NULL,Y,N,1205,1211,1218,N,NULL,70,,,N,,N,N,,NULL,NULL,2019,O,7.24E+11,098-CS-1249  -000,MEDIUM,098-CS-1249  -000,0.405,0,0,1,0,0,0,0,1,0,0,0,1,0,1,Non-DAC,1,0,195-0863,1
72361079,980100,2.02E+11,20190520,1403,,CASSIDY,,BLVD,,,,,,N,N,NULL,NULL,NULL,N,NULL,NULL,NULL,NULL,NULL,NULL,0.05,NULL,NULL,NULL,NULL,,NULL,0,0,2,2,N,N,55,NULL,98,9801,NULL,,Y,37.50368,-82.53297,N,NULL,NULL,NULL,NULL,NULL,NULL,NULL,NULL,2,3,1,6,1,1,2,2,7,3,N,NULL,Y,N,1403,1411,1411,N,NULL,56,,,N,,N,N,,NULL,NULL,2019,O,7.24E+11,098-CS-1191  -000,HIGH,098-CS-1191  -000,0.05,0,0,0,1,0,0,1,0,0,0,0,0,0,1,Non-DAC,1,0,195-0861,1
72331275,980100,2.02E+11,20190320,1701,,KY3496,,,KY3496,KY3496,,,,N,N,NULL,NULL,NULL,N,NULL,NULL,NULL,NULL,NULL,NULL,0.765,NULL,NULL,NULL,NULL,,NULL,0,0,2,2,N,N,35,NULL,98,9801,NULL,,Y,37.472,-82.53017,N,NULL,NULL,NULL,NULL,NULL,NULL,NULL,NULL,1,3,2,6,1,1,2,2,1,3,N,NULL,Y,N,1701,1705,,N,NULL,55,16,0,N,,N,N,,NULL,NULL,2019,O,7.23E+11,098-KY-3496  -000,HIGH,098-KY-3496  -000,0.765,0,0,1,1,0,0,1,1,0,0,0,0,0,1,DAC,0,1,,