MasterFile,AgencyORINumber,LocalCode,CollisionDate,CollisionTime,CollisionDayWeekCode,RoadwayName,RoadwayName_Direction_,RoadwayName_RoadwaySuffix_,RoadwayfromReport,CurrentRoadwayNumber,RoadwayNumberCoupletID,RSEUniqueGIS,RoadwayIdentifier,ParkingLotIndicator,IntersectionWith_Indicator_,IntersectionWith_NameRoadway_,IntersectionWith_Direction_,IntersectionWith_RoadwaySuffix_,BetweenStreets_Indicator_,BetweenStreets1_NameRoadway_,BetweenStreet1_Direction_,BetweenStreets1_RoadwaySuffix_,BetweenStreets2_NameRoadway_,BetweenStreets2_Direction_,BetweenStreets2_RoadwaySuffix_,Milepoint,ReportMilepointDeriveNumber,CurrentDerivedMiepointNumber,MilestoMilepoint,FeettoMilepoint,DirectionfromMilepoint_NSEW_,ValidMilepointIndicator,NumberInjured,NumberKilled,ofUnits,ofMotorVehicleUnits,Hit&RunIndicator,OneWayIndicator,SpeedLimitNumber,KilometersIndicator,CountyCode,CityCountyCode,MilesFromCity,DirectionFromCity_NSEW_,InCityLimitsIndicator,Latitude,Longitude,RampIndicator,RampFromIdentifier,RampFromDirCode,RampFromCoupletID,RSEUniqueGISRampFrom,RampToidentifier,RampToDirCode,RampToCoupletID,RSEUniqueGisRampTo,MannerofCollisionCode,LocationFirstEventCode,TotalLanes,RoadwayCharacterCode,RoadwaySurfaceCode,RoadwayConditionCode,WeatherCode,LightConditionCode,LandUseCode,SchoolBusRelatedCode,FirstAidSceneIndicator,CollDescPresentInd,InvestigationCompleteIndicator,PhotosTakenIndicator,TimeNotified,TimeArrived,TimeRoadwayOpened,PropertyDamageIndicator,DiagramPresentIndicator,DirectionalAnalysis,FunctionClassCode,NationalHwySysCode,EnforcementsIndicator,KARSCityCode,SecondaryCollisionIndicator,MedianCrossoverIndicator,RT_UNIQUE,MapIt,TimeLastLeft,YR,KABCO,MFNY,WorkingRID,RT_CONFIDENCE,KTC_RT,KTC_MP,Motorcyclist,Commercial Vehicle,Young Driver,Mature Driver,Pedestrian,Bicyclist,Distracted,Aggressive,Impaired,Unrestrained,Intersection,Roadway Departure,Median Cross-over,CityCrash,DACid,Intersection Crash,Segment Crash,Int_ID,CityIntersection
72322787,980100,2.02E+11,20190301,1516,,US23,,,US0023,US0023,,,,N,N,NULL,NULL,NULL,N,NULL,NULL,NULL,NULL,NULL,NULL,26.212,NULL,NULL,NULL,NULL,,NULL,0,0,2,2,N,N,55,NULL,98,9801,NULL,,Y,37.50265,-82.53201,N,NULL,NULL,NULL,NULL,NULL,NULL,NULL,NULL,5,3,4,6,1,5,6,2,1,3,N,NULL,Y,N,1516,1519,1519,N,NULL,70,,1,N,,N,N,,NULL,NULL,2019,O,7.23E+11,098-US-0023  -000,MEDIUM,098-US-0023  -000,26.212,0,0,0,1,0,0,0,0,0,0,0,0,0,1,Non-DAC,1,0,195-0861,1
72898935,KSP0900,2023-00177663,20230303,1521,,US119,,,US0119,US0119,,,,N,N,NULL,NULL,NULL,N,NULL,NULL,NULL,NULL,NULL,NULL,1.938,NULL,NULL,NULL,NULL,,NULL,0,0,2,2,N,N,15,NULL,98,9801,0.3,N,N,37.51259,-82.50041,N,NULL,NULL,NULL,NULL,NULL,NULL,NULL,NULL,5,3,3,6,1,1,2,2,8,3,N,NULL,Y,N,1521,1526,1526,N,NULL,70,2,1,N,,N,N,,NULL,NULL,2023,O,7.29E+11,098-US-0119  -010,MEDIUM,098-US-0119  -000,1.942,0,0,1,0,0,0,1,0,0,0,0,0,0,1,Non-DAC,0,1,,
72377987,980100,2.02E+11,20190710,1155,,US23,,,US0023,US0023,,,,N,N,NULL,NULL,NULL,N,NULL,NULL,NULL,NULL,NULL,NULL,30.196,NULL,NULL,NULL,NULL,,NULL,0,0,2,2,N,N,55,NULL,98,9801,NULL,,Y,37.53951,-82.5812,N,NULL,NULL,NULL,NULL,NULL,NULL,NULL,NULL,8,3,2,6,1,1,2,2,7,3,N,NULL,Y,N,1155,1206,1206,N,NULL,53,,1,N,,N,N,,NULL,NULL,2019,O,7.24E+11,098-US-0023  -000,MEDIUM,098-US-0023  -000,30.196,0,0,0,0,0,0,1,0,0,0,0,1,0,1,Non-DAC,0,1,,
72428919,980100,2.02E+11,20191030,1600,,KY3496,,,KY3496,KY3496,0,098 KY-3496,KY3496,N,N,NULL,NULL,NULL,N,NULL,NULL,NULL,NULL,NULL,NULL,0.739,NULL,NULL,NULL,NULL,,NULL,0,0,2,2,N,N,35,NULL,98,9801,NULL,,Y,37.47198,-82.53065,N,NULL,NULL,NULL,NULL,NULL,NULL,NULL,NULL,1,3,2,6,1,5,3,2,7,3,N,NULL,Y,N,1600,1606,1606,N,NULL,55,16,0,N,,N,N,098-KY-3496-0,NULL,NULL,2019,O,7.24E+11,098-KY-3496  -000,HIGH,098-KY-3496  -000,0.739,0,0,0,1,0,0,1,0,0,0,0,0,0,1,DAC,1,0,195-1187,1
72412299,980100,2.02E+11,20190926,1508,,BYPASS,S,RD,KY1426,KY1426,0,098 KY-1426,KY1426,N,N,NULL,NULL,NULL,N,NULL,NULL,NULL,NULL,NULL,NULL,6.113,NULL,NULL,NULL,NULL,,NULL,0,0,2,2,N,N,35,NULL,98,9801,NULL,,Y,37.47685,-82.51708,N,NULL,NULL,NULL,NULL,NULL,NULL,NULL,NULL,5,3,2,6,1,1,2,2,7,3,N,NULL,Y,N,1508,1512,,N,NULL,49,,0,N,,N,N,098-KY-1426-0,NULL,NULL,2019,O,7.24E+11,098-KY-1426  -000,HIGH,098-KY-1426  -000,6.113,0,0,0,0,0,0,1,0,0,0,0,0,0,1,DAC,1,0,195-1125,1
72347962,980500,2019AR035,20190501,1819,,MULLINS SCHOOL STREET,,,,,,,,N,N,NULL,NULL,NULL,N,NULL,NULL,NULL,NULL,NULL,NULL,,NULL,NULL,NULL,NULL,NULL,NULL,0,0,1,1,N,N,15,NULL,98,9807,0.1,N,N,37.53828,-82.58092,N,NULL,NULL,NULL,NULL,NULL,NULL,NULL,NULL,9,5,2,3,1,1,2,2,1,3,N,NULL,Y,Y,1819,1819,1859,N,NULL,44,,,N,,N,N,,NULL,NULL,2019,O,7.23E+11,098-CR-1426N -000,MEDIUM,098-CR-1426N -000,0.004,0,0,1,0,0,0,0,0,0,0,0,1,0,1,Non-DAC,1,0,195-0592,1
72317670,980100,2.02E+11,20190219,737,,US23,,,US0023,US0023,0,098 US-23,US0023,N,N,NULL,NULL,NULL,N,NULL,NULL,NULL,NULL,NULL,NULL,24.568,NULL,NULL,NULL,NULL,,NULL,0,0,1,1,N,N,55,NULL,98,9801,NULL,,Y,37.48258,-82.5435,N,NULL,NULL,NULL,NULL,NULL,NULL,NULL,NULL,9,4,4,6,1,1,2,2,1,3,N,NULL,Y,N,737,742,803,N,NULL,51,,1,N,,N,N,098-US-0023-0,NULL,NULL,2019,O,7.23E+11,098-US-0023  -000,HIGH,098-US-0023  -000,24.568,0,0,1,0,0,0,0,0,0,0,0,1,0,1,Non-DAC,0,1,,
72433255,980100,2.02E+11,20191107,2037,,ELM,N,ST,,,0,098 CS-1169,CS1169,N,N,NULL,NULL,NULL,N,NULL,NULL,NULL,NULL,NULL,NULL,0.065,NULL,NULL,NULL,NULL,,NULL,0,0,2,2,N,N,25,NULL,98,9801,NULL,,Y,37.47781,-82.52237,N,NULL,NULL,NULL,NULL,NULL,NULL,NULL,NULL,5,3,2,1,1,5,3,6,7,3,N,NULL,Y,N,2037,2040,2040,N,NULL,49,,,Y,,N,N,098-CS-1169-0,NULL,NULL,2019,O,7.24E+11,098-CS-1169  -000,HIGH,098-CS-1169  -000,0.065,0,0,1,0,0,0,0,0,0,0,0,0,0,1,DAC,0,1,,
72458814,980100,2.02E+11,20200102,2208,,WINSTON,,DR,,,0,098 CS-1039,CS1039,N,N,NULL,NULL,NULL,N,NULL,NULL,NULL,NULL,NULL,NULL,0.008,NULL,NULL,NULL,NULL,,NULL,0,0,1,1,N,N,15,NULL,98,9801,NULL,,Y,37.47839,-82.56114,N,NULL,NULL,NULL,NULL,NULL,NULL,NULL,NULL,9,2,2,6,1,5,6,5,6,3,N,NULL,Y,N,2208,2212,2212,Y,NULL,40,,,N,,N,N,098-CS-1039-0,NULL,NULL,2020,O,7.25E+11,098-CS-1039  -000,HIGH,098-CS-1039  -000,0.008,0,0,0,0,0,0,1,0,0,0,0,1,0,1,Non-DAC,1,0,195-1121,1
72353756,980100,2.02E+11,20190515,1701,,US23,,,US0023,US0023,0,098 US-23-10,US0023,N,N,NULL,NULL,NULL,N,NULL,NULL,NULL,NULL,NULL,NULL,18.783,NULL,NULL,NULL,NULL,,NULL,0,0,2,2,Y,N,55,NULL,98,9801,NULL,,Y,37.43883,-82.50914,N,NULL,NULL,NULL,NULL,NULL,NULL,NULL,NULL,1,3,4,6,1,1,2,2,7,3,N,NULL,Y,N,1701,1716,1717,N,NULL,55,,1,Y,,N,N,098-US-0023-10,NULL,NULL,2019,O,7.24E+11,098-US-0023  -010,HIGH,098-US-0023  -000,18.783,0,0,0,1,0,0,0,0,0,0,0,0,0,1,Non-DAC,1,0,195-1310,1
72360572,980100,2.02E+11,20190530,1825,,2ND,,ST,,,0,098 CS-1117,CS1117,N,N,NULL,NULL,NULL,N,NULL,NULL,NULL,NULL,NULL,NULL,0.269,NULL,NULL,NULL,NULL,,NULL,0,0,2,2,N,N,15,NULL,98,9801,NULL,,Y,37.4802,-82.5182,N,NULL,NULL,NULL,NULL,NULL,NULL,NULL,NULL,8,5,1,6,1,5,6,2,1,3,N,NULL,Y,Y,1826,1830,1830,N,NULL,47,,,N,,N,N,098-CS-1117-0,NULL,NULL,2019,O,7.24E+11,098-CS-1117  -000,HIGH,098-CS-1117  -000,0.269,0,0,0,0,0,0,0,0,0,0,0,0,0,1,DAC,1,0,195-1082,1
72463483,980100,2.02E+11,20200114,1623,,KY3496,,,KY3496,KY3496,,,,N,N,NULL,NULL,NULL,N,NULL,NULL,NULL,NULL,NULL,NULL,0.012,NULL,NULL,NULL,NULL,,NULL,0,0,2,2,N,N,35,NULL,98,9801,NULL,,Y,37.46581,-82.52814,N,NULL,NULL,NULL,NULL,NULL,NULL,NULL,NULL,5,3,3,3,1,5,10,2,1,3,N,NULL,Y,N,1623,1626,1629,N,NULL,49,16,0,N,,N,N,,NULL,NULL,2020,O,7.25E+11,098-KY-3496  -000,MEDIUM,098-KY-3496  -000,0.012,0,0,0,0,0,0,1,0,0,0,0,0,0,1,DAC,1,0,195-1219,1
72363286,980100,2.02E+11,20190605,916,,US23,,,US0023,US0023,0,098 US-23,US0023,N,N,NULL,NULL,NULL,N,NULL,NULL,NULL,NULL,NULL,NULL,26.289,NULL,NULL,NULL,NULL,,NULL,1,0,2,2,N,N,55,NULL,98,9801,NULL,,Y,37.50378,-82.53214,N,NULL,NULL,NULL,NULL,NULL,NULL,NULL,NULL,1,3,4,6,1,5,3,2,1,3,Y,NULL,Y,Y,916,919,942,N,NULL,55,,1,N,,N,N,098-US-0023-0,NULL,NULL,2019,C,7.24E+11,098-US-0023  -000,HIGH,098-US-0023  -000,26.289,0,0,0,0,0,0,1,1,0,0,0,0,0,1,Non-DAC,0,1,,
72307349,980100,2.02E+11,20190123,1707,,BYPASS,N,RD,KY1460,KY1460,0,098 KY-1460,KY1460,N,N,NULL,NULL,NULL,N,NULL,NULL,NULL,NULL,NULL,NULL,6.212,NULL,NULL,NULL,NULL,,NULL,0,0,2,2,N,N,45,NULL,98,9801,NULL,,Y,37.48569,-82.53137,N,NULL,NULL,NULL,NULL,NULL,NULL,NULL,NULL,6,3,2,6,1,1,3,2,6,3,N,NULL,Y,N,1707,1711,1748,N,NULL,70,16,0,N,,N,N,098-KY-1460-0,NULL,NULL,2019,O,7.23E+11,098-KY-1460  -000,HIGH,098-KY-1460  -000,6.212,0,0,1,0,0,0,1,0,0,1,0,1,0,1,DAC,1,0,195-2103,1
72379051,KSP0900,19-26130,20190710,909,,US119,,,US0119,US0119,0,098 US-119-10,US0119,N,N,NULL,NULL,NULL,N,NULL,NULL,NULL,NULL,NULL,NULL,2.323,NULL,NULL,NULL,NULL,,NULL,0,0,2,2,N,N,55,NULL,98,9801,NULL,,Y,37.51347,-82.49371,N,NULL,NULL,NULL,NULL,NULL,NULL,NULL,NULL,5,3,2,5,1,1,2,2,7,3,N,NULL,Y,N,909,922,1012,N,NULL,49,2,1,N,,N,N,098-US-0119-10,NULL,NULL,2019,O,7.24E+11,098-US-0119  -010,HIGH,098-US-0119  -000,2.323,0,0,0,0,0,0,1,0,0,0,0,1,0,1,DAC,0,1,,
72417710,980100,2.02E+11,20191007,2344,,MAYO,S,TRL,KY3496,KY3496,,,,N,N,NULL,NULL,NULL,N,NULL,NULL,NULL,NULL,NULL,NULL,0.772,NULL,NULL,NULL,NULL,,NULL,0,0,2,2,N,N,35,NULL,98,9801,NULL,,Y,37.47207,-82.53004,N,NULL,NULL,NULL,NULL,NULL,NULL,NULL,NULL,1,3,2,6,1,5,6,5,1,3,N,NULL,Y,N,2344,2346,20,N,NULL,55,16,0,N,,N,N,,NULL,NULL,2019,O,7.24E+11,098-KY-3496  -000,HIGH,098-KY-3496  -000,0.772,0,0,1,0,0,0,1,0,0,0,0,1,0,1,DAC,0,1,,
72326691,980100,2.02E+11,20190314,753,,OWSLEY,,RD,KY1384,KY1384,,,,N,N,NULL,NULL,NULL,N,NULL,NULL,NULL,NULL,NULL,NULL,6.68,NULL,NULL,NULL,NULL,,NULL,0,0,1,1,N,N,35,NULL,98,9801,NULL,,Y,37.47843,-82.54486,N,NULL,NULL,NULL,NULL,NULL,NULL,NULL,NULL,9,3,2,3,1,1,2,1,6,3,N,NULL,Y,N,753,758,,N,NULL,38,17,0,N,,N,N,,NULL,NULL,2019,O,7.23E+11,098-KY-1384  -000,HIGH,098-KY-1384  -000,6.68,0,0,0,0,0,0,0,0,0,0,0,0,0,1,Non-DAC,0,1,,
72401510,980100,2.02E+11,20190831,1915,,HIGH,,ST,,,,,,N,N,NULL,NULL,NULL,N,NULL,NULL,NULL,NULL,NULL,NULL,,NULL,NULL,NULL,NULL,NULL,NULL,0,0,2,2,N,Y,15,NULL,98,9801,NULL,,Y,37.47923,-82.52158,N,NULL,NULL,NULL,NULL,NULL,NULL,NULL,NULL,2,3,1,4,1,1,2,2,1,3,N,NULL,Y,N,1915,1920,1920,N,NULL,56,,,N,,N,N,,NULL,NULL,2019,O,7.24E+11,098-CS-1166  -000,HIGH,098-CS-1166  -000,0.012,0,0,1,0,0,0,1,0,0,0,0,0,0,1,DAC,1,0,195-1098,1
72402709,980000,19-08-005,20190825,1100,,ACCESS RD 1,,,,,0,098 CR-1426K,CR1426K,N,N,NULL,NULL,NULL,N,NULL,NULL,NULL,NULL,NULL,NULL,0.211,NULL,NULL,NULL,NULL,,NULL,1,0,1,1,N,N,15,NULL,98,9801,NULL,,Y,37.53828,-82.58084,N,NULL,NULL,NULL,NULL,NULL,NULL,NULL,NULL,9,5,2,6,1,1,2,2,7,3,Y,NULL,Y,Y,1045,1045,1045,N,NULL,51,,,N,,N,N,098-CR-1426K-0,NULL,NULL,2019,C,7.24E+11,098-CR-1426K -000,HIGH,098-CR-1426K -000,0.211,0,0,0,1,0,0,0,0,0,0,0,1,0,1,Non-DAC,1,0,195-0592,1
72424870,980100,2.02E+11,20191023,747,,HAROLDS BRANCH,,RD,,,0,098 CS-1223,CS1223,N,N,NULL,NULL,NULL,N,NULL,NULL,NULL,NULL,NULL,NULL,0.003,NULL,NULL,NULL,NULL,,NULL,0,0,2,2,N,N,15,NULL,98,9801,NULL,,Y,37.47278,-82.52267,N,NULL,NULL,NULL,NULL,NULL,NULL,NULL,NULL,5,3,2,6,1,5,6,2,7,3,N,NULL,Y,N,748,750,,N,NULL,70,,,N,,N,N,098-CS-1223-0,NULL,NULL,2019,O,7.24E+11,098-CS-1223  -000,HIGH,098-CS-1223  -000,0.003,0,0,0,0,0,0,1,0,0,0,0,0,0,1,DAC,0,1,,
72330616,980100,2.02E+11,20190321,1608,,US23,,,US0023,US0023,0,098 US-23,US0023,N,N,NULL,NULL,NULL,N,NULL,NULL,NULL,NULL,NULL,NULL,26.254,NULL,NULL,NULL,NULL,,NULL,0,0,2,2,N,N,55,NULL,98,9801,NULL,,Y,37.50324,-82.53209,N,NULL,NULL,NULL,NULL,NULL,NULL,NULL,NULL,5,3,4,6,1,5,6,2,7,3,N,NULL,Y,N,1608,1609,,N,NULL,70,,1,N,,N,N,098-US-0023-0,NULL,NULL,2019,O,7.23E+11,098-US-0023  -000,HIGH,098-US-0023  -000,26.254,0,0,0,0,0,0,0,1,0,0,0,0,0,1,Non-DAC,1,0,195-0861,1
72406533,980100,2.02E+11,20190912,652,,US23,,,US0023,US0023,0,098 US-23,US0023,N,N,NULL,NULL,NULL,N,NULL,NULL,NULL,NULL,NULL,NULL,27.267,NULL,NULL,NULL,NULL,,NULL,2,0,2,2,N,N,55,NULL,98,9801,NULL,,Y,37.51046,-82.54663,N,NULL,NULL,NULL,NULL,NULL,NULL,NULL,NULL,5,3,4,6,1,1,2,2,1,3,Y,NULL,Y,Y,652,659,739,N,NULL,49,,1,Y,,N,N,098-US-0023-0,NULL,NULL,2019,A,7.24E+11,098-US-0023  -000,HIGH,098-US-0023  -000,27.267,0,0,0,0,0,0,1,0,0,0,0,0,0,1,Non-DAC,0,1,,
72442303,980100,2.02E+11,20191122,745,,US23,,,US0023,US0023,0,098 US-23-10,US0023,N,N,NULL,NULL,NULL,N,NULL,NULL,NULL,NULL,NULL,NULL,26.605,NULL,NULL,NULL,NULL,,NULL,0,0,3,3,N,N,55,NULL,98,9801,NULL,,Y,37.5075,-82.53513,N,NULL,NULL,NULL,NULL,NULL,NULL,NULL,NULL,5,3,4,6,1,5,6,2,1,3,N,NULL,N,N,746,750,840,N,NULL,49,,1,N,,N,N,098-US-0023-10,NULL,NULL,2019,O,7.24E+11,098-US-0023  -010,HIGH,098-US-0023  -000,26.605,0,0,0,1,0,0,1,0,0,0,0,0,0,1,Non-DAC,0,1,,
72366152,980100,2.02E+11,20190603,1624,,US23,,,US0023,US0023,0,098 US-23-10,US0023,N,N,NULL,NULL,NULL,N,NULL,NULL,NULL,NULL,NULL,NULL,26.267,NULL,NULL,NULL,NULL,,NULL,0,0,2,2,N,N,55,NULL,98,9801,NULL,,Y,37.50343,-82.53233,N,NULL,NULL,NULL,NULL,NULL,NULL,NULL,NULL,5,3,4,6,1,1,2,2,1,3,N,NULL,Y,N,1624,1633,,N,NULL,49,,1,N,,N,N,098-US-0023-10,NULL,NULL,2019,O,7.24E+11,098-US-0023  -010,HIGH,098-US-0023  -000,26.267,0,0,0,0,0,0,1,0,0,0,0,0,0,1,Non-DAC,1,0,195-0861,1
72335727,980100,2.02E+11,20190404,1952,,BAIRD,,AVE,KY1426,KY1426,,,,N,N,NULL,NULL,NULL,N,NULL,NULL,NULL,NULL,NULL,NULL,5.378,NULL,NULL,NULL,NULL,,NULL,0,0,2,2,N,N,55,NULL,98,9801,NULL,,Y,37.47388,-82.52715,N,NULL,NULL,NULL,NULL,NULL,NULL,NULL,NULL,6,3,2,6,1,1,2,2,7,3,N,NULL,Y,N,1952,1952,1952,N,NULL,70,,0,N,,N,N,,NULL,NULL,2019,O,7.23E+11,098-KY-1426  -000,MEDIUM,098-KY-1426  -000,5.378,0,0,0,0,0,0,1,0,0,0,0,0,0,1,DAC,1,0,195-1167,1
72405360,980100,2.02E+11,20190903,1853,,RENEE,,DR,,,,,,N,N,NULL,NULL,NULL,N,NULL,NULL,NULL,NULL,NULL,NULL,0.022,NULL,NULL,NULL,NULL,,NULL,0,0,2,2,N,N,15,NULL,98,9801,NULL,,Y,37.47762,-82.5378,N,NULL,NULL,NULL,NULL,NULL,NULL,NULL,NULL,8,97,1,6,2,1,2,2,6,3,N,NULL,Y,N,1853,1904,1904,N,NULL,47,,,N,,N,N,,NULL,NULL,2019,O,7.24E+11,098-CS-1242  -000,HIGH,098-CS-1242  -000,0.022,0,0,1,0,0,0,1,0,0,0,0,0,0,1,DAC,0,1,,
72315866,980100,2.02E+11,20190206,1143,,ZIEGLER,,DR,,,0,098 CR-1408,CR1408,N,N,NULL,NULL,NULL,N,NULL,NULL,NULL,NULL,NULL,NULL,0.002,NULL,NULL,NULL,NULL,,NULL,2,0,3,3,N,N,55,NULL,98,9801,NULL,,Y,37.5374,-82.60506,N,NULL,NULL,NULL,NULL,NULL,NULL,NULL,NULL,5,3,4,6,1,1,2,2,1,3,Y,NULL,Y,Y,1143,1157,,N,NULL,49,,,N,,N,N,098-CR-1408-0,NULL,NULL,2019,C,7.23E+11,098-CR-1408  -000,HIGH,098-CR-1408  -000,0.002,0,0,0,0,0,0,0,0,0,0,0,1,0,1,Non-DAC,1,0,195-0615,1
72300570,980100,2.02E+11,20190108,1854,,CHLOE,,RD,KY1460,KY1460,,,,N,N,NULL,NULL,NULL,N,NULL,NULL,NULL,NULL,NULL,NULL,5.017,NULL,NULL,NULL,NULL,,NULL,0,0,1,1,N,N,35,NULL,98,9801,NULL,,Y,37.47749,-82.51537,N,NULL,NULL,NULL,NULL,NULL,NULL,NULL,NULL,9,3,2,6,1,5,3,4,7,3,N,NULL,Y,N,1854,1854,1907,N,NULL,40,,0,N,,N,N,,NULL,NULL,2019,O,7.23E+11,098-KY-1460  -000,HIGH,098-KY-1460  -000,5.017,0,0,0,0,0,0,0,0,0,0,0,1,0,1,Non-DAC,0,1,,
72327069,980100,2.02E+11,20190314,1927,,NORTH MAYO,,TRL,,,,,,N,N,NULL,NULL,NULL,N,NULL,NULL,NULL,NULL,NULL,NULL,,NULL,NULL,NULL,NULL,NULL,NULL,0,0,2,2,N,N,55,NULL,98,9801,NULL,,Y,37.50318,-82.53209,N,NULL,NULL,NULL,NULL,NULL,NULL,NULL,NULL,5,3,4,6,1,1,3,2,1,3,N,NULL,Y,N,1927,1931,1933,N,NULL,70,,,Y,,N,N,,NULL,NULL,2019,O,7.23E+11,098-US-0023  -000,MEDIUM,098-US-0023  -000,26.25,0,0,0,0,0,0,1,0,0,0,0,0,0,1,Non-DAC,1,0,195-0861,1
72431429,980100,2.02E+11,20191105,500,,US23,,,US0023,US0023,0,098 US-23-10,US0023,N,N,NULL,NULL,NULL,N,NULL,NULL,NULL,NULL,NULL,NULL,30.859,NULL,NULL,NULL,NULL,,NULL,0,0,1,1,N,N,55,NULL,98,9801,NULL,,Y,37.54115,-82.59135,N,NULL,NULL,NULL,NULL,NULL,NULL,NULL,NULL,9,3,4,6,1,1,3,6,7,3,N,NULL,Y,N,500,507,507,N,NULL,70,,1,N,,N,N,098-US-0023-10,NULL,NULL,2019,O,7.24E+11,098-US-0023  -010,HIGH,098-US-0023  -000,30.859,0,1,0,0,0,0,0,0,0,0,0,1,0,1,Non-DAC,0,1,,
72386664,980100,2.02E+11,20190730,103,,HAROLDS BRANCH,,RD,,,0,098 CS-1223,CS1223,N,N,NULL,NULL,NULL,N,NULL,NULL,NULL,NULL,NULL,NULL,0.092,NULL,NULL,NULL,NULL,,NULL,0,0,2,2,N,N,15,NULL,98,9801,NULL,,Y,37.47164,-82.52198,N,NULL,NULL,NULL,NULL,NULL,NULL,NULL,NULL,2,3,2,6,2,1,2,2,1,3,N,NULL,Y,N,1257,1257,1316,N,NULL,56,,,N,,N,N,098-CS-1223-0,NULL,NULL,2019,O,7.24E+11,098-CS-1223  -000,HIGH,098-CS-1223  -000,0.092,0,0,0,1,0,0,1,0,0,0,0,0,0,1,Non-DAC,0,1,,
72327537,980100,2.02E+11,20190312,543,,US23,,,US0023,US0023,0,098 US-23,US0023,N,N,NULL,NULL,NULL,N,NULL,NULL,NULL,NULL,NULL,NULL,26.289,NULL,NULL,NULL,NULL,,NULL,0,0,2,2,N,N,55,NULL,98,9801,NULL,,Y,37.50374,-82.53216,N,NULL,NULL,NULL,NULL,NULL,NULL,NULL,NULL,1,3,4,6,1,1,2,5,7,3,N,NULL,Y,Y,543,547,631,N,NULL,55,,1,N,,N,N,098-US-0023-0,NULL,NULL,2019,O,7.23E+11,098-US-0023  -000,HIGH,098-US-0023  -000,26.289,0,0,0,0,0,0,0,0,0,0,0,0,0,1,Non-DAC,0,1,,
72424372,980100,2.02E+11,20191022,804,,HAMBLEY,,BLVD,,,,,,N,N,NULL,NULL,NULL,N,NULL,NULL,NULL,NULL,NULL,NULL,,NULL,NULL,NULL,NULL,NULL,NULL,0,0,3,3,N,N,35,NULL,98,9801,NULL,,Y,37.47379,-82.52811,N,NULL,NULL,NULL,NULL,NULL,NULL,NULL,NULL,5,3,2,4,1,5,6,2,7,3,N,NULL,Y,N,804,807,,N,NULL,49,,,N,,N,N,,NULL,NULL,2019,O,7.24E+11,098-CS-1222  -000,MEDIUM,098-CS-1222  -000,0,0,0,0,0,0,0,1,1,0,0,0,0,0,1,DAC,1,0,195-1167,1
72359609,980100,2.02E+11,20190521,1611,,HAMBLEY,,BLVD,,,0,098 CS-1222,CS1222,N,N,NULL,NULL,NULL,N,NULL,NULL,NULL,NULL,NULL,NULL,0.095,NULL,NULL,NULL,NULL,,NULL,0,0,2,2,N,N,15,NULL,98,9801,NULL,,Y,37.47449,-82.52568,N,NULL,NULL,NULL,NULL,NULL,NULL,NULL,NULL,6,97,1,6,1,1,2,2,1,3,N,NULL,N,N,1611,1613,,N,NULL,70,,,N,,N,N,098-CS-1222-0,NULL,NULL,2019,O,7.24E+11,098-CS-1222  -000,HIGH,098-CS-1222  -000,0.095,0,0,0,0,0,0,1,0,0,0,0,0,0,1,DAC,0,1,,
72433902,980100,2.02E+11,20191104,1159,,US23,,,US0023,US0023,0,098 US-23-10,US0023,N,N,NULL,NULL,NULL,N,NULL,NULL,NULL,NULL,NULL,NULL,26.295,NULL,NULL,NULL,NULL,,NULL,0,0,2,2,N,N,55,NULL,98,9801,NULL,,Y,37.5038,-82.53237,N,NULL,NULL,NULL,NULL,NULL,NULL,NULL,NULL,5,3,4,6,1,1,2,2,7,3,N,NULL,Y,N,1159,1203,1203,N,NULL,49,,1,Y,,N,N,098-US-0023-10,NULL,NULL,2019,O,7.24E+11,098-US-0023  -010,HIGH,098-US-0023  -000,26.295,0,0,0,0,0,0,1,0,0,0,0,0,0,1,Non-DAC,0,1,,
72340682,980100,2.02E+11,20190412,1229,,US23,,,US0023,US0023,,,,N,N,NULL,NULL,NULL,N,NULL,NULL,NULL,NULL,NULL,NULL,26.235,NULL,NULL,NULL,NULL,,NULL,0,0,2,2,N,N,55,NULL,98,9801,NULL,,Y,37.50298,-82.53232,N,NULL,NULL,NULL,NULL,NULL,NULL,NULL,NULL,5,3,4,6,1,5,6,2,7,3,N,NULL,Y,N,1229,1234,1318,N,NULL,49,,1,Y,,N,N,,NULL,NULL,2019,O,7.23E+11,098-US-0023  -010,MEDIUM,098-US-0023  -000,26.235,0,0,0,0,0,0,1,0,0,0,0,0,0,1,Non-DAC,1,0,195-0861,1
72337974,980100,2.02E+11,20190405,653,,US23 TURN LANE,,,US0023,US0023,0,098 US-23-21,US0023,N,N,NULL,NULL,NULL,N,NULL,NULL,NULL,NULL,NULL,NULL,0.032,NULL,NULL,NULL,NULL,,NULL,0,0,1,1,N,N,55,NULL,98,9801,NULL,,Y,37.50337,-82.53233,N,NULL,NULL,NULL,NULL,NULL,NULL,NULL,NULL,9,3,4,6,1,5,3,1,1,3,N,NULL,Y,N,653,659,,N,NULL,40,,1,N,,N,N,098-US-0023-21,NULL,NULL,2019,O,7.23E+11,098-US-0023  -021,HIGH,098-US-0023  -021,0.032,0,0,0,0,0,0,0,0,0,0,0,1,0,1,Non-DAC,1,0,195-0861,1