MasterFile,AgencyORINumber,LocalCode,CollisionDate,CollisionTime,CollisionDayWeekCode,RoadwayName,RoadwayName_Direction_,RoadwayName_RoadwaySuffix_,RoadwayfromReport,CurrentRoadwayNumber,RoadwayNumberCoupletID,RSEUniqueGIS,RoadwayIdentifier,ParkingLotIndicator,IntersectionWith_Indicator_,IntersectionWith_NameRoadway_,IntersectionWith_Direction_,IntersectionWith_RoadwaySuffix_,BetweenStreets_Indicator_,BetweenStreets1_NameRoadway_,BetweenStreet1_Direction_,BetweenStreets1_RoadwaySuffix_,BetweenStreets2_NameRoadway_,BetweenStreets2_Direction_,BetweenStreets2_RoadwaySuffix_,Milepoint,ReportMilepointDeriveNumber,CurrentDerivedMiepointNumber,MilestoMilepoint,FeettoMilepoint,DirectionfromMilepoint_NSEW_,ValidMilepointIndicator,NumberInjured,NumberKilled,ofUnits,ofMotorVehicleUnits,Hit&RunIndicator,OneWayIndicator,SpeedLimitNumber,KilometersIndicator,CountyCode,CityCountyCode,MilesFromCity,DirectionFromCity_NSEW_,InCityLimitsIndicator,Latitude,Longitude,RampIndicator,RampFromIdentifier,RampFromDirCode,RampFromCoupletID,RSEUniqueGISRampFrom,RampToidentifier,RampToDirCode,RampToCoupletID,RSEUniqueGisRampTo,MannerofCollisionCode,LocationFirstEventCode,TotalLanes,RoadwayCharacterCode,RoadwaySurfaceCode,RoadwayConditionCode,WeatherCode,LightConditionCode,LandUseCode,SchoolBusRelatedCode,FirstAidSceneIndicator,CollDescPresentInd,InvestigationCompleteIndicator,PhotosTakenIndicator,TimeNotified,TimeArrived,TimeRoadwayOpened,PropertyDamageIndicator,DiagramPresentIndicator,DirectionalAnalysis,FunctionClassCode,NationalHwySysCode,EnforcementsIndicator,KARSCityCode,SecondaryCollisionIndicator,MedianCrossoverIndicator,RT_UNIQUE,MapIt,TimeLastLeft,YR,KABCO,MFNY,WorkingRID,RT_CONFIDENCE,KTC_RT,KTC_MP,Motorcyclist,Commercial Vehicle,Young Driver,Mature Driver,Pedestrian,Bicyclist,Distracted,Aggressive,Impaired,Unrestrained,Intersection,Roadway Departure,Median Cross-over,CityCrash,DACid,Intersection Crash,Segment Crash,Int_ID,CityIntersection
72378493,980100,2.02E+11,20190711,1254,,4TH,,ST,,,0,098 CS-1133,CS1133,N,N,NULL,NULL,NULL,N,NULL,NULL,NULL,NULL,NULL,NULL,0.089,NULL,NULL,NULL,NULL,,NULL,0,0,2,2,N,N,15,NULL,98,9801,NULL,,Y,37.48367,-82.51833,N,NULL,NULL,NULL,NULL,NULL,NULL,NULL,NULL,7,3,2,6,1,1,2,2,7,3,N,NULL,Y,N,1254,1256,1310,N,NULL,54,,,N,,N,N,098-CS-1133-0,NULL,NULL,2019,O,7.24E+11,098-CS-1133  -000,HIGH,098-CS-1133  -000,0.089,0,0,0,1,0,0,0,0,0,0,0,1,0,1,DAC,1,0,195-1001,1
72355932,980100,2.02E+11,20190519,1923,,BYPASS,N,RD,KY1460,KY1460,,,,N,N,NULL,NULL,NULL,N,NULL,NULL,NULL,NULL,NULL,NULL,5.709,NULL,NULL,NULL,NULL,,NULL,0,0,1,1,N,N,45,NULL,98,9801,NULL,,Y,37.48703,-82.52301,N,NULL,NULL,NULL,NULL,NULL,NULL,NULL,NULL,9,3,2,3,1,1,2,2,1,3,N,NULL,Y,N,1923,1926,1947,N,NULL,70,16,0,N,,N,N,,NULL,NULL,2019,O,7.24E+11,098-KY-1460  -000,HIGH,098-KY-1460  -000,5.709,0,0,0,0,0,0,1,0,0,0,0,1,0,1,DAC,0,1,,
72330947,980100,2.02E+11,20190325,646,,US23,,,US0023,US0023,0,098 US-23,US0023,N,N,NULL,NULL,NULL,N,NULL,NULL,NULL,NULL,NULL,NULL,31.663,NULL,NULL,NULL,NULL,,NULL,0,0,1,1,N,N,55,NULL,98,9801,NULL,,Y,37.53714,-82.6027,N,NULL,NULL,NULL,NULL,NULL,NULL,NULL,NULL,9,3,4,6,1,1,3,6,1,3,N,NULL,Y,N,646,700,,N,NULL,38,,1,N,,N,N,098-US-0023-0,NULL,NULL,2019,O,7.23E+11,098-US-0023  -000,HIGH,098-US-0023  -000,31.663,0,0,0,0,0,0,0,0,0,0,0,0,0,1,Non-DAC,0,1,,
72306263,980100,2.02E+11,20190117,1754,,US460,,,US0460,US0460,0,098 US-460,US0460,N,N,NULL,NULL,NULL,N,NULL,NULL,NULL,NULL,NULL,NULL,0.163,NULL,NULL,NULL,NULL,,NULL,2,0,2,2,Y,N,55,NULL,98,9801,NULL,,Y,37.43983,-82.50893,N,NULL,NULL,NULL,NULL,NULL,NULL,NULL,NULL,8,3,2,6,1,5,3,5,7,3,N,NULL,Y,Y,1754,1801,1801,N,NULL,53,,1,Y,,N,N,098-US-0460-0,NULL,NULL,2019,C,7.23E+11,098-US-0460  -000,HIGH,098-US-0460  -000,0.163,0,0,0,0,0,0,0,1,1,0,0,1,0,1,Non-DAC,0,1,,
72364392,980100,2.02E+11,20190603,948,,BYPASS,S,RD,KY1426,KY1426,,,,N,N,NULL,NULL,NULL,N,NULL,NULL,NULL,NULL,NULL,NULL,6.44,NULL,NULL,NULL,NULL,,NULL,0,0,2,2,N,N,35,NULL,98,9801,NULL,,Y,37.48087,-82.51441,N,NULL,NULL,NULL,NULL,NULL,NULL,NULL,NULL,5,3,2,6,1,1,2,2,1,3,N,NULL,Y,N,948,948,,N,NULL,49,,0,N,,N,N,,NULL,NULL,2019,O,7.24E+11,098-KY-1426  -000,HIGH,098-KY-1426  -000,6.44,0,0,0,0,0,0,0,0,0,0,0,0,0,1,DAC,0,1,,
72424252,980100,2.02E+11,20191021,1520,,BYPASS,S,RD,KY1426,KY1426,0,098 KY-1426,KY1426,N,N,NULL,NULL,NULL,N,NULL,NULL,NULL,NULL,NULL,NULL,5.718,NULL,NULL,NULL,NULL,,NULL,0,0,2,2,N,N,35,NULL,98,9801,NULL,,Y,37.47293,-82.52238,N,NULL,NULL,NULL,NULL,NULL,NULL,NULL,NULL,1,3,2,6,1,1,2,2,1,3,N,NULL,Y,N,1520,1526,,N,NULL,55,,0,N,,N,N,098-KY-1426-0,NULL,NULL,2019,O,7.24E+11,098-KY-1426  -000,HIGH,098-KY-1426  -000,5.718,0,0,0,0,0,0,0,0,0,0,0,0,0,1,DAC,0,1,,
72372216,980100,2.02E+11,20190613,1547,,CHLOE,,RD,KY1460,KY1460,,,,N,N,NULL,NULL,NULL,N,NULL,NULL,NULL,NULL,NULL,NULL,3.438,NULL,NULL,NULL,NULL,,NULL,0,0,2,1,Y,N,45,NULL,98,9801,NULL,,Y,37.47523,-82.4876,N,NULL,NULL,NULL,NULL,NULL,NULL,NULL,NULL,8,3,2,6,1,1,2,2,7,1,N,NULL,N,N,1547,1610,1617,N,NULL,53,,0,Y,,N,N,,NULL,NULL,2019,O,7.24E+11,098-KY-1460  -000,HIGH,098-KY-1460  -000,3.438,0,0,1,0,0,0,0,0,0,0,0,1,0,1,Non-DAC,0,1,,
72374104,980100,2.02E+11,20190627,2229,,CASSIDY,,BLVD,,,0,098 CS-1191,CS1191,N,N,NULL,NULL,NULL,N,NULL,NULL,NULL,NULL,NULL,NULL,0.069,NULL,NULL,NULL,NULL,,NULL,0,0,1,1,N,N,35,NULL,98,9801,NULL,,Y,37.50365,-82.53326,N,NULL,NULL,NULL,NULL,NULL,NULL,NULL,NULL,9,3,2,6,1,1,2,4,1,3,N,NULL,Y,N,2231,2237,,N,NULL,38,,,N,,N,N,098-CS-1191-0,NULL,NULL,2019,O,7.24E+11,098-CS-1191  -000,HIGH,098-CS-1191  -000,0.069,0,0,0,0,0,0,0,0,0,0,0,0,0,1,Non-DAC,0,1,,
72355037,980100,2.02E+11,20190518,2257,,BILLUPS,,DR,,,0,098 CS-1221,CS1221,N,N,NULL,NULL,NULL,N,NULL,NULL,NULL,NULL,NULL,NULL,0.443,NULL,NULL,NULL,NULL,,NULL,0,0,2,2,N,N,25,NULL,98,9801,NULL,,Y,37.50613,-82.55281,N,NULL,NULL,NULL,NULL,NULL,NULL,NULL,NULL,1,3,1,4,1,1,2,6,6,3,N,NULL,Y,N,2258,2258,2310,N,NULL,55,,,N,,N,N,098-CS-1221-0,NULL,NULL,2019,O,7.24E+11,098-CS-1221  -000,HIGH,098-CS-1221  -000,0.443,0,0,1,0,0,0,0,0,0,0,0,0,0,1,Non-DAC,0,1,,
72423841,370200,2019-40636,20191015,957,,US23,,,US0023,US0023,0,098 US-23-10,US0023,N,N,NULL,NULL,NULL,N,NULL,NULL,NULL,NULL,NULL,NULL,26.257,NULL,NULL,NULL,NULL,,NULL,0,0,1,1,N,N,55,NULL,98,9801,NULL,,Y,37.50329,-82.53231,N,NULL,NULL,NULL,NULL,NULL,NULL,NULL,NULL,9,3,4,3,1,1,3,2,7,3,N,NULL,Y,N,957,1012,1012,Y,NULL,70,,1,Y,,N,N,098-US-0023-10,NULL,NULL,2019,O,7.24E+11,098-US-0023  -010,HIGH,098-US-0023  -000,26.257,0,1,0,0,0,0,0,0,0,0,0,1,0,1,Non-DAC,1,0,195-0861,1
72378948,980100,2.02E+12,20190712,929,,US23,,,US0023,US0023,0,098 US-23-10,US0023,N,N,NULL,NULL,NULL,N,NULL,NULL,NULL,NULL,NULL,NULL,22.947,NULL,NULL,NULL,NULL,,NULL,1,0,2,2,N,N,55,NULL,98,9801,NULL,,Y,37.46539,-82.52607,N,NULL,NULL,NULL,NULL,NULL,NULL,NULL,NULL,1,3,4,6,1,1,2,2,1,3,N,NULL,Y,Y,930,933,958,N,NULL,55,,1,N,,N,N,098-US-0023-10,NULL,NULL,2019,B,7.24E+11,098-US-0023  -010,HIGH,098-US-0023  -000,22.947,0,0,0,0,0,0,0,0,0,0,0,0,0,1,DAC,0,1,,
72385507,980100,2.02E+11,20190728,2048,,CASSIDY,,BLVD,,,0,098 CS-1191,CS1191,N,N,NULL,NULL,NULL,N,NULL,NULL,NULL,NULL,NULL,NULL,0.315,NULL,NULL,NULL,NULL,,NULL,0,0,2,2,N,N,25,NULL,98,9801,NULL,,Y,37.50522,-82.53714,N,NULL,NULL,NULL,NULL,NULL,NULL,NULL,NULL,5,3,3,6,1,1,2,3,1,3,N,NULL,Y,N,2048,2054,2048,N,NULL,70,,,N,,N,N,098-CS-1191-0,NULL,NULL,2019,O,7.24E+11,098-CS-1191  -000,HIGH,098-CS-1191  -000,0.315,0,0,0,0,0,0,1,0,0,0,0,0,0,1,Non-DAC,0,1,,
72452709,980100,2.02E+11,20191217,1033,,US23,,,US0023,US0023,0,098 US-23,US0023,N,N,NULL,NULL,NULL,N,NULL,NULL,NULL,NULL,NULL,NULL,27.336,NULL,NULL,NULL,NULL,,NULL,1,0,2,2,N,N,55,NULL,98,9801,NULL,,Y,37.51069,-82.54808,N,NULL,NULL,NULL,NULL,NULL,NULL,NULL,NULL,1,3,4,6,1,5,6,2,1,3,Y,NULL,Y,Y,1033,1040,1150,N,NULL,55,,1,N,,N,N,098-US-0023-0,NULL,NULL,2019,C,7.25E+11,098-US-0023  -000,HIGH,098-US-0023  -000,27.336,0,0,0,0,0,0,0,1,0,0,0,0,0,1,Non-DAC,1,0,195-0812,1
72438609,980100,2.02E+11,20191113,1327,,HAMBLEY,,BLVD,,,0,098 CS-1222,CS1222,N,N,NULL,NULL,NULL,N,NULL,NULL,NULL,NULL,NULL,NULL,0.661,NULL,NULL,NULL,NULL,,NULL,0,0,2,2,N,N,25,NULL,98,9801,NULL,,Y,37.48057,-82.519,N,NULL,NULL,NULL,NULL,NULL,NULL,NULL,NULL,1,3,2,6,1,1,2,2,1,3,N,NULL,N,N,1328,1328,1337,N,NULL,55,,,N,,N,N,098-CS-1222-0,NULL,NULL,2019,O,7.24E+11,098-CS-1222  -000,HIGH,098-CS-1222  -000,0.661,0,1,0,0,0,0,1,1,0,0,0,0,0,1,DAC,1,0,195-1079,1
72329057,980100,2.02E+11,20190320,1206,,US23,,,US0023,US0023,0,098 US-23,US0023,N,N,NULL,NULL,NULL,N,NULL,NULL,NULL,NULL,NULL,NULL,21.062,NULL,NULL,NULL,NULL,,NULL,0,0,2,2,N,N,55,NULL,98,9801,NULL,,Y,37.44589,-82.52592,N,NULL,NULL,NULL,NULL,NULL,NULL,NULL,NULL,5,3,4,3,1,1,2,2,7,3,N,NULL,Y,N,1206,1215,,N,NULL,49,,1,N,,N,N,098-US-0023-0,NULL,NULL,2019,O,7.23E+11,098-US-0023  -000,HIGH,098-US-0023  -000,21.062,0,0,0,0,0,0,1,0,0,0,0,0,0,1,Non-DAC,1,0,195-1289,1
72317069,980100,2.02E+11,20190216,1120,,MAYO,N,TRL,US0023,US0023,0,098 US-23,US0023,N,N,NULL,NULL,NULL,N,NULL,NULL,NULL,NULL,NULL,NULL,31.798,NULL,NULL,NULL,NULL,,NULL,3,0,2,2,N,N,55,NULL,98,9801,NULL,,Y,37.5374,-82.60514,N,NULL,NULL,NULL,NULL,NULL,NULL,NULL,NULL,1,3,4,6,1,5,3,2,7,3,Y,NULL,Y,Y,1120,1126,1152,N,NULL,55,,1,N,,N,N,098-US-0023-0,NULL,NULL,2019,C,7.23E+11,098-US-0023  -000,HIGH,098-US-0023  -000,31.798,0,0,0,0,0,0,1,0,0,0,0,0,0,1,Non-DAC,0,1,,
72317769,980100,2.02E+11,20190212,1216,,US23,,,US0023,US0023,,,,N,N,NULL,NULL,NULL,N,NULL,NULL,NULL,NULL,NULL,NULL,27.459,NULL,NULL,NULL,NULL,,NULL,0,0,2,2,Y,N,55,NULL,98,9807,NULL,,Y,37.51118,-82.55022,N,NULL,NULL,NULL,NULL,NULL,NULL,NULL,NULL,5,3,4,6,1,5,6,2,7,3,N,NULL,Y,N,1216,1217,1217,N,NULL,49,,1,N,,N,N,,NULL,NULL,2019,O,7.23E+11,098-US-0023  -010,MEDIUM,098-US-0023  -000,27.459,0,0,0,0,0,0,0,0,0,0,0,0,0,1,Non-DAC,1,0,195-0808,1
72348641,980100,2.02E+11,20190430,1539,,CASSIDY,,BLVD,,,,,,N,N,NULL,NULL,NULL,N,NULL,NULL,NULL,NULL,NULL,NULL,0.321,NULL,NULL,NULL,NULL,,NULL,0,0,2,2,N,N,25,NULL,98,9801,NULL,,Y,37.506,-82.53778,N,NULL,NULL,NULL,NULL,NULL,NULL,NULL,NULL,8,3,3,6,1,1,2,2,1,3,N,NULL,Y,N,1539,1547,1556,N,NULL,53,,,N,,N,N,,NULL,NULL,2019,O,7.23E+11,098-CS-1191  -000,MEDIUM,098-CS-1191  -000,0.321,0,1,0,0,0,0,1,0,0,0,0,1,0,1,Non-DAC,0,1,,
72407266,980100,2.02E+11,20190913,913,,MAYO,N,TRL,US0023,US0023,0,098 US-23,US0023,N,N,NULL,NULL,NULL,N,NULL,NULL,NULL,NULL,NULL,NULL,26.28,NULL,NULL,NULL,NULL,,NULL,0,0,2,2,N,N,55,NULL,98,9801,NULL,,Y,37.50361,-82.53214,N,NULL,NULL,NULL,NULL,NULL,NULL,NULL,NULL,5,3,4,6,1,1,2,5,7,3,N,NULL,Y,N,2104,2107,2107,N,NULL,49,,1,N,,N,N,098-US-0023-0,NULL,NULL,2019,O,7.24E+11,098-US-0023  -000,HIGH,098-US-0023  -000,26.28,0,0,0,1,0,0,1,0,0,0,0,0,0,1,Non-DAC,0,1,,
72389181,980100,2.02E+11,20190805,1428,,US23,,,US0023,US0023,,,,N,N,NULL,NULL,NULL,N,NULL,NULL,NULL,NULL,NULL,NULL,32.36,NULL,NULL,NULL,NULL,,NULL,0,0,1,1,N,N,55,NULL,98,9801,NULL,,Y,37.53711,-82.61526,N,NULL,NULL,NULL,NULL,NULL,NULL,NULL,NULL,9,3,4,3,1,1,2,2,7,3,N,NULL,Y,N,1428,1446,1505,N,NULL,70,,1,N,,N,N,,NULL,NULL,2019,O,7.24E+11,098-US-0023  -010,MEDIUM,098-US-0023  -000,32.36,0,0,0,1,0,0,0,0,0,0,0,1,0,1,Non-DAC,0,1,,
72329033,980100,2.02E+11,20190320,1013,,US23,,,US0023,US0023,0,098 US-23-10,US0023,N,N,NULL,NULL,NULL,N,NULL,NULL,NULL,NULL,NULL,NULL,20.68,NULL,NULL,NULL,NULL,,NULL,1,0,1,1,N,N,55,NULL,98,9801,NULL,,Y,37.44276,-82.52061,N,NULL,NULL,NULL,NULL,NULL,NULL,NULL,NULL,9,5,4,3,1,1,2,2,1,3,Y,NULL,Y,Y,1014,1021,1052,Y,NULL,41,,1,N,,N,N,098-US-0023-10,NULL,NULL,2019,C,7.23E+11,098-US-0023  -010,HIGH,098-US-0023  -000,20.68,0,0,0,0,0,0,0,0,0,0,0,1,0,1,Non-DAC,1,0,195-1301,1
72300298,980100,2.02E+11,20190108,1257,,MAIN,,ST,,,0,098 CS-1112,CS1112,N,N,NULL,NULL,NULL,N,NULL,NULL,NULL,NULL,NULL,NULL,0.282,NULL,NULL,NULL,NULL,,NULL,0,0,2,2,Y,N,15,NULL,98,9801,NULL,,Y,37.48128,-82.51608,N,NULL,NULL,NULL,NULL,NULL,NULL,NULL,NULL,2,3,1,6,1,1,3,2,1,3,N,NULL,N,N,1257,1302,1302,N,NULL,47,,,Y,,N,N,098-CS-1112-0,NULL,NULL,2019,O,7.23E+11,098-CS-1112  -000,HIGH,098-CS-1112  -000,0.282,0,0,0,0,0,0,1,0,0,0,0,0,0,1,DAC,1,0,195-1067,1
72356627,980100,2.02E+11,20190523,1456,,BYPASS,S,RD,KY1426,KY1426,0,098 KY-1426,KY1426,N,N,NULL,NULL,NULL,N,NULL,NULL,NULL,NULL,NULL,NULL,6.558,NULL,NULL,NULL,NULL,,NULL,0,0,2,2,Y,N,45,NULL,98,9801,NULL,,Y,37.48286,-82.5134,N,NULL,NULL,NULL,NULL,NULL,NULL,NULL,NULL,5,3,2,,1,1,2,2,7,3,N,NULL,N,N,1457,1500,1500,N,NULL,49,,0,N,,N,N,098-KY-1426-0,NULL,NULL,2019,O,7.24E+11,098-KY-1426  -000,HIGH,098-KY-1426  -000,6.558,0,0,1,0,0,0,1,1,0,0,0,0,0,1,DAC,1,0,195-1019,1
72357394,980100,2.02E+11,20190517,1834,,US23,,,US0023,US0023,0,098 US-23,US0023,N,N,NULL,NULL,NULL,N,NULL,NULL,NULL,NULL,NULL,NULL,23.054,NULL,NULL,NULL,NULL,,NULL,0,0,2,2,N,N,55,NULL,98,9801,NULL,,Y,37.4659,-82.52793,N,NULL,NULL,NULL,NULL,NULL,NULL,NULL,NULL,5,3,4,6,1,1,2,2,7,3,N,NULL,Y,N,1834,1839,1834,N,NULL,49,,1,N,,N,N,098-US-0023-0,NULL,NULL,2019,O,7.24E+11,098-US-0023  -000,HIGH,098-US-0023  -000,23.054,0,0,0,0,0,0,1,1,0,1,0,0,0,1,DAC,0,1,,
72425421,980100,2.02E+11,20191024,1101,,US23,,,US0023,US0023,0,098 US-23,US0023,N,N,NULL,NULL,NULL,N,NULL,NULL,NULL,NULL,NULL,NULL,20.991,NULL,NULL,NULL,NULL,,NULL,0,0,2,2,N,N,55,NULL,98,9801,NULL,,Y,37.44489,-82.52545,N,NULL,NULL,NULL,NULL,NULL,NULL,NULL,NULL,8,3,4,3,1,1,2,2,7,3,N,NULL,Y,N,1101,1106,,N,NULL,53,,1,N,,N,N,098-US-0023-0,NULL,NULL,2019,O,7.24E+11,098-US-0023  -000,HIGH,098-US-0023  -000,20.991,0,0,0,1,0,0,1,0,0,0,0,1,0,1,Non-DAC,0,1,,
72378214,980100,2.02E+11,20190710,240,,CHLOE,,RD,KY1460,KY1460,,,,N,N,NULL,NULL,NULL,N,NULL,NULL,NULL,NULL,NULL,NULL,4.334,NULL,NULL,NULL,NULL,,NULL,0,0,1,1,N,N,45,NULL,98,9801,NULL,,Y,37.47701,-82.50252,N,NULL,NULL,NULL,NULL,NULL,NULL,NULL,NULL,9,3,2,3,1,1,2,2,7,3,N,NULL,N,N,240,240,310,N,NULL,44,,0,Y,,N,N,,NULL,NULL,2019,O,7.24E+11,098-KY-1460  -000,HIGH,098-KY-1460  -000,4.334,0,0,0,0,0,0,1,0,0,1,0,1,0,1,Non-DAC,0,1,,
72513188,980100,2.02E+11,20200615,1134,,MAYO,S,TRL,US0023,US0023,,,,N,N,NULL,NULL,NULL,N,NULL,NULL,NULL,NULL,NULL,NULL,20.489,NULL,NULL,NULL,NULL,,NULL,3,0,2,2,N,N,55,NULL,98,9801,NULL,,Y,37.4435,-82.51866,N,NULL,NULL,NULL,NULL,NULL,NULL,NULL,NULL,1,3,4,6,1,1,3,2,2,3,Y,NULL,Y,Y,1134,1138,1227,N,NULL,55,,1,N,,N,Y,,NULL,NULL,2020,A,7.25E+11,098-US-0023  -010,MEDIUM,098-US-0023  -000,20.489,0,0,0,1,0,0,1,1,0,0,0,0,1,1,Non-DAC,0,1,,
72420733,980100,2.02E+11,20191009,1650,,MAY HOLLOW,,RD,,,,,,N,Y,KY1426,,,N,NULL,NULL,NULL,NULL,NULL,NULL,,NULL,NULL,NULL,NULL,,NULL,0,0,2,2,N,N,45,NULL,98,9801,NULL,,Y,37.49039,-82.50096,N,NULL,NULL,NULL,NULL,NULL,NULL,NULL,NULL,1,3,2,6,1,1,2,2,7,3,N,NULL,Y,N,1650,1652,1652,N,NULL,10,,,Y,,N,N,,NULL,NULL,2019,O,7.24E+11,098-CS-1080  -000,MEDIUM,098-CS-1080  -000,0,0,0,0,1,0,0,1,1,0,0,1,0,0,1,Non-DAC,1,0,195-0930,1
72317748,KSP0900,19-5353,20190218,1334,,US23,,,US0023,US0023,0,098 US-23,US0023,N,N,NULL,NULL,NULL,N,NULL,NULL,NULL,NULL,NULL,NULL,31.531,NULL,NULL,NULL,NULL,,NULL,0,0,2,2,N,N,55,NULL,98,9801,NULL,,Y,37.53678,-82.60033,N,NULL,NULL,NULL,NULL,NULL,NULL,NULL,NULL,5,3,4,6,1,1,2,2,7,3,N,NULL,Y,N,1334,1334,1430,N,NULL,49,,1,N,,N,N,098-US-0023-0,NULL,NULL,2019,O,7.23E+11,098-US-0023  -000,HIGH,098-US-0023  -000,31.531,0,0,0,0,0,0,0,1,0,0,0,0,0,1,Non-DAC,0,1,,
72311800,980100,20190001624,20190204,1916,,US23,,,US0023,US0023,,,,N,N,NULL,NULL,NULL,N,NULL,NULL,NULL,NULL,NULL,NULL,26.338,NULL,NULL,NULL,NULL,,NULL,0,0,2,2,N,N,55,NULL,98,9801,NULL,,Y,37.50444,-82.53233,N,NULL,NULL,NULL,NULL,NULL,NULL,NULL,NULL,5,3,4,6,1,5,6,5,1,3,N,NULL,Y,N,1917,1923,1942,N,NULL,49,,1,N,,N,N,,NULL,NULL,2019,O,7.23E+11,098-US-0023  -010,MEDIUM,098-US-0023  -000,26.338,0,0,0,0,0,0,0,0,0,0,0,0,0,1,Non-DAC,0,1,,
72378014,980100,2.02E+11,20190710,1430,,STEEL,,ST,,,0,098 CS-1147,CS1147,N,N,NULL,NULL,NULL,N,NULL,NULL,NULL,NULL,NULL,NULL,0.001,NULL,NULL,NULL,NULL,,NULL,0,0,2,2,N,N,15,NULL,98,9801,NULL,,Y,37.4827,-82.53113,N,NULL,NULL,NULL,NULL,NULL,NULL,NULL,NULL,7,3,2,6,1,1,2,2,7,3,N,NULL,Y,N,1430,1434,1459,N,NULL,54,,,N,,N,N,098-CS-1147-0,NULL,NULL,2019,O,7.24E+11,098-CS-1147  -000,HIGH,098-CS-1147  -000,0.001,0,0,1,0,0,0,0,0,0,0,0,1,0,1,DAC,1,0,195-1043,1
72300341,980100,2.02E+11,20190102,2031,,NARROWS,,RD,,,0,098 CS-1230,CS1230,N,N,NULL,NULL,NULL,N,NULL,NULL,NULL,NULL,NULL,NULL,0.072,NULL,NULL,NULL,NULL,,NULL,0,0,1,1,Y,N,15,NULL,98,9801,NULL,,Y,37.46365,-82.52708,N,NULL,NULL,NULL,NULL,NULL,NULL,NULL,NULL,9,97,1,6,1,1,3,6,1,3,N,NULL,Y,N,2031,2037,2037,Y,NULL,40,,,N,,N,N,098-CS-1230-0,NULL,NULL,2019,O,7.23E+11,098-CS-1230  -000,HIGH,098-CS-1230  -000,0.072,0,0,0,0,0,0,1,0,0,0,0,1,0,1,Non-DAC,0,1,,
72373108,980100,2.02E+11,20190624,1822,,US119,,,US0119,US0119,,,,N,N,NULL,NULL,NULL,N,NULL,NULL,NULL,NULL,NULL,NULL,0.087,NULL,NULL,NULL,NULL,,NULL,1,0,2,2,N,N,55,NULL,98,9801,NULL,,Y,37.50408,-82.5305,N,NULL,NULL,NULL,NULL,NULL,NULL,NULL,NULL,1,3,4,6,1,5,6,2,7,3,Y,NULL,Y,Y,1822,1823,1902,N,NULL,55,2,1,N,,N,Y,,NULL,NULL,2019,B,7.24E+11,098-US-0119  -010,MEDIUM,098-US-0119  -000,0.087,0,0,1,0,0,0,0,0,0,0,0,0,1,1,Non-DAC,0,1,,
72368284,980100,2.02E+11,20190618,1319,,KY1426,,,KY1426,KY1426,0,098 KY-1426,KY1426,N,N,NULL,NULL,NULL,N,NULL,NULL,NULL,NULL,NULL,NULL,6.922,NULL,NULL,NULL,NULL,,NULL,0,0,2,2,N,N,45,NULL,98,9801,NULL,,Y,37.4862,-82.50913,N,NULL,NULL,NULL,NULL,NULL,NULL,NULL,NULL,5,3,2,5,1,5,6,2,1,3,N,NULL,N,N,1319,1319,1319,N,NULL,49,,0,N,,N,N,098-KY-1426-0,NULL,NULL,2019,O,7.24E+11,098-KY-1426  -000,HIGH,098-KY-1426  -000,6.922,0,0,0,0,0,0,1,0,0,0,0,0,0,1,Non-DAC,1,0,195-0950,1
72300564,980100,2.02E+11,20190104,1713,,US23,,,US0023,US0023,,,,N,N,NULL,NULL,NULL,N,NULL,NULL,NULL,NULL,NULL,NULL,22.946,NULL,NULL,NULL,NULL,,NULL,0,0,2,2,N,N,55,NULL,98,9801,NULL,,Y,37.46538,-82.52605,N,NULL,NULL,NULL,NULL,NULL,NULL,NULL,NULL,5,3,4,6,1,1,2,3,1,3,N,NULL,Y,N,1715,1716,,N,NULL,49,,1,N,,N,N,,NULL,NULL,2019,O,7.23E+11,098-US-0023  -010,MEDIUM,098-US-0023  -000,22.946,0,0,1,0,0,0,0,1,0,0,0,0,0,1,DAC,0,1,,
72546314,980100,2.02E+11,20200921,1200,,MAIN,,ST,,,0,098 CS-1112,CS1112,N,N,NULL,NULL,NULL,N,NULL,NULL,NULL,NULL,NULL,NULL,0.007,NULL,NULL,NULL,NULL,,NULL,0,0,2,2,N,N,20,NULL,98,9801,NULL,,Y,37.4778,-82.51849,N,NULL,NULL,NULL,NULL,NULL,NULL,NULL,NULL,2,3,1,6,1,1,2,2,1,3,N,NULL,Y,N,1200,1200,1206,N,NULL,47,,,N,,N,N,098-CS-1112-0,NULL,NULL,2020,O,7.25E+11,098-CS-1112  -000,HIGH,098-CS-1112  -000,0.007,0,0,0,0,0,0,0,0,0,0,0,0,0,1,DAC,1,0,195-1117,1
72334351,980100,2.02E+11,20190402,950,,US23,,,US0023,US0023,0,098 US-23,US0023,N,N,NULL,NULL,NULL,N,NULL,NULL,NULL,NULL,NULL,NULL,19.282,NULL,NULL,NULL,NULL,,NULL,0,0,1,1,N,N,55,NULL,98,9801,NULL,,Y,37.44428,-82.5047,N,NULL,NULL,NULL,NULL,NULL,NULL,NULL,NULL,9,3,4,6,1,1,3,2,7,3,N,NULL,Y,Y,950,958,958,Y,NULL,40,,1,N,,N,N,098-US-0023-0,NULL,NULL,2019,O,7.23E+11,098-US-0023  -000,HIGH,098-US-0023  -000,19.282,0,0,0,0,0,0,0,0,0,0,0,1,0,1,Non-DAC,0,1,,
72381833,980100,2.02E+11,20190719,1610,,US23,,,US0023,US0023,0,098 US-23,US0023,N,N,NULL,NULL,NULL,N,NULL,NULL,NULL,NULL,NULL,NULL,31.592,NULL,NULL,NULL,NULL,,NULL,0,0,2,2,N,N,55,NULL,98,9801,NULL,,Y,37.53683,-82.60152,N,NULL,NULL,NULL,NULL,NULL,NULL,NULL,NULL,5,3,4,6,1,1,2,2,7,3,N,NULL,Y,N,1611,1621,1622,N,NULL,49,,1,N,,N,N,098-US-0023-0,NULL,NULL,2019,O,7.24E+11,098-US-0023  -000,HIGH,098-US-0023  -000,31.592,0,0,0,0,0,0,0,0,0,0,0,0,0,1,Non-DAC,1,0,195-0620,1