MasterFile,AgencyORINumber,LocalCode,CollisionDate,CollisionTime,CollisionDayWeekCode,RoadwayName,RoadwayName_Direction_,RoadwayName_RoadwaySuffix_,RoadwayfromReport,CurrentRoadwayNumber,RoadwayNumberCoupletID,RSEUniqueGIS,RoadwayIdentifier,ParkingLotIndicator,IntersectionWith_Indicator_,IntersectionWith_NameRoadway_,IntersectionWith_Direction_,IntersectionWith_RoadwaySuffix_,BetweenStreets_Indicator_,BetweenStreets1_NameRoadway_,BetweenStreet1_Direction_,BetweenStreets1_RoadwaySuffix_,BetweenStreets2_NameRoadway_,BetweenStreets2_Direction_,BetweenStreets2_RoadwaySuffix_,Milepoint,ReportMilepointDeriveNumber,CurrentDerivedMiepointNumber,MilestoMilepoint,FeettoMilepoint,DirectionfromMilepoint_NSEW_,ValidMilepointIndicator,NumberInjured,NumberKilled,ofUnits,ofMotorVehicleUnits,Hit&RunIndicator,OneWayIndicator,SpeedLimitNumber,KilometersIndicator,CountyCode,CityCountyCode,MilesFromCity,DirectionFromCity_NSEW_,InCityLimitsIndicator,Latitude,Longitude,RampIndicator,RampFromIdentifier,RampFromDirCode,RampFromCoupletID,RSEUniqueGISRampFrom,RampToidentifier,RampToDirCode,RampToCoupletID,RSEUniqueGisRampTo,MannerofCollisionCode,LocationFirstEventCode,TotalLanes,RoadwayCharacterCode,RoadwaySurfaceCode,RoadwayConditionCode,WeatherCode,LightConditionCode,LandUseCode,SchoolBusRelatedCode,FirstAidSceneIndicator,CollDescPresentInd,InvestigationCompleteIndicator,PhotosTakenIndicator,TimeNotified,TimeArrived,TimeRoadwayOpened,PropertyDamageIndicator,DiagramPresentIndicator,DirectionalAnalysis,FunctionClassCode,NationalHwySysCode,EnforcementsIndicator,KARSCityCode,SecondaryCollisionIndicator,MedianCrossoverIndicator,RT_UNIQUE,MapIt,TimeLastLeft,YR,KABCO,MFNY,WorkingRID,RT_CONFIDENCE,KTC_RT,KTC_MP,Motorcyclist,Commercial Vehicle,Young Driver,Mature Driver,Pedestrian,Bicyclist,Distracted,Aggressive,Impaired,Unrestrained,Intersection,Roadway Departure,Median Cross-over,CityCrash,DACid,Intersection Crash,Segment Crash,Int_ID,CityIntersection
72410055,980100,2.02E+11,20190920,1217,,OWSLEY,,RD,KY1384,KY1384,0,098 KY-1384,KY1384,N,N,NULL,NULL,NULL,N,NULL,NULL,NULL,NULL,NULL,NULL,6.861,NULL,NULL,NULL,NULL,,NULL,1,0,2,2,N,N,45,NULL,98,9801,NULL,,Y,37.4798,-82.54197,N,NULL,NULL,NULL,NULL,NULL,NULL,NULL,NULL,1,3,3,6,1,1,2,2,7,3,N,NULL,Y,Y,1217,1222,1310,N,NULL,55,16,0,N,,N,N,098-KY-1384-0,NULL,NULL,2019,B,7.24E+11,098-KY-1384  -000,HIGH,098-KY-1384  -000,6.861,0,0,0,1,0,0,1,0,0,0,0,0,0,1,DAC,1,0,195-1095,1
72303258,980100,2.02E+11,20190114,826,,TOWN MOUNTAIN,,RD,KY1426,KY1426,0,098 KY-1426,KY1426,N,N,NULL,NULL,NULL,N,NULL,NULL,NULL,NULL,NULL,NULL,6.686,NULL,NULL,NULL,NULL,,NULL,0,0,2,2,N,N,55,NULL,98,9801,NULL,,Y,37.48394,-82.51234,N,NULL,NULL,NULL,NULL,NULL,NULL,NULL,NULL,5,3,2,6,1,5,3,2,7,3,N,NULL,Y,N,826,828,829,N,NULL,49,,0,Y,,N,N,098-KY-1426-0,NULL,NULL,2019,O,7.23E+11,098-KY-1426  -000,HIGH,098-KY-1426  -000,6.686,0,0,0,1,0,0,1,0,0,0,0,0,0,1,Non-DAC,0,1,,
72407921,980100,2.02E+11,20190916,1703,,US23,,,US0023,US0023,,,,N,N,NULL,NULL,NULL,N,NULL,NULL,NULL,NULL,NULL,NULL,20.763,NULL,NULL,NULL,NULL,,NULL,0,0,2,2,N,N,55,NULL,98,9801,NULL,,Y,37.44294,-82.5222,N,NULL,NULL,NULL,NULL,NULL,NULL,NULL,NULL,1,3,4,3,1,1,2,2,7,3,N,NULL,Y,N,1703,1703,1740,N,NULL,55,,1,N,,N,N,,NULL,NULL,2019,O,7.24E+11,098-US-0023  -000,MEDIUM,098-US-0023  -000,20.763,0,0,0,1,0,0,1,1,0,0,0,0,0,1,Non-DAC,0,1,,
72345983,980500,2019AR031,20190426,1705,,MAYO,N,TRL,US0023,US0023,0,098 US-23,US0023,N,N,NULL,NULL,NULL,N,NULL,NULL,NULL,NULL,NULL,NULL,29.466,NULL,NULL,NULL,NULL,,NULL,3,0,3,3,N,N,45,NULL,98,9807,NULL,,Y,37.5298,-82.57584,N,NULL,NULL,NULL,NULL,NULL,NULL,NULL,NULL,5,3,6,6,1,5,3,2,6,3,Y,NULL,Y,Y,1705,1708,1745,N,NULL,49,,1,Y,,N,N,098-US-0023-0,NULL,NULL,2019,B,7.23E+11,098-US-0023  -000,HIGH,098-US-0023  -000,29.466,0,0,1,0,0,0,1,1,0,1,0,0,0,1,Non-DAC,1,0,195-0676,0
72360571,980100,2.02E+11,20190530,2118,,US23,,,US0023,US0023,0,098 US-23,US0023,N,N,NULL,NULL,NULL,N,NULL,NULL,NULL,NULL,NULL,NULL,26.286,NULL,NULL,NULL,NULL,,NULL,0,0,2,2,N,N,55,NULL,98,9801,NULL,,Y,37.5037,-82.53215,N,NULL,NULL,NULL,NULL,NULL,NULL,NULL,NULL,1,3,4,6,1,1,2,5,7,3,N,NULL,Y,N,2119,2120,2121,N,NULL,55,,1,N,,N,N,098-US-0023-0,NULL,NULL,2019,O,7.24E+11,098-US-0023  -000,HIGH,098-US-0023  -000,26.286,0,0,1,0,0,0,0,0,0,0,0,0,0,1,Non-DAC,0,1,,
72425561,980100,2.02E+11,20191022,756,,KY1460,,,KY1460,KY1460,0,098 KY-1460,KY1460,N,N,NULL,NULL,NULL,N,NULL,NULL,NULL,NULL,NULL,NULL,6.749,NULL,NULL,NULL,NULL,,NULL,1,0,1,1,N,N,45,NULL,98,9801,NULL,,Y,37.48375,-82.54026,N,NULL,NULL,NULL,NULL,NULL,NULL,NULL,NULL,9,97,2,6,1,5,6,1,1,3,Y,NULL,Y,Y,757,759,908,N,NULL,44,16,0,N,,N,N,098-KY-1460-0,NULL,NULL,2019,C,7.24E+11,098-KY-1460  -000,HIGH,098-KY-1460  -000,6.749,0,0,1,0,0,0,0,0,0,0,0,1,0,1,Non-DAC,0,1,,
72367043,980100,2.02E+11,20190613,1150,,US23,,,US0023,US0023,,,,N,N,NULL,NULL,NULL,N,NULL,NULL,NULL,NULL,NULL,NULL,27.433,NULL,NULL,NULL,NULL,,NULL,0,0,2,2,N,N,55,NULL,98,9807,NULL,,Y,37.5111,-82.54977,N,NULL,NULL,NULL,NULL,NULL,NULL,NULL,NULL,5,3,3,6,1,1,2,2,1,3,N,NULL,N,N,1150,1157,,N,NULL,70,,1,N,,N,N,,NULL,NULL,2019,O,7.24E+11,098-US-0023  -010,MEDIUM,098-US-0023  -000,27.433,0,0,0,1,0,0,1,1,0,0,0,0,0,1,Non-DAC,0,1,,
72404058,980000,19-09-003,20190904,1659,,US23,,,US0023,US0023,0,098 US-23,US0023,N,N,NULL,NULL,NULL,N,NULL,NULL,NULL,NULL,NULL,NULL,27.193,NULL,NULL,NULL,NULL,,NULL,1,0,3,3,N,N,55,NULL,98,9801,NULL,,Y,37.51051,-82.5451,N,NULL,NULL,NULL,NULL,NULL,NULL,NULL,NULL,8,3,4,6,1,1,2,2,7,3,Y,NULL,Y,Y,1600,1600,1635,N,NULL,53,,1,N,,N,N,098-US-0023-0,NULL,NULL,2019,C,7.24E+11,098-US-0023  -000,HIGH,098-US-0023  -000,27.193,0,0,0,1,0,0,0,1,0,0,0,1,0,1,Non-DAC,0,1,,
72402316,980100,2.02E+11,20190903,1829,,CASSIDY,,BLVD,,,0,098 CS-1191,CS1191,N,N,NULL,NULL,NULL,N,NULL,NULL,NULL,NULL,NULL,NULL,0.231,NULL,NULL,NULL,NULL,,NULL,0,0,2,2,N,N,25,NULL,98,9801,NULL,,Y,37.50436,-82.53567,N,NULL,NULL,NULL,NULL,NULL,NULL,NULL,NULL,4,3,5,6,1,1,2,2,1,3,N,NULL,Y,N,1829,1835,1841,N,NULL,70,,,N,,N,N,098-CS-1191-0,NULL,NULL,2019,O,7.24E+11,098-CS-1191  -000,HIGH,098-CS-1191  -000,0.231,0,0,0,1,0,0,1,1,0,0,0,0,0,1,Non-DAC,0,1,,
72329459,980100,2.02E+11,20190306,1000,,RIVER,,DR,,,0,098 CS-1054,CS1054,N,N,NULL,NULL,NULL,N,NULL,NULL,NULL,NULL,NULL,NULL,0.06,NULL,NULL,NULL,NULL,,NULL,0,0,2,2,Y,N,15,NULL,98,9801,NULL,,Y,37.47197,-82.52193,N,NULL,NULL,NULL,NULL,NULL,NULL,NULL,NULL,2,7,2,6,1,1,2,2,1,3,N,NULL,Y,N,1000,1000,,N,NULL,47,,,N,,N,N,098-CS-1054-0,NULL,NULL,2019,O,7.23E+11,098-CS-1054  -000,HIGH,098-CS-1054  -000,0.06,0,0,0,0,0,0,1,0,0,0,0,0,0,1,DAC,0,1,,
72448565,980100,2.02E+11,20191209,1719,,US23,,,US0023,US0023,,,,N,N,NULL,NULL,NULL,N,NULL,NULL,NULL,NULL,NULL,NULL,26.185,NULL,NULL,NULL,NULL,,NULL,0,0,2,2,N,N,55,NULL,98,9801,NULL,,Y,37.50227,-82.53196,N,NULL,NULL,NULL,NULL,NULL,NULL,NULL,NULL,5,3,4,6,1,5,6,4,7,3,N,NULL,Y,N,1719,1727,1727,N,NULL,70,,1,N,,N,N,,NULL,NULL,2019,O,7.24E+11,098-US-0023  -000,MEDIUM,098-US-0023  -000,26.185,0,0,0,0,0,0,1,0,0,0,0,0,0,1,Non-DAC,1,0,195-0861,1
72373701,980100,2.02E+11,20190628,537,,NIGHTINGALE,,CT,,,0,098 CS-1047,CS1047,N,N,NULL,NULL,NULL,N,NULL,NULL,NULL,NULL,NULL,NULL,0.079,NULL,NULL,NULL,NULL,,NULL,0,0,2,2,N,N,15,NULL,98,9801,NULL,,Y,37.46647,-82.56292,N,NULL,NULL,NULL,NULL,NULL,NULL,NULL,NULL,2,97,1,6,97,1,2,1,5,3,N,NULL,Y,N,538,545,,N,NULL,47,,,N,,N,N,098-CS-1047-0,NULL,NULL,2019,O,7.24E+11,098-CS-1047  -000,HIGH,098-CS-1047  -000,0.079,0,0,0,0,0,0,1,0,0,0,0,0,0,1,Non-DAC,0,1,,
72342717,980100,2.02E+11,20190413,1913,,KY1426,,,KY1426,KY1426,0,098 KY-1426,KY1426,N,N,NULL,NULL,NULL,N,NULL,NULL,NULL,NULL,NULL,NULL,5.025,NULL,NULL,NULL,NULL,,NULL,1,0,1,1,N,Y,35,NULL,98,9801,NULL,,Y,37.47295,-82.53348,N,NULL,NULL,NULL,NULL,NULL,NULL,NULL,NULL,9,3,1,3,1,1,2,2,7,3,Y,NULL,Y,Y,1713,1932,2023,N,NULL,70,,0,Y,,N,N,098-KY-1426-0,NULL,NULL,2019,B,7.23E+11,098-KY-1426  -000,HIGH,098-KY-1426  -000,5.025,1,0,0,0,0,0,0,0,0,0,0,1,0,1,DAC,0,1,,
72388165,980100,2.02E+11,20190802,1640,,CASSIDY,,BLVD,,,0,098 CS-1191,CS1191,N,N,NULL,NULL,NULL,N,NULL,NULL,NULL,NULL,NULL,NULL,0.266,NULL,NULL,NULL,NULL,,NULL,0,0,2,2,N,N,25,NULL,98,9801,NULL,,Y,37.5047,-82.53621,N,NULL,NULL,NULL,NULL,NULL,NULL,NULL,NULL,4,3,3,6,1,1,2,2,7,3,N,NULL,N,N,1640,1648,1648,N,NULL,70,,,Y,,N,N,098-CS-1191-0,NULL,NULL,2019,O,7.24E+11,098-CS-1191  -000,HIGH,098-CS-1191  -000,0.266,0,0,0,1,0,0,1,1,0,0,0,0,0,1,Non-DAC,0,1,,
72452978,980100,2.02E+11,20191218,830,,BYPASS,S,RD,KY1426,KY1426,0,098 KY-1426,KY1426,N,N,NULL,NULL,NULL,N,NULL,NULL,NULL,NULL,NULL,NULL,6.261,NULL,NULL,NULL,NULL,,NULL,0,0,2,2,N,N,55,NULL,98,9801,NULL,,Y,37.47852,-82.51559,N,NULL,NULL,NULL,NULL,NULL,NULL,NULL,NULL,5,3,2,6,1,1,2,2,1,3,N,NULL,N,N,830,833,833,N,NULL,49,,0,N,,N,N,098-KY-1426-0,NULL,NULL,2019,O,7.25E+11,098-KY-1426  -000,HIGH,098-KY-1426  -000,6.261,0,0,0,0,0,0,1,0,0,0,0,0,0,1,DAC,0,1,,
72510323,980100,20200007116,20200610,1227,,KY3496,,,KY3496,KY3496,,,,N,Y,US23,,,N,NULL,NULL,NULL,NULL,NULL,NULL,0.011,NULL,NULL,NULL,NULL,,NULL,0,0,2,2,N,N,35,NULL,98,9801,NULL,,Y,37.46581,-82.52814,N,NULL,NULL,NULL,NULL,NULL,NULL,NULL,NULL,5,3,2,6,1,1,2,2,7,3,N,NULL,Y,N,1227,1229,,N,NULL,35,16,0,N,,N,N,,NULL,NULL,2020,O,7.25E+11,098-KY-3496  -000,MEDIUM,098-KY-3496  -000,0.011,0,0,0,1,0,0,1,1,0,0,1,0,0,1,DAC,1,0,195-1219,1
72457844,980100,2.02E+11,20191230,740,,US23,,,US0023,US0023,,,,N,N,NULL,NULL,NULL,N,NULL,NULL,NULL,NULL,NULL,NULL,22.593,NULL,NULL,NULL,NULL,,NULL,1,0,2,2,N,N,55,NULL,98,9801,NULL,,Y,37.46449,-82.52002,N,NULL,NULL,NULL,NULL,NULL,NULL,NULL,NULL,5,3,4,6,1,1,2,2,1,3,N,NULL,Y,Y,740,745,912,N,NULL,49,,1,N,,N,N,,NULL,NULL,2019,B,7.25E+11,098-US-0023  -000,MEDIUM,098-US-0023  -000,22.593,0,0,0,0,0,0,1,1,0,0,0,0,0,1,Non-DAC,0,1,,
72396624,980100,2.02E+11,20190816,1227,,CASSIDY,,BLVD,,,,,,N,N,NULL,NULL,NULL,N,NULL,NULL,NULL,NULL,NULL,NULL,0.275,NULL,NULL,NULL,NULL,,NULL,0,0,2,2,N,N,25,NULL,98,9801,NULL,,Y,37.50483,-82.53635,N,NULL,NULL,NULL,NULL,NULL,NULL,NULL,NULL,1,3,4,6,1,1,2,2,7,3,N,NULL,N,N,1227,1230,1231,N,NULL,55,,,N,,N,N,,NULL,NULL,2019,O,7.24E+11,098-CS-1191  -000,MEDIUM,098-CS-1191  -000,0.275,0,0,0,0,0,0,1,0,0,0,0,0,0,1,Non-DAC,0,1,,
72332377,980100,2.02E+11,20190327,1710,,HAMBLEY,,BLVD,,,,,,N,N,NULL,NULL,NULL,N,NULL,NULL,NULL,NULL,NULL,NULL,0.328,NULL,NULL,NULL,NULL,,NULL,0,0,2,2,N,N,25,NULL,98,9801,NULL,,Y,37.47647,-82.52234,N,NULL,NULL,NULL,NULL,NULL,NULL,NULL,NULL,5,3,2,4,1,1,2,2,1,3,N,NULL,Y,N,1710,1716,1718,N,NULL,70,,,N,,N,N,,NULL,NULL,2019,O,7.23E+11,098-CS-1222  -000,HIGH,098-CS-1222  -000,0.328,0,0,0,0,0,0,0,1,0,0,0,0,0,1,DAC,0,1,,
72362383,980100,2.02E+11,20190531,850,,MAIN,,ST,,,,,,N,N,NULL,NULL,NULL,N,NULL,NULL,NULL,NULL,NULL,NULL,0.166,NULL,NULL,NULL,NULL,,NULL,0,0,2,2,Y,Y,15,NULL,98,9801,NULL,,Y,37.47985,-82.51718,N,NULL,NULL,NULL,NULL,NULL,NULL,NULL,NULL,8,3,2,6,1,1,3,2,1,3,N,NULL,Y,N,850,850,,N,NULL,47,,,Y,,N,N,,NULL,NULL,2019,O,7.24E+11,098-CS-1112  -000,HIGH,098-CS-1112  -000,0.166,0,0,0,0,0,0,1,0,0,0,0,0,0,1,DAC,0,1,,
72313451,980100,2.02E+11,20190204,1225,,BYPASS,S,RD,KY1426,KY1426,0,098 KY-1426,KY1426,N,N,NULL,NULL,NULL,N,NULL,NULL,NULL,NULL,NULL,NULL,6.593,NULL,NULL,NULL,NULL,,NULL,3,0,2,2,N,N,55,NULL,98,9801,NULL,,Y,37.48289,-82.51337,N,NULL,NULL,NULL,NULL,NULL,NULL,NULL,NULL,1,3,2,6,1,1,2,2,1,3,Y,NULL,Y,Y,1225,1226,1250,N,NULL,55,,0,N,,N,N,098-KY-1426-0,NULL,NULL,2019,B,7.23E+11,098-KY-1426  -000,HIGH,098-KY-1426  -000,6.593,0,0,0,1,0,0,0,1,0,0,0,0,0,1,DAC,1,0,195-1019,1
72377490,980100,2.02E+11,20190709,1155,,US23,,,US0023,US0023,,,,N,N,NULL,NULL,NULL,N,NULL,NULL,NULL,NULL,NULL,NULL,30.196,NULL,NULL,NULL,NULL,,NULL,0,0,2,2,N,N,55,NULL,98,9801,NULL,,Y,37.53951,-82.5812,N,NULL,NULL,NULL,NULL,NULL,NULL,NULL,NULL,8,3,2,6,1,1,2,2,7,3,N,NULL,Y,N,1155,1206,1206,N,NULL,53,,1,N,,N,N,,NULL,NULL,2019,O,7.24E+11,098-US-0023  -000,MEDIUM,098-US-0023  -000,30.196,0,0,0,0,0,0,1,0,0,0,0,1,0,1,Non-DAC,0,1,,
72426772,980100,2.02E+11,20191025,2312,,PIKE,,ST,,,,,,N,N,NULL,NULL,NULL,N,NULL,NULL,NULL,NULL,NULL,NULL,0.024,NULL,NULL,NULL,NULL,,NULL,0,0,2,2,N,N,15,NULL,98,9801,NULL,,Y,37.47995,-82.51594,N,NULL,NULL,NULL,NULL,NULL,NULL,NULL,NULL,3,3,2,1,1,5,2,5,1,3,N,NULL,Y,N,2312,2318,,N,NULL,52,,,N,,N,N,,NULL,NULL,2019,O,7.24E+11,098-CS-1113  -000,HIGH,098-CS-1113  -000,0.024,0,0,1,0,0,0,0,0,0,0,0,1,0,1,DAC,0,1,,
72445910,980100,2.02E+11,20191204,651,,US23,,,US0023,US0023,0,098 US-23,US0023,N,N,NULL,NULL,NULL,N,NULL,NULL,NULL,NULL,NULL,NULL,21.787,NULL,NULL,NULL,NULL,,NULL,0,0,1,1,N,N,55,NULL,98,9801,NULL,,Y,37.45507,-82.52034,N,NULL,NULL,NULL,NULL,NULL,NULL,NULL,NULL,9,3,4,6,1,1,2,5,7,3,N,NULL,Y,N,651,653,,N,NULL,38,,1,N,,N,N,098-US-0023-0,NULL,NULL,2019,O,7.24E+11,098-US-0023  -000,HIGH,098-US-0023  -000,21.787,0,0,0,0,0,0,0,0,0,0,0,0,0,1,Non-DAC,0,1,,
72314136,KSP0900,19-3334,20190131,1940,,US23,,,US0023,US0023,0,098 US-23-10,US0023,N,N,NULL,NULL,NULL,N,NULL,NULL,NULL,NULL,NULL,NULL,26.333,NULL,NULL,NULL,NULL,,NULL,0,0,2,2,N,N,55,NULL,98,9801,NULL,,Y,37.5043,-82.53261,N,NULL,NULL,NULL,NULL,NULL,NULL,NULL,NULL,5,3,4,6,1,1,2,6,7,3,N,NULL,Y,N,1940,1950,,N,NULL,49,,1,N,,N,N,098-US-0023-10,NULL,NULL,2019,O,7.23E+11,098-US-0023  -010,HIGH,098-US-0023  -000,26.333,0,0,0,0,0,0,1,1,0,0,0,0,0,1,Non-DAC,0,1,,
72315018,980100,2.02E+11,20190211,1634,,BYPASS,S,RD,KY1426,KY1426,,,,N,Y,RIVER DR CONN,,,N,NULL,NULL,NULL,NULL,NULL,NULL,5.643,NULL,NULL,NULL,NULL,,NULL,0,0,2,2,N,N,45,NULL,98,9801,NULL,,Y,37.47257,-82.52368,N,NULL,NULL,NULL,NULL,NULL,NULL,NULL,NULL,5,3,2,6,1,5,6,2,7,3,N,NULL,Y,N,1634,1635,1635,N,NULL,35,,0,N,,N,N,,NULL,NULL,2019,O,7.23E+11,098-KY-1426  -000,HIGH,098-KY-1426  -000,5.643,0,0,0,0,0,0,1,1,0,0,1,0,0,1,DAC,1,0,195-1179,1
72439377,980100,2.02E+11,20191120,1129,,US119,,,US0119,US0119,0,098 US-119,US0119,N,N,NULL,NULL,NULL,N,NULL,NULL,NULL,NULL,NULL,NULL,0.036,NULL,NULL,NULL,NULL,,NULL,0,0,2,2,N,N,55,NULL,98,9801,NULL,,Y,37.50393,-82.53138,N,NULL,NULL,NULL,NULL,NULL,NULL,NULL,NULL,5,3,2,6,1,1,2,2,7,3,N,NULL,Y,N,1131,1137,1139,N,NULL,49,2,1,N,,N,N,098-US-0119-0,NULL,NULL,2019,O,7.24E+11,098-US-0119  -000,HIGH,098-US-0119  -000,0.036,0,0,0,0,0,0,0,0,0,0,0,0,0,1,Non-DAC,1,0,195-0861,1
72366370,980100,2.02E+11,20190613,1850,,BYPASS,S,RD,KY1426,KY1426,0,098 KY-1426,KY1426,N,N,NULL,NULL,NULL,N,NULL,NULL,NULL,NULL,NULL,NULL,5.631,NULL,NULL,NULL,NULL,,NULL,0,0,2,2,N,N,45,NULL,98,9801,NULL,,Y,37.47258,-82.5239,N,NULL,NULL,NULL,NULL,NULL,NULL,NULL,NULL,5,3,2,6,1,1,2,2,7,3,N,NULL,N,N,1650,1650,1710,N,NULL,70,,0,Y,,N,N,098-KY-1426-0,NULL,NULL,2019,O,7.24E+11,098-KY-1426  -000,HIGH,098-KY-1426  -000,5.631,0,0,0,0,0,0,1,0,0,0,0,0,0,1,DAC,1,0,195-1179,1
72898122,980100,2.02E+11,20230512,1642,,KY1426,,,KY1426,KY1426,0,098 KY-1426,KY1426,N,N,NULL,NULL,NULL,N,NULL,NULL,NULL,NULL,NULL,NULL,8.05,NULL,NULL,NULL,NULL,,NULL,0,0,1,1,N,N,55,NULL,98,9801,NULL,,Y,37.49182,-82.49134,N,NULL,NULL,NULL,NULL,NULL,NULL,NULL,NULL,9,3,2,1,1,5,6,2,1,3,N,NULL,Y,N,1643,1644,1644,N,NULL,44,,0,N,,N,N,098-KY-1426-0,NULL,NULL,2023,O,7.29E+11,098-KY-1426  -000,HIGH,098-KY-1426  -000,8.045,0,0,0,0,0,0,0,0,0,0,0,1,0,1,Non-DAC,0,1,,
72334352,980100,2.02E+11,20190402,1235,,MAYO,N,TRL,US0023,US0023,0,098 US-23-10,US0023,N,N,NULL,NULL,NULL,N,NULL,NULL,NULL,NULL,NULL,NULL,26.313,NULL,NULL,NULL,NULL,,NULL,0,0,2,2,N,N,55,NULL,98,9801,NULL,,Y,37.50408,-82.5324,N,NULL,NULL,NULL,NULL,NULL,NULL,NULL,NULL,5,3,4,6,1,1,3,2,7,3,N,NULL,Y,N,1235,1235,1239,N,NULL,70,,1,N,,N,N,098-US-0023-10,NULL,NULL,2019,O,7.23E+11,098-US-0023  -010,HIGH,098-US-0023  -000,26.313,0,0,0,0,0,0,1,0,0,0,0,0,0,1,Non-DAC,0,1,,
72351696,980100,2.02E+11,20190511,1225,,CASSIDY,,BLVD,,,0,098 CS-1191,CS1191,N,N,NULL,NULL,NULL,N,NULL,NULL,NULL,NULL,NULL,NULL,0.296,NULL,NULL,NULL,NULL,,NULL,0,0,2,2,N,N,25,NULL,98,9801,NULL,,Y,37.50499,-82.53673,N,NULL,NULL,NULL,NULL,NULL,NULL,NULL,NULL,1,3,4,6,1,1,3,2,1,3,N,NULL,Y,N,1225,1234,1234,N,NULL,55,,,N,,N,N,098-CS-1191-0,NULL,NULL,2019,O,7.24E+11,098-CS-1191  -000,HIGH,098-CS-1191  -000,0.296,0,0,0,1,0,0,0,1,0,0,0,0,0,1,Non-DAC,0,1,,
72322085,980100,2.02E+11,20190302,1802,,THOMPSON,,RD,,,,,,N,N,NULL,NULL,NULL,N,NULL,NULL,NULL,NULL,NULL,NULL,0.046,NULL,NULL,NULL,NULL,,NULL,0,0,2,2,N,N,35,NULL,98,9801,NULL,,Y,37.51014,-82.54828,N,NULL,NULL,NULL,NULL,NULL,NULL,NULL,NULL,5,3,2,6,1,5,6,2,7,3,N,NULL,Y,N,1802,1810,1810,N,NULL,49,,,N,,N,N,,NULL,NULL,2019,O,7.23E+11,098-CS-1215  -000,HIGH,098-CS-1215  -000,0.046,0,0,1,0,0,0,0,0,0,0,0,0,0,1,Non-DAC,1,0,195-0812,1
72339990,980100,2.02E+11,20190416,1202,,HAMBLEY,,BLVD,,,0,098 CS-1222,CS1222,N,N,NULL,NULL,NULL,N,NULL,NULL,NULL,NULL,NULL,NULL,1.44,NULL,NULL,NULL,NULL,,NULL,0,0,2,2,N,N,35,NULL,98,9801,NULL,,Y,37.48382,-82.52908,N,NULL,NULL,NULL,NULL,NULL,NULL,NULL,NULL,8,3,2,6,1,1,2,2,6,3,N,NULL,Y,N,1203,1208,1208,N,NULL,53,,,N,,N,N,098-CS-1222-0,NULL,NULL,2019,O,7.23E+11,098-CS-1222  -000,HIGH,098-CS-1222  -000,1.44,0,0,0,0,0,0,1,0,0,0,0,1,0,1,DAC,1,0,195-1004,1
72409756,980100,2.02E+11,20190918,1204,,US23,,,US0023,US0023,0,098 US-23-10,US0023,N,N,NULL,NULL,NULL,N,NULL,NULL,NULL,NULL,NULL,NULL,23.534,NULL,NULL,NULL,NULL,,NULL,0,0,1,1,N,N,55,NULL,98,9801,NULL,,Y,37.47045,-82.53371,N,NULL,NULL,NULL,NULL,NULL,NULL,NULL,NULL,9,3,4,6,1,1,2,2,7,3,N,NULL,Y,N,1204,1212,1212,N,NULL,40,,1,N,,N,N,098-US-0023-10,NULL,NULL,2019,O,7.24E+11,098-US-0023  -010,HIGH,098-US-0023  -000,23.534,0,0,0,1,0,0,0,0,0,0,0,1,0,1,DAC,0,1,,
72394637,980100,2.02E+11,20190817,2100,,US460,,,US0460,US0460,0,098 US-460,US0460,N,N,NULL,NULL,NULL,N,NULL,NULL,NULL,NULL,NULL,NULL,0.322,NULL,NULL,NULL,NULL,,NULL,0,0,2,2,N,N,55,NULL,98,9801,NULL,,Y,37.43819,-82.51058,N,NULL,NULL,NULL,NULL,NULL,NULL,NULL,NULL,5,3,2,6,1,1,2,5,1,3,N,NULL,Y,N,2045,2051,2051,N,NULL,49,,1,N,,N,N,098-US-0460-0,NULL,NULL,2019,O,7.24E+11,098-US-0460  -000,HIGH,098-US-0460  -000,0.322,0,0,1,0,0,0,1,0,0,0,0,0,0,1,Non-DAC,0,1,,
72421251,980100,2.02E+11,20191015,1603,,US23,,,US0023,US0023,,,,N,N,NULL,NULL,NULL,N,NULL,NULL,NULL,NULL,NULL,NULL,26.252,NULL,NULL,NULL,NULL,,NULL,0,0,2,2,N,N,55,NULL,98,9801,NULL,,Y,37.50321,-82.53209,N,NULL,NULL,NULL,NULL,NULL,NULL,NULL,NULL,5,3,4,6,1,1,2,2,7,3,N,NULL,Y,N,1603,1610,1613,N,NULL,49,,1,N,,N,N,,NULL,NULL,2019,O,7.24E+11,098-US-0023  -000,MEDIUM,098-US-0023  -000,26.252,0,0,0,0,0,0,0,0,0,0,0,0,0,1,Non-DAC,1,0,195-0861,1
72299232,980100,2.02E+11,20190103,1530,,BYPASS,N,RD,KY1460,KY1460,,,,N,N,NULL,NULL,NULL,N,NULL,NULL,NULL,NULL,NULL,NULL,5.171,NULL,NULL,NULL,NULL,,NULL,1,0,3,3,N,N,45,NULL,98,9801,NULL,,Y,37.48405,-82.51447,N,NULL,NULL,NULL,NULL,NULL,NULL,NULL,NULL,5,3,2,6,1,1,2,2,7,3,Y,NULL,Y,N,1530,1535,1541,N,NULL,70,16,0,N,,Y,N,,NULL,NULL,2019,C,7.23E+11,098-KY-1460  -000,HIGH,098-KY-1460  -000,5.171,0,0,0,1,0,0,1,0,0,0,0,0,0,1,DAC,0,1,,