MasterFile,AgencyORINumber,LocalCode,CollisionDate,CollisionTime,CollisionDayWeekCode,RoadwayName,RoadwayName_Direction_,RoadwayName_RoadwaySuffix_,RoadwayfromReport,CurrentRoadwayNumber,RoadwayNumberCoupletID,RSEUniqueGIS,RoadwayIdentifier,ParkingLotIndicator,IntersectionWith_Indicator_,IntersectionWith_NameRoadway_,IntersectionWith_Direction_,IntersectionWith_RoadwaySuffix_,BetweenStreets_Indicator_,BetweenStreets1_NameRoadway_,BetweenStreet1_Direction_,BetweenStreets1_RoadwaySuffix_,BetweenStreets2_NameRoadway_,BetweenStreets2_Direction_,BetweenStreets2_RoadwaySuffix_,Milepoint,ReportMilepointDeriveNumber,CurrentDerivedMiepointNumber,MilestoMilepoint,FeettoMilepoint,DirectionfromMilepoint_NSEW_,ValidMilepointIndicator,NumberInjured,NumberKilled,ofUnits,ofMotorVehicleUnits,Hit&RunIndicator,OneWayIndicator,SpeedLimitNumber,KilometersIndicator,CountyCode,CityCountyCode,MilesFromCity,DirectionFromCity_NSEW_,InCityLimitsIndicator,Latitude,Longitude,RampIndicator,RampFromIdentifier,RampFromDirCode,RampFromCoupletID,RSEUniqueGISRampFrom,RampToidentifier,RampToDirCode,RampToCoupletID,RSEUniqueGisRampTo,MannerofCollisionCode,LocationFirstEventCode,TotalLanes,RoadwayCharacterCode,RoadwaySurfaceCode,RoadwayConditionCode,WeatherCode,LightConditionCode,LandUseCode,SchoolBusRelatedCode,FirstAidSceneIndicator,CollDescPresentInd,InvestigationCompleteIndicator,PhotosTakenIndicator,TimeNotified,TimeArrived,TimeRoadwayOpened,PropertyDamageIndicator,DiagramPresentIndicator,DirectionalAnalysis,FunctionClassCode,NationalHwySysCode,EnforcementsIndicator,KARSCityCode,SecondaryCollisionIndicator,MedianCrossoverIndicator,RT_UNIQUE,MapIt,TimeLastLeft,YR,KABCO,MFNY,WorkingRID,RT_CONFIDENCE,KTC_RT,KTC_MP,Motorcyclist,Commercial Vehicle,Young Driver,Mature Driver,Pedestrian,Bicyclist,Distracted,Aggressive,Impaired,Unrestrained,Intersection,Roadway Departure,Median Cross-over,CityCrash,DACid,Intersection Crash,Segment Crash,Int_ID,CityIntersection
72348214,980100,2.02E+11,20190503,1723,,THOMPSON,,RD,,,,,,N,N,NULL,NULL,NULL,N,NULL,NULL,NULL,NULL,NULL,NULL,0.276,NULL,NULL,NULL,NULL,,NULL,0,0,2,2,N,N,35,NULL,98,9801,NULL,,Y,37.50723,-82.54755,N,NULL,NULL,NULL,NULL,NULL,NULL,NULL,NULL,5,3,2,6,1,1,3,2,1,3,N,NULL,Y,N,1723,1732,,N,NULL,70,,,N,,N,N,,NULL,NULL,2019,O,7.23E+11,098-CS-1215  -000,HIGH,098-CS-1215  -000,0.276,0,0,0,0,0,0,1,0,0,0,0,0,0,1,Non-DAC,0,1,,
72313296,980100,2.02E+11,20190206,2240,,MAYO,N,TRL,US0023,US0023,,,,N,N,NULL,NULL,NULL,N,NULL,NULL,NULL,NULL,NULL,NULL,31.753,NULL,NULL,NULL,NULL,,NULL,0,0,1,1,N,N,55,NULL,98,9801,NULL,,Y,37.53734,-82.60432,N,NULL,NULL,NULL,NULL,NULL,NULL,NULL,NULL,9,3,4,6,1,5,6,6,7,3,N,NULL,Y,Y,2240,2250,41,N,NULL,40,,1,N,,N,N,,NULL,NULL,2019,O,7.23E+11,098-US-0023  -010,MEDIUM,098-US-0023  -000,31.753,0,1,0,0,0,0,0,0,0,0,0,1,0,1,Non-DAC,1,0,195-0615,1
72322234,980100,2.02E+11,20190301,1639,,HAMBLEY,,BLVD,,,,,,N,N,NULL,NULL,NULL,N,NULL,NULL,NULL,NULL,NULL,NULL,0.142,NULL,NULL,NULL,NULL,,NULL,1,0,2,2,N,N,25,NULL,98,9801,NULL,,Y,37.47476,-82.52489,N,NULL,NULL,NULL,NULL,NULL,NULL,NULL,NULL,1,3,2,6,1,5,6,2,7,3,Y,NULL,Y,Y,1639,1645,1711,N,NULL,47,,,Y,,N,N,,NULL,NULL,2019,C,7.23E+11,098-CS-1222  -000,HIGH,098-CS-1222  -000,0.142,0,1,0,0,0,0,0,0,1,0,0,0,0,1,DAC,1,0,195-1160,1
72348549,980100,2.02E+11,20190504,2051,,HAMBLEY,,BLVD,,,0,098 CS-1222,CS1222,N,N,NULL,NULL,NULL,N,NULL,NULL,NULL,NULL,NULL,NULL,0.849,NULL,NULL,NULL,NULL,,NULL,0,0,2,2,Y,N,35,NULL,98,9801,NULL,,Y,37.48307,-82.51961,N,NULL,NULL,NULL,NULL,NULL,NULL,NULL,NULL,8,3,2,6,1,5,6,5,7,3,N,NULL,Y,N,2051,2105,2105,N,NULL,53,,,N,,N,N,098-CS-1222-0,NULL,NULL,2019,O,7.23E+11,098-CS-1222  -000,HIGH,098-CS-1222  -000,0.849,0,0,0,0,0,0,0,0,0,0,0,1,0,1,DAC,0,1,,
72297958,980100,2.02E+11,20190102,1011,,KY3496,,,KY3496,KY3496,0,098 KY-3496,KY3496,N,N,NULL,NULL,NULL,N,NULL,NULL,NULL,NULL,NULL,NULL,0.803,NULL,NULL,NULL,NULL,,NULL,0,0,2,2,N,N,35,NULL,98,9801,NULL,,Y,37.47205,-82.52946,N,NULL,NULL,NULL,NULL,NULL,NULL,NULL,NULL,1,3,2,6,1,1,3,2,1,3,N,NULL,Y,N,1011,1016,1017,N,NULL,55,16,0,N,,N,N,098-KY-3496-0,NULL,NULL,2019,O,7.23E+11,098-KY-3496  -000,HIGH,098-KY-3496  -000,0.803,0,0,0,0,0,0,1,0,0,0,0,0,0,1,DAC,1,0,195-1184,1
72423287,980100,2.02E+11,20191017,1721,,US23 TURN LANE,,,US0023,US0023,0,098 US-23-20,US0023,N,N,NULL,NULL,NULL,N,NULL,NULL,NULL,NULL,NULL,NULL,0.012,NULL,NULL,NULL,NULL,,NULL,0,0,2,2,N,N,55,NULL,98,9801,NULL,,Y,37.50388,-82.53249,N,NULL,NULL,NULL,NULL,NULL,NULL,NULL,NULL,5,3,4,3,1,1,2,2,7,3,N,NULL,Y,N,1721,1735,1735,N,NULL,49,,1,N,,N,N,098-US-0023-20,NULL,NULL,2019,O,7.24E+11,098-US-0023  -020,HIGH,098-US-0023  -020,0.012,0,0,0,0,0,0,1,0,0,0,0,0,0,1,Non-DAC,1,0,195-0861,1
72448287,980500,2019-AR072,20191127,1149,,MAYO,N,TRL,US0023,US0023,0,098 US-23,US0023,N,N,NULL,NULL,NULL,N,NULL,NULL,NULL,NULL,NULL,NULL,27.484,NULL,NULL,NULL,NULL,NULL,NULL,0,0,2,2,N,N,55,NULL,98,9807,NULL,,Y,37.51145,-82.55057,N,NULL,NULL,NULL,NULL,NULL,NULL,NULL,NULL,8,3,6,6,1,1,2,2,7,3,N,NULL,Y,Y,1152,1157,1157,N,NULL,53,,1,N,,N,N,098-US-0023-0,NULL,NULL,2019,O,7.24E+11,098-US-0023  -000,HIGH,098-US-0023  -000,27.484,0,1,0,0,0,0,1,0,0,0,0,1,0,1,Non-DAC,1,0,195-0808,1
72297899,KSP0900,19-136,20190102,1019,,US119,,,US0119,US0119,0,098 US-119-10,US0119,N,N,NULL,NULL,NULL,N,NULL,NULL,NULL,NULL,NULL,NULL,2.288,NULL,NULL,NULL,NULL,,NULL,0,0,1,1,N,N,55,NULL,98,9801,NULL,,Y,37.51334,-82.49432,N,NULL,NULL,NULL,NULL,NULL,NULL,NULL,NULL,9,3,2,6,1,1,3,2,7,3,N,NULL,N,N,1019,1025,1400,N,NULL,44,2,1,N,,N,N,098-US-0119-10,NULL,NULL,2019,O,7.23E+11,098-US-0119  -010,HIGH,098-US-0119  -000,2.288,0,0,1,0,0,0,1,0,0,0,0,1,0,1,DAC,0,1,,
72357420,980100,2.02E+11,20190517,1740,,US23,,,US0023,US0023,0,098 US-23,US0023,N,N,NULL,NULL,NULL,N,NULL,NULL,NULL,NULL,NULL,NULL,21.364,NULL,NULL,NULL,NULL,,NULL,3,0,2,2,N,N,55,NULL,98,9801,NULL,,Y,37.4501,-82.5244,N,NULL,NULL,NULL,NULL,NULL,NULL,NULL,NULL,5,3,4,6,1,1,2,2,7,3,Y,NULL,Y,Y,1727,1732,1825,N,NULL,49,,1,N,,N,N,098-US-0023-0,NULL,NULL,2019,A,7.24E+11,098-US-0023  -000,HIGH,098-US-0023  -000,21.364,0,0,0,0,0,0,0,0,0,1,0,1,0,1,Non-DAC,0,1,,
72342714,980100,2.02E+11,20190422,214,,US23,,,US0023,US0023,0,098 US-23,US0023,N,N,NULL,NULL,NULL,N,NULL,NULL,NULL,NULL,NULL,NULL,20.725,NULL,NULL,NULL,NULL,,NULL,0,0,1,1,N,N,55,NULL,98,9801,NULL,,Y,37.44287,-82.52146,N,NULL,NULL,NULL,NULL,NULL,NULL,NULL,NULL,9,3,4,3,1,1,2,5,7,3,N,NULL,Y,Y,214,218,214,N,NULL,38,,1,N,,N,N,098-US-0023-0,NULL,NULL,2019,O,7.23E+11,098-US-0023  -000,HIGH,098-US-0023  -000,20.725,0,0,0,0,0,0,0,0,0,0,0,0,0,1,Non-DAC,0,1,,
72414654,980100,2.02E+11,20190930,1658,,HAMBLEY,,BLVD,,,,,,N,N,NULL,NULL,NULL,N,NULL,NULL,NULL,NULL,NULL,NULL,0.003,NULL,NULL,NULL,NULL,,NULL,1,0,2,2,N,N,35,NULL,98,9801,NULL,,Y,37.47398,-82.52728,N,NULL,NULL,NULL,NULL,NULL,NULL,NULL,NULL,4,3,4,6,1,1,2,2,1,3,Y,NULL,Y,Y,1711,1720,1743,N,NULL,70,,,N,,N,N,,NULL,NULL,2019,B,7.24E+11,098-CS-1222  -000,MEDIUM,098-CS-1222  -000,0.003,0,0,1,0,0,0,1,1,0,0,0,0,0,1,DAC,1,0,195-1167,1
72301796,980100,2.02E+11,20190105,1545,,JULIUS,,AVE,,,0,098 CS-1156,CS1156,N,N,NULL,NULL,NULL,N,NULL,NULL,NULL,NULL,NULL,NULL,0.028,NULL,NULL,NULL,NULL,,NULL,0,0,2,2,N,N,25,NULL,98,9801,NULL,,Y,37.47658,-82.52283,N,NULL,NULL,NULL,NULL,NULL,NULL,NULL,NULL,7,3,2,4,1,1,2,2,6,3,Y,NULL,Y,N,1545,1549,1638,N,NULL,54,,,Y,,N,N,098-CS-1156-0,NULL,NULL,2019,O,7.23E+11,098-CS-1156  -000,HIGH,098-CS-1156  -000,0.028,0,0,0,1,0,0,0,0,0,0,0,1,0,1,DAC,1,0,195-1139,1
72383694,980100,2.02E+11,20190724,941,,BRYAN,,ST,,,0,098 CS-1205,CS1205,N,N,NULL,NULL,NULL,N,NULL,NULL,NULL,NULL,NULL,NULL,0.053,NULL,NULL,NULL,NULL,,NULL,0,0,2,2,N,N,15,NULL,98,9801,NULL,,Y,37.4985,-82.53402,N,NULL,NULL,NULL,NULL,NULL,NULL,NULL,NULL,2,3,2,6,1,1,2,2,7,3,N,NULL,Y,N,941,941,955,N,NULL,47,,,N,,N,N,098-CS-1205-0,NULL,NULL,2019,O,7.24E+11,098-CS-1205  -000,HIGH,098-CS-1205  -000,0.053,0,0,0,1,0,0,0,0,0,0,0,0,0,1,Non-DAC,0,1,,
72378496,980100,2.02E+11,20190712,557,,LORAINE STREET,,,,,,,,N,N,NULL,NULL,NULL,N,NULL,NULL,NULL,NULL,NULL,NULL,,NULL,NULL,NULL,NULL,,NULL,1,0,1,1,N,N,25,NULL,98,9801,NULL,,Y,37.48375,-82.53481,N,NULL,NULL,NULL,NULL,NULL,NULL,NULL,NULL,9,3,2,6,1,1,2,1,7,3,Y,NULL,Y,Y,557,600,651,N,NULL,40,,,Y,,N,N,,NULL,NULL,2019,C,7.24E+11,098-KY-1384  -000,MEDIUM,098-KY-1384  -000,7.533,0,0,0,0,0,0,0,1,1,0,0,1,0,1,DAC,1,0,195-1009,1
72360932,KSP0900,19-20201,20190602,54,,KY3218,,,KY3218,KY3218,0,098 KY-3218,KY3218,N,N,NULL,NULL,NULL,N,NULL,NULL,NULL,NULL,NULL,NULL,3.193,NULL,NULL,NULL,NULL,,NULL,0,0,1,1,N,N,55,NULL,98,9807,NULL,,Y,37.56139,-82.55721,N,NULL,NULL,NULL,NULL,NULL,NULL,NULL,NULL,9,5,2,1,1,1,2,4,6,3,N,NULL,Y,N,54,109,,Y,NULL,44,8,0,N,,N,N,098-KY-3218-0,NULL,NULL,2019,O,7.24E+11,098-KY-3218  -000,HIGH,098-KY-3218  -000,3.193,0,0,0,0,0,0,0,0,0,0,0,1,0,1,Non-DAC,0,1,,
72421873,980100,2.02E+11,20191016,1607,,CASSIDY,,BLVD,,,,,,N,N,NULL,NULL,NULL,N,NULL,NULL,NULL,NULL,NULL,NULL,0.319,NULL,NULL,NULL,NULL,,NULL,0,0,2,2,N,N,25,NULL,98,9801,NULL,,Y,37.50521,-82.53723,N,NULL,NULL,NULL,NULL,NULL,NULL,NULL,NULL,1,3,2,3,1,1,3,2,7,3,N,NULL,Y,N,1607,1617,1624,N,NULL,55,,,N,,N,N,,NULL,NULL,2019,O,7.24E+11,098-CS-1191  -000,HIGH,098-CS-1191  -000,0.319,0,0,0,1,0,0,1,0,0,0,0,0,0,1,Non-DAC,0,1,,
72362089,980100,2.02E+11,20190604,1302,,BYPASS,S,RD,KY1426,KY1426,0,098 KY-1426,KY1426,N,N,NULL,NULL,NULL,N,NULL,NULL,NULL,NULL,NULL,NULL,5.677,NULL,NULL,NULL,NULL,,NULL,0,0,2,2,N,N,45,NULL,98,9801,NULL,,Y,37.47275,-82.52309,N,NULL,NULL,NULL,NULL,NULL,NULL,NULL,NULL,8,7,2,1,1,1,2,2,1,3,N,NULL,Y,N,1302,1305,1329,N,NULL,47,,0,N,,N,N,098-KY-1426-0,NULL,NULL,2019,O,7.24E+11,098-KY-1426  -000,HIGH,098-KY-1426  -000,5.677,0,0,0,1,0,0,1,0,0,0,0,0,0,1,DAC,1,0,195-1178,1
72347096,980100,2.02E+11,20190426,1636,,KY1426,,,KY1426,KY1426,,,,N,N,NULL,NULL,NULL,N,NULL,NULL,NULL,NULL,NULL,NULL,7.463,NULL,NULL,NULL,NULL,,NULL,0,0,2,2,N,N,45,NULL,98,9801,NULL,,Y,37.49038,-82.50103,N,NULL,NULL,NULL,NULL,NULL,NULL,NULL,NULL,5,3,2,6,1,1,2,2,7,3,N,NULL,Y,N,1656,1702,1726,N,NULL,49,,0,N,,N,N,,NULL,NULL,2019,O,7.23E+11,098-KY-1426  -000,HIGH,098-KY-1426  -000,7.463,0,0,1,0,0,0,1,0,0,0,0,0,0,1,Non-DAC,1,0,195-0930,1
72307794,980100,2.02E+11,20190119,2214,,PHYLLIS,,LN,,,,,,N,N,NULL,NULL,NULL,N,NULL,NULL,NULL,NULL,NULL,NULL,0.078,NULL,NULL,NULL,NULL,,NULL,0,0,2,2,Y,N,15,NULL,98,9801,NULL,,Y,37.48681,-82.52573,N,NULL,NULL,NULL,NULL,NULL,NULL,NULL,NULL,2,3,,2,1,1,2,4,6,3,N,NULL,N,N,2214,2221,2221,N,NULL,47,,,N,,N,N,,NULL,NULL,2019,O,7.23E+11,098-CS-1090  -000,HIGH,098-CS-1090  -000,0.078,0,0,0,0,0,0,1,0,0,0,0,0,0,1,DAC,0,1,,
72367310,980100,2.02E+11,20190616,725,,BYPASS,S,RD,KY1426,KY1426,,,,N,N,NULL,NULL,NULL,N,NULL,NULL,NULL,NULL,NULL,NULL,5.717,NULL,NULL,NULL,NULL,,NULL,0,0,2,2,N,N,35,NULL,98,9801,NULL,,Y,37.47293,-82.52239,N,NULL,NULL,NULL,NULL,NULL,NULL,NULL,NULL,1,3,2,6,1,1,2,2,1,3,N,NULL,Y,N,725,732,735,N,NULL,55,,0,N,,N,N,,NULL,NULL,2019,O,7.24E+11,098-KY-1426  -000,HIGH,098-KY-1426  -000,5.717,0,0,0,0,0,0,0,0,0,0,0,0,0,1,DAC,0,1,,
72320908,980100,2.02E+11,20190220,1145,,HAMBLEY,,BLVD,,,0,098 CS-1222,CS1222,N,N,NULL,NULL,NULL,N,NULL,NULL,NULL,NULL,NULL,NULL,0.108,NULL,NULL,NULL,NULL,,NULL,0,0,2,2,N,N,35,NULL,98,9801,NULL,,Y,37.4748,-82.5249,N,NULL,NULL,NULL,NULL,NULL,NULL,NULL,NULL,8,3,2,6,1,1,2,2,1,3,N,NULL,Y,N,720,724,755,N,NULL,53,,,N,,N,N,098-CS-1222-0,NULL,NULL,2019,O,7.23E+11,098-CS-1222  -000,HIGH,098-CS-1222  -000,0.108,0,0,0,0,0,0,0,0,0,0,0,1,0,1,DAC,1,0,195-1160,1
72354304,980100,2.02E+11,20190517,1759,,HAMBLEY,,BLVD,,,,,,N,N,NULL,NULL,NULL,N,NULL,NULL,NULL,NULL,NULL,NULL,0.573,NULL,NULL,NULL,NULL,,NULL,0,0,2,2,N,N,25,NULL,98,9801,NULL,,Y,37.47962,-82.51945,N,NULL,NULL,NULL,NULL,NULL,NULL,NULL,NULL,5,3,2,6,1,1,2,2,1,3,N,NULL,Y,N,1759,1804,,N,NULL,49,,,N,,N,N,,NULL,NULL,2019,O,7.24E+11,098-CS-1222  -000,MEDIUM,098-CS-1222  -000,0.573,0,0,0,0,0,0,1,0,0,0,0,0,0,1,DAC,1,0,195-2107,1
72308916,980100,2.02E+11,20190128,1235,,BYPASS,S,RD,KY1426,KY1426,,,,N,Y,HAROLDS BRANCH,,RD,N,NULL,NULL,NULL,NULL,NULL,NULL,5.699,NULL,NULL,NULL,NULL,,NULL,0,0,2,2,N,N,45,NULL,98,9801,NULL,,Y,37.47282,-82.52271,N,NULL,NULL,NULL,NULL,NULL,NULL,NULL,NULL,5,3,2,6,1,1,2,2,7,3,N,NULL,Y,N,1235,1241,1241,N,NULL,35,,0,N,,N,N,,NULL,NULL,2019,O,7.23E+11,098-KY-1426  -000,HIGH,098-KY-1426  -000,5.699,0,0,0,1,0,0,1,0,0,0,1,0,0,1,DAC,1,0,195-1178,1
72407514,980100,2.02E+11,20190914,1022,,US23,,,US0023,US0023,,,,N,N,NULL,NULL,NULL,N,NULL,NULL,NULL,NULL,NULL,NULL,19.135,NULL,NULL,NULL,NULL,,NULL,0,0,2,2,N,N,55,NULL,98,9801,NULL,,Y,37.44232,-82.50577,N,NULL,NULL,NULL,NULL,NULL,NULL,NULL,NULL,8,3,4,6,1,1,2,2,7,3,N,NULL,Y,N,1022,1027,1027,N,NULL,53,,1,N,,N,N,,NULL,NULL,2019,O,7.24E+11,098-US-0023  -000,MEDIUM,098-US-0023  -000,19.135,0,0,0,0,0,0,1,0,0,0,0,1,0,1,Non-DAC,0,1,,
72312884,980100,2.02E+11,20190206,924,,US23,,,US0023,US0023,0,098 US-23,US0023,N,Y,KY3227 TURN LANE,,,N,NULL,NULL,NULL,NULL,NULL,NULL,27.394,NULL,NULL,NULL,NULL,,NULL,0,0,2,2,N,N,55,NULL,98,9801,NULL,,Y,37.51103,-82.54903,N,NULL,NULL,NULL,NULL,NULL,NULL,NULL,NULL,1,3,4,6,1,5,3,2,1,3,N,NULL,Y,N,926,931,952,N,NULL,10,,1,N,,N,N,098-US-0023-0,NULL,NULL,2019,O,7.23E+11,098-US-0023  -000,HIGH,098-US-0023  -000,27.394,0,0,0,1,0,0,0,1,0,0,1,0,0,1,Non-DAC,1,0,195-0811,1
72322147,980100,2.02E+11,20190301,1217,,NORTH MAYO TRAIL,,,,,,,,N,N,NULL,NULL,NULL,N,NULL,NULL,NULL,NULL,NULL,NULL,,NULL,NULL,NULL,NULL,NULL,NULL,1,0,3,3,N,N,35,NULL,98,9801,NULL,,Y,37.48691,-82.54237,N,NULL,NULL,NULL,NULL,NULL,NULL,NULL,NULL,1,3,2,6,1,5,6,2,8,3,Y,NULL,Y,Y,1217,1222,1250,N,NULL,55,,,N,,N,N,,NULL,NULL,2019,C,7.23E+11,098-KY-3495  -000,MEDIUM,098-KY-3495  -000,0.045,0,0,0,0,0,0,0,1,0,0,0,0,0,1,Non-DAC,1,0,195-0952,1
72466937,980100,2.02E+11,20200121,1352,,US23,,,US0023,US0023,0,098 US-23-10,US0023,N,N,NULL,NULL,NULL,N,NULL,NULL,NULL,NULL,NULL,NULL,26.348,NULL,NULL,NULL,NULL,,NULL,3,0,2,2,N,N,55,NULL,98,9801,NULL,,Y,37.50455,-82.53248,N,NULL,NULL,NULL,NULL,NULL,NULL,NULL,NULL,5,3,4,6,1,1,2,2,1,3,Y,NULL,Y,Y,1352,1359,1510,N,NULL,49,,1,N,,N,N,098-US-0023-10,NULL,NULL,2020,C,7.25E+11,098-US-0023  -010,HIGH,098-US-0023  -000,26.348,0,0,0,1,0,0,0,0,0,1,0,0,0,1,Non-DAC,0,1,,
72411962,980100,2.02E+11,20190925,1719,,US23,,,US0023,US0023,0,098 US-23,US0023,N,N,NULL,NULL,NULL,N,NULL,NULL,NULL,NULL,NULL,NULL,26.283,NULL,NULL,NULL,NULL,,NULL,0,0,2,2,N,N,55,NULL,98,9801,NULL,,Y,37.50364,-82.53235,N,NULL,NULL,NULL,NULL,NULL,NULL,NULL,NULL,5,3,3,6,1,1,2,2,7,3,N,NULL,Y,N,1719,1725,1720,N,NULL,49,,1,Y,,N,N,098-US-0023-0,NULL,NULL,2019,O,7.24E+11,098-US-0023  -000,HIGH,098-US-0023  -000,26.283,0,0,0,0,0,0,1,0,0,0,0,0,0,1,Non-DAC,0,1,,
72410863,980100,2.02E+11,20190922,1254,,US23,,,US0023,US0023,,,,N,N,NULL,NULL,NULL,N,NULL,NULL,NULL,NULL,NULL,NULL,26.587,NULL,NULL,NULL,NULL,,NULL,0,0,2,2,N,N,55,NULL,98,9801,NULL,,Y,37.50756,-82.53458,N,NULL,NULL,NULL,NULL,NULL,NULL,NULL,NULL,5,3,4,5,1,1,2,2,7,3,N,NULL,Y,N,1254,1258,1307,N,NULL,49,,1,N,,N,N,,NULL,NULL,2019,O,7.24E+11,098-US-0023  -010,MEDIUM,098-US-0023  -000,26.587,0,0,0,0,0,0,0,0,0,0,0,0,0,1,Non-DAC,0,1,,
72360570,980100,2.02E+11,20190531,2045,,US23,,,US0023,US0023,0,098 US-23,US0023,N,N,NULL,NULL,NULL,N,NULL,NULL,NULL,NULL,NULL,NULL,26.288,NULL,NULL,NULL,NULL,,NULL,0,0,2,2,N,N,55,NULL,98,9801,NULL,,Y,37.50372,-82.53215,N,NULL,NULL,NULL,NULL,NULL,NULL,NULL,NULL,2,3,4,6,1,1,2,2,7,3,N,NULL,Y,N,2045,2020,2050,N,NULL,56,,1,N,,N,N,098-US-0023-0,NULL,NULL,2019,O,7.24E+11,098-US-0023  -000,HIGH,098-US-0023  -000,26.288,0,0,0,1,0,0,1,0,0,0,0,0,0,1,Non-DAC,0,1,,
72414936,980100,2.02E+11,20191002,1017,,HAMBLEY,,BLVD,,,0,098 CS-1222,CS1222,N,N,NULL,NULL,NULL,N,NULL,NULL,NULL,NULL,NULL,NULL,0.567,NULL,NULL,NULL,NULL,,NULL,0,0,2,2,N,N,25,NULL,98,9801,NULL,,Y,37.47926,-82.51977,N,NULL,NULL,NULL,NULL,NULL,NULL,NULL,NULL,1,7,2,6,1,1,2,2,1,3,N,NULL,N,N,1017,1017,1017,N,NULL,47,,,N,,N,N,098-CS-1222-0,NULL,NULL,2019,O,7.24E+11,098-CS-1222  -000,HIGH,098-CS-1222  -000,0.567,0,0,1,0,0,0,0,0,0,0,0,0,0,1,DAC,1,0,195-2107,1
72316732,980100,2.02E+11,20190211,1417,,US23,,,US0023,US0023,0,098 US-23,US0023,N,N,NULL,NULL,NULL,N,NULL,NULL,NULL,NULL,NULL,NULL,24.836,NULL,NULL,NULL,NULL,,NULL,1,0,2,2,N,N,55,NULL,98,9801,NULL,,Y,37.48629,-82.54197,N,NULL,NULL,NULL,NULL,NULL,NULL,NULL,NULL,5,3,4,6,1,5,2,2,7,3,Y,NULL,Y,N,1417,1422,1449,N,NULL,49,,1,Y,,N,N,098-US-0023-0,NULL,NULL,2019,C,7.23E+11,098-US-0023  -000,HIGH,098-US-0023  -000,24.836,0,0,0,0,0,0,1,0,0,1,0,0,0,1,Non-DAC,0,1,,
72383570,980100,2.02E+11,20190720,1800,,KY3496,,,KY3496,KY3496,,,,N,N,NULL,NULL,NULL,N,NULL,NULL,NULL,NULL,NULL,NULL,0.758,NULL,NULL,NULL,NULL,,NULL,0,0,2,2,Y,N,35,NULL,98,9801,NULL,,Y,37.47202,-82.5303,N,NULL,NULL,NULL,NULL,NULL,NULL,NULL,NULL,7,3,2,6,1,1,2,2,7,3,N,NULL,Y,N,1819,1825,2107,N,NULL,54,16,0,N,,N,N,,NULL,NULL,2019,O,7.24E+11,098-KY-3496  -000,HIGH,098-KY-3496  -000,0.758,0,0,0,0,0,0,0,0,1,0,0,1,0,1,DAC,0,1,,
72342926,KSP0900,19-13840,20190420,1635,,US23,,,US0023,US0023,0,098 US-23,US0023,N,N,NULL,NULL,NULL,N,NULL,NULL,NULL,NULL,NULL,NULL,27.246,NULL,NULL,NULL,NULL,,NULL,0,0,2,2,N,N,55,NULL,98,9801,NULL,,Y,37.51054,-82.54617,N,NULL,NULL,NULL,NULL,NULL,NULL,NULL,NULL,5,3,4,6,1,5,3,2,7,3,N,NULL,Y,N,1630,1630,1634,N,NULL,49,,1,N,,N,N,098-US-0023-0,NULL,NULL,2019,O,7.23E+11,098-US-0023  -000,HIGH,098-US-0023  -000,27.246,0,0,1,0,0,0,1,0,0,0,0,0,0,1,Non-DAC,0,1,,
72460369,980100,2.02E+11,20200107,650,,US119,,,US0119,US0119,0,098 US-119-10,US0119,N,N,NULL,NULL,NULL,N,NULL,NULL,NULL,NULL,NULL,NULL,2.09,NULL,NULL,NULL,NULL,,NULL,0,0,1,1,N,N,55,NULL,98,9801,NULL,,Y,37.51241,-82.49773,N,NULL,NULL,NULL,NULL,NULL,NULL,NULL,NULL,9,5,4,2,1,4,9,4,7,3,N,NULL,Y,N,655,706,655,N,NULL,44,2,1,N,,N,N,098-US-0119-10,NULL,NULL,2020,O,7.25E+11,098-US-0119  -010,HIGH,098-US-0119  -000,2.09,0,0,0,0,0,0,0,0,0,0,0,1,0,1,Non-DAC,0,1,,
72338331,KSP0900,19-11819,20190407,231,,OWSLEY,,RD,KY1384,KY1384,0,098 KY-1384,KY1384,N,N,NULL,NULL,NULL,N,NULL,NULL,NULL,NULL,NULL,NULL,5.073,NULL,NULL,NULL,NULL,,NULL,0,0,1,1,N,N,35,NULL,98,9801,NULL,,Y,37.48572,-82.56744,N,NULL,NULL,NULL,NULL,NULL,NULL,NULL,NULL,9,5,2,6,1,1,3,2,7,2,N,NULL,Y,N,1420,1429,1429,N,NULL,51,17,0,N,,N,N,098-KY-1384-0,NULL,NULL,2019,O,7.23E+11,098-KY-1384  -000,HIGH,098-KY-1384  -000,5.073,0,0,0,1,0,0,0,0,0,0,0,1,0,1,Non-DAC,0,1,,
72343999,980100,2.02E+11,20190419,1305,,KY3496,,,,,,,,N,N,NULL,NULL,NULL,N,NULL,NULL,NULL,NULL,NULL,NULL,,NULL,NULL,NULL,NULL,NULL,NULL,0,0,2,1,Y,N,35,NULL,98,9801,NULL,,Y,37.47233,-82.52676,N,NULL,NULL,NULL,NULL,NULL,NULL,NULL,NULL,1,3,,6,1,5,6,2,1,3,N,NULL,Y,N,1307,1308,1325,N,NULL,55,,,Y,,N,N,,NULL,NULL,2019,O,7.23E+11,098-KY-1426  -029,MEDIUM,098-KY-1426  -029,0.022,0,0,0,0,0,0,0,1,1,1,0,0,0,1,DAC,1,0,195-1180,1