MasterFile,AgencyORINumber,LocalCode,CollisionDate,CollisionTime,CollisionDayWeekCode,RoadwayName,RoadwayName_Direction_,RoadwayName_RoadwaySuffix_,RoadwayfromReport,CurrentRoadwayNumber,RoadwayNumberCoupletID,RSEUniqueGIS,RoadwayIdentifier,ParkingLotIndicator,IntersectionWith_Indicator_,IntersectionWith_NameRoadway_,IntersectionWith_Direction_,IntersectionWith_RoadwaySuffix_,BetweenStreets_Indicator_,BetweenStreets1_NameRoadway_,BetweenStreet1_Direction_,BetweenStreets1_RoadwaySuffix_,BetweenStreets2_NameRoadway_,BetweenStreets2_Direction_,BetweenStreets2_RoadwaySuffix_,Milepoint,ReportMilepointDeriveNumber,CurrentDerivedMiepointNumber,MilestoMilepoint,FeettoMilepoint,DirectionfromMilepoint_NSEW_,ValidMilepointIndicator,NumberInjured,NumberKilled,ofUnits,ofMotorVehicleUnits,Hit&RunIndicator,OneWayIndicator,SpeedLimitNumber,KilometersIndicator,CountyCode,CityCountyCode,MilesFromCity,DirectionFromCity_NSEW_,InCityLimitsIndicator,Latitude,Longitude,RampIndicator,RampFromIdentifier,RampFromDirCode,RampFromCoupletID,RSEUniqueGISRampFrom,RampToidentifier,RampToDirCode,RampToCoupletID,RSEUniqueGisRampTo,MannerofCollisionCode,LocationFirstEventCode,TotalLanes,RoadwayCharacterCode,RoadwaySurfaceCode,RoadwayConditionCode,WeatherCode,LightConditionCode,LandUseCode,SchoolBusRelatedCode,FirstAidSceneIndicator,CollDescPresentInd,InvestigationCompleteIndicator,PhotosTakenIndicator,TimeNotified,TimeArrived,TimeRoadwayOpened,PropertyDamageIndicator,DiagramPresentIndicator,DirectionalAnalysis,FunctionClassCode,NationalHwySysCode,EnforcementsIndicator,KARSCityCode,SecondaryCollisionIndicator,MedianCrossoverIndicator,RT_UNIQUE,MapIt,TimeLastLeft,YR,KABCO,MFNY,WorkingRID,RT_CONFIDENCE,KTC_RT,KTC_MP,Motorcyclist,Commercial Vehicle,Young Driver,Mature Driver,Pedestrian,Bicyclist,Distracted,Aggressive,Impaired,Unrestrained,Intersection,Roadway Departure,Median Cross-over,CityCrash,DACid,Intersection Crash,Segment Crash,Int_ID,CityIntersection
72385524,980100,2.02E+11,20190724,1422,,KY1426,,,KY1426,KY1426,,,,N,N,NULL,NULL,NULL,N,NULL,NULL,NULL,NULL,NULL,NULL,8.301,NULL,NULL,NULL,NULL,,NULL,0,0,1,1,N,N,45,NULL,98,9801,NULL,,Y,37.49565,-82.49098,N,NULL,NULL,NULL,NULL,NULL,NULL,NULL,NULL,9,5,2,4,1,1,2,2,7,3,N,NULL,Y,N,1422,1425,1425,N,NULL,44,,0,N,,N,N,,NULL,NULL,2019,O,7.24E+11,098-KY-1426  -000,MEDIUM,098-KY-1426  -000,8.301,0,0,0,0,0,0,0,0,0,0,0,1,0,1,Non-DAC,0,1,,
72436204,980100,2.02E+11,20191113,1522,,KY3496,,,KY3496,KY3496,,,,N,N,NULL,NULL,NULL,N,NULL,NULL,NULL,NULL,NULL,NULL,0.887,NULL,NULL,NULL,NULL,,NULL,0,0,2,2,N,N,35,NULL,98,9801,NULL,,Y,37.47208,-82.52792,N,NULL,NULL,NULL,NULL,NULL,NULL,NULL,NULL,2,3,2,6,1,1,3,2,7,3,N,NULL,Y,N,1522,1527,1530,N,NULL,56,16,0,N,,N,N,,NULL,NULL,2019,O,7.24E+11,098-KY-3496  -000,HIGH,098-KY-3496  -000,0.887,0,0,0,0,0,0,1,0,0,0,0,0,0,1,DAC,0,1,,
72379539,980100,2.02E+11,20190708,1419,,US23,,,US0023,US0023,,,,N,N,NULL,NULL,NULL,N,NULL,NULL,NULL,NULL,NULL,NULL,21.448,NULL,NULL,NULL,NULL,,NULL,0,0,2,2,N,N,55,NULL,98,9801,NULL,,Y,37.45111,-82.5237,N,NULL,NULL,NULL,NULL,NULL,NULL,NULL,NULL,8,3,4,6,1,1,2,2,7,3,N,NULL,Y,N,1419,1425,1429,N,NULL,53,,1,N,,N,N,,NULL,NULL,2019,O,7.24E+11,098-US-0023  -000,MEDIUM,098-US-0023  -000,21.448,0,0,0,1,0,0,1,0,0,0,0,1,0,1,Non-DAC,1,0,195-1275,1
72333753,980100,2.02E+11,20190325,1641,,CASSIDY,,BLVD,,,,,,N,N,NULL,NULL,NULL,N,NULL,NULL,NULL,NULL,NULL,NULL,0.325,NULL,NULL,NULL,NULL,,NULL,0,0,2,2,N,N,35,NULL,98,9801,NULL,,Y,37.50522,-82.53735,N,NULL,NULL,NULL,NULL,NULL,NULL,NULL,NULL,1,3,2,3,1,1,3,2,1,3,N,NULL,Y,N,1643,1646,1721,N,NULL,55,,,N,,N,N,,NULL,NULL,2019,O,7.23E+11,098-CS-1191  -000,HIGH,098-CS-1191  -000,0.325,0,0,0,0,0,0,1,0,0,0,0,0,0,1,Non-DAC,0,1,,
72396848,980100,2.02E+11,20190820,1612,,CEDAR HILLS,,RD,KY1426,KY1426,0,098 KY-1426,KY1426,N,N,NULL,NULL,NULL,N,NULL,NULL,NULL,NULL,NULL,NULL,4.455,NULL,NULL,NULL,NULL,,NULL,1,0,1,1,N,N,35,NULL,98,9801,NULL,,Y,37.46119,-82.52967,N,NULL,NULL,NULL,NULL,NULL,NULL,NULL,NULL,9,3,2,6,1,5,3,2,7,3,Y,NULL,Y,Y,1612,1617,1633,N,NULL,40,,0,N,,N,N,098-KY-1426-0,NULL,NULL,2019,C,7.24E+11,098-KY-1426  -000,HIGH,098-KY-1426  -000,4.455,0,0,0,0,0,0,0,0,0,0,0,1,0,1,Non-DAC,0,1,,
72333244,980100,2.02E+11,20190328,1454,,US23,,,US0023,US0023,,,,N,N,NULL,NULL,NULL,N,NULL,NULL,NULL,NULL,NULL,NULL,26.291,NULL,NULL,NULL,NULL,,NULL,0,0,2,2,N,N,55,NULL,98,9801,NULL,,Y,37.50377,-82.53216,N,NULL,NULL,NULL,NULL,NULL,NULL,NULL,NULL,1,3,4,6,1,1,2,2,7,3,N,NULL,Y,N,1454,1500,1500,N,NULL,55,,1,N,,N,N,,NULL,NULL,2019,O,7.23E+11,098-US-0023  -000,MEDIUM,098-US-0023  -000,26.291,0,0,0,1,0,0,1,0,0,0,0,0,0,1,Non-DAC,0,1,,
72320443,980100,2.02E+11,20190220,1217,,KY1426 TURN LANE,,,KY1426,KY1426,,,,N,N,NULL,NULL,NULL,N,NULL,NULL,NULL,NULL,NULL,NULL,0.021,NULL,NULL,NULL,NULL,,NULL,0,0,2,2,N,N,45,NULL,98,9801,NULL,,Y,37.47239,-82.52701,N,NULL,NULL,NULL,NULL,NULL,NULL,NULL,NULL,5,3,4,3,1,5,6,2,7,3,N,NULL,Y,N,1218,1222,1225,N,NULL,49,8,0,N,,N,N,,NULL,NULL,2019,O,7.23E+11,098-KY-1426  -025,MEDIUM,098-KY-1426  -025,0.021,0,0,0,1,0,0,1,0,0,0,0,0,0,1,DAC,1,0,195-1180,1
72319228,980100,2.02E+11,20190222,1905,,RIVER,,DR,,,,,,N,N,NULL,NULL,NULL,N,NULL,NULL,NULL,NULL,NULL,NULL,0.027,NULL,NULL,NULL,NULL,,NULL,0,0,1,1,N,N,45,NULL,98,9801,NULL,,Y,37.47351,-82.52186,N,NULL,NULL,NULL,NULL,NULL,NULL,NULL,NULL,9,6,2,6,1,5,6,5,1,3,N,NULL,Y,N,1906,1908,1959,N,NULL,40,,,N,,N,N,,NULL,NULL,2019,O,7.23E+11,098-CS-1054  -000,HIGH,098-CS-1054  -000,0.027,0,0,0,0,0,0,0,0,0,0,0,1,0,1,DAC,0,1,,
72336293,980100,2.02E+11,20190404,1842,,KY1426,,,KY1426,KY1426,,,,N,N,NULL,NULL,NULL,N,NULL,NULL,NULL,NULL,NULL,NULL,6.812,NULL,NULL,NULL,NULL,,NULL,0,0,2,2,N,N,45,NULL,98,9801,NULL,,Y,37.48511,-82.51059,N,NULL,NULL,NULL,NULL,NULL,NULL,NULL,NULL,5,3,2,6,1,5,3,2,1,3,Y,NULL,Y,N,1842,1847,1847,N,NULL,49,,0,N,,N,N,,NULL,NULL,2019,O,7.23E+11,098-KY-1426  -000,HIGH,098-KY-1426  -000,6.812,0,0,1,0,0,0,0,0,0,0,0,0,0,1,Non-DAC,0,1,,
72366151,980100,2.02E+11,20190606,1741,,KY1426,,,KY1426,KY1426,0,098 KY-1426,KY1426,N,N,NULL,NULL,NULL,N,NULL,NULL,NULL,NULL,NULL,NULL,6.803,NULL,NULL,NULL,NULL,,NULL,0,0,2,2,N,N,55,NULL,98,9801,NULL,,Y,37.48506,-82.51074,N,NULL,NULL,NULL,NULL,NULL,NULL,NULL,NULL,1,3,2,6,1,5,6,2,1,3,N,NULL,Y,N,1741,1744,,N,NULL,55,,0,N,,N,N,098-KY-1426-0,NULL,NULL,2019,O,7.24E+11,098-KY-1426  -000,HIGH,098-KY-1426  -000,6.803,0,0,0,0,0,0,1,0,0,0,0,0,0,1,Non-DAC,0,1,,
72448043,980100,2.02E+11,20191129,1228,,US23,,,US0023,US0023,0,098 US-23,US0023,N,N,NULL,NULL,NULL,N,NULL,NULL,NULL,NULL,NULL,NULL,32.799,NULL,NULL,NULL,NULL,,NULL,0,0,2,2,N,N,55,NULL,98,9801,NULL,,Y,37.53181,-82.61948,N,NULL,NULL,NULL,NULL,NULL,NULL,NULL,NULL,1,3,4,6,1,1,2,2,1,3,N,NULL,Y,N,1240,1246,,N,NULL,55,,1,N,,N,N,098-US-0023-0,NULL,NULL,2019,O,7.24E+11,098-US-0023  -000,HIGH,098-US-0023  -000,32.799,0,0,0,1,0,0,1,0,0,0,0,0,0,1,Non-DAC,1,0,195-0668,1
72419090,980100,2.02E+11,20191003,1513,,HUFFMAN,,AVE,,,0,098 CS-1123,CS1123,N,Y,HAMBLEY,,BLVD,N,NULL,NULL,NULL,NULL,NULL,NULL,0.188,NULL,NULL,NULL,NULL,,NULL,0,0,1,1,N,N,25,NULL,98,9801,NULL,,Y,37.47873,-82.5201,N,NULL,NULL,NULL,NULL,NULL,NULL,NULL,NULL,9,97,2,3,1,1,2,2,1,3,N,NULL,Y,Y,1513,1528,1600,Y,NULL,4,,,N,,N,N,098-CS-1123-0,NULL,NULL,2019,O,7.24E+11,098-CS-1123  -000,HIGH,098-CS-1123  -000,0.188,0,1,0,0,0,0,0,0,0,0,1,0,0,1,DAC,1,0,195-1105,1
72450844,980100,2.02E+11,20191213,459,,MAYO,N,TRL,US0023,US0023,0,098 US-23,US0023,N,N,NULL,NULL,NULL,N,NULL,NULL,NULL,NULL,NULL,NULL,30.901,NULL,NULL,NULL,NULL,,NULL,1,0,1,1,N,N,55,NULL,98,9801,NULL,,Y,37.54081,-82.59188,N,NULL,NULL,NULL,NULL,NULL,NULL,NULL,NULL,9,3,4,6,1,5,6,6,7,3,N,NULL,Y,Y,459,502,548,N,NULL,70,,1,N,,N,N,098-US-0023-0,NULL,NULL,2019,C,7.25E+11,098-US-0023  -000,HIGH,098-US-0023  -000,30.901,0,0,0,0,0,0,0,0,0,0,0,1,0,1,Non-DAC,0,1,,
72322164,980100,2.02E+11,20190226,624,,CHLOE,,RD,KY1460,KY1460,0,098 KY-1460,KY1460,N,N,NULL,NULL,NULL,N,NULL,NULL,NULL,NULL,NULL,NULL,3.862,NULL,NULL,NULL,NULL,,NULL,2,0,1,1,N,N,35,NULL,98,9801,NULL,,Y,37.47718,-82.49438,N,NULL,NULL,NULL,NULL,NULL,NULL,NULL,NULL,9,4,2,1,1,2,6,4,7,3,Y,NULL,Y,Y,625,627,705,N,NULL,40,,0,N,,N,N,098-KY-1460-0,NULL,NULL,2019,B,7.23E+11,098-KY-1460  -000,HIGH,098-KY-1460  -000,3.862,0,0,0,0,0,0,1,0,0,0,0,1,0,1,Non-DAC,1,0,195-1113,1
72355260,980100,2.02E+11,20190520,1129,,2ND,,ST,,,0,098 CS-1117,CS1117,N,N,NULL,NULL,NULL,N,NULL,NULL,NULL,NULL,NULL,NULL,0.238,NULL,NULL,NULL,NULL,,NULL,0,0,2,2,N,Y,15,NULL,98,9801,NULL,,Y,37.4806,-82.51791,N,NULL,NULL,NULL,NULL,NULL,NULL,NULL,NULL,8,3,2,6,1,1,2,2,1,3,N,NULL,Y,N,1129,1129,,N,NULL,47,,,N,,N,N,098-CS-1117-0,NULL,NULL,2019,O,7.24E+11,098-CS-1117  -000,HIGH,098-CS-1117  -000,0.238,0,0,0,1,0,0,0,0,0,0,0,0,0,1,DAC,0,1,,
72461158,980100,2.02E+11,20200104,2252,,HUFFMAN,,AVE,,,0,098 CS-1123,CS1123,N,N,NULL,NULL,NULL,N,NULL,NULL,NULL,NULL,NULL,NULL,0.147,NULL,NULL,NULL,NULL,,NULL,0,0,2,2,N,N,25,NULL,98,9801,NULL,,Y,37.47817,-82.51919,N,NULL,NULL,NULL,NULL,NULL,NULL,NULL,NULL,2,97,1,6,1,1,2,4,1,3,N,NULL,Y,N,2252,2256,,N,NULL,47,,,N,,N,N,098-CS-1123-0,NULL,NULL,2020,O,7.25E+11,098-CS-1123  -000,HIGH,098-CS-1123  -000,0.147,0,0,0,0,0,0,1,0,0,0,0,0,0,1,DAC,1,0,195-1106,1
72353768,980100,2.02E+11,20190516,1832,,6TH,,ST,,,0,098 CS-1135,CS1135,N,N,NULL,NULL,NULL,N,NULL,NULL,NULL,NULL,NULL,NULL,0.018,NULL,NULL,NULL,NULL,,NULL,0,0,2,2,N,N,15,NULL,98,9801,NULL,,Y,37.48382,-82.52016,N,NULL,NULL,NULL,NULL,NULL,NULL,NULL,NULL,2,3,1,6,1,1,2,2,6,3,N,NULL,Y,N,1832,1837,1840,N,NULL,56,,,N,,N,N,098-CS-1135-0,NULL,NULL,2019,O,7.24E+11,098-CS-1135  -000,HIGH,098-CS-1135  -000,0.018,0,0,0,1,0,0,1,0,0,0,0,0,0,1,DAC,1,0,195-0994,1
72300935,980100,2.02E+11,20190108,1604,,COLLEGE,N,ST,,,,,,N,Y,ELM,S,ST,N,NULL,NULL,NULL,NULL,NULL,NULL,0.066,NULL,NULL,NULL,NULL,,NULL,0,0,2,2,N,N,15,NULL,98,9801,NULL,,Y,37.47659,-82.52131,N,NULL,NULL,NULL,NULL,NULL,NULL,NULL,NULL,1,3,2,4,1,1,2,2,6,3,N,NULL,Y,N,1604,1606,1610,N,NULL,10,,,Y,,N,N,,NULL,NULL,2019,O,7.23E+11,098-CS-1108  -000,LOW,098-CS-1108  -000,0.066,0,0,1,0,0,0,0,1,0,0,1,0,0,1,DAC,1,0,195-1134,1
72388615,980100,2.02E+11,20190731,1550,,US23,,,US0023,US0023,,,,N,Y,CEDAR HILLS,,RD,N,NULL,NULL,NULL,NULL,NULL,NULL,22.941,NULL,NULL,NULL,NULL,,NULL,0,0,2,1,N,N,55,NULL,98,9801,NULL,,Y,37.46536,-82.52597,N,NULL,NULL,NULL,NULL,NULL,NULL,NULL,NULL,5,3,4,6,1,5,3,2,7,3,N,NULL,Y,N,1550,1607,1653,N,NULL,35,,1,N,,N,N,,NULL,NULL,2019,O,7.24E+11,098-US-0023  -010,MEDIUM,098-US-0023  -000,22.941,0,0,1,0,0,0,1,0,0,0,1,0,0,1,DAC,0,1,,
72405341,980100,2.02E+11,20190828,1340,,KY1426,,,KY1426,KY1426,0,098 KY-1426,KY1426,N,N,NULL,NULL,NULL,N,NULL,NULL,NULL,NULL,NULL,NULL,6.662,NULL,NULL,NULL,NULL,,NULL,1,0,2,2,N,N,45,NULL,98,9801,NULL,,Y,37.48372,-82.51267,N,NULL,NULL,NULL,NULL,NULL,NULL,NULL,NULL,3,3,2,6,1,1,2,2,7,3,Y,NULL,Y,Y,1340,1355,1432,N,NULL,52,,0,N,,N,N,098-KY-1426-0,NULL,NULL,2019,C,7.24E+11,098-KY-1426  -000,HIGH,098-KY-1426  -000,6.662,0,0,0,0,0,0,1,0,0,0,0,1,0,1,Non-DAC,0,1,,
72319456,980100,2.02E+11,20190221,1909,,US23,,,US0023,US0023,,,,N,N,NULL,NULL,NULL,N,NULL,NULL,NULL,NULL,NULL,NULL,21.344,NULL,NULL,NULL,NULL,,NULL,0,0,2,2,N,N,55,NULL,98,9801,NULL,,Y,37.44976,-82.52455,N,NULL,NULL,NULL,NULL,NULL,NULL,NULL,NULL,5,3,4,6,1,1,3,6,7,3,N,NULL,Y,N,1909,1913,1925,N,NULL,49,,1,N,,N,N,,NULL,NULL,2019,O,7.23E+11,098-US-0023  -010,MEDIUM,098-US-0023  -000,21.344,0,0,0,0,0,0,1,0,0,0,0,0,0,1,Non-DAC,0,1,,
72347094,980100,2.02E+11,20190418,1534,,CASSIDY BLVD,,,,,,,,N,N,NULL,NULL,NULL,N,NULL,NULL,NULL,NULL,NULL,NULL,,NULL,NULL,NULL,NULL,,NULL,0,0,2,2,Y,N,35,NULL,98,9801,NULL,,Y,37.50465,-82.53632,N,NULL,NULL,NULL,NULL,NULL,NULL,NULL,NULL,1,3,4,6,1,1,2,2,7,3,N,NULL,N,N,1550,1550,1556,N,NULL,55,,,N,,N,N,,NULL,NULL,2019,O,7.23E+11,098-CS-1191  -000,HIGH,098-CS-1191  -000,0.254,0,0,0,0,0,0,1,0,0,0,0,0,0,1,Non-DAC,0,1,,
72871393,980100,2.02E+11,20230303,1917,,CASSIDY,,BLVD,,,0,098 CS-1191,CS1191,N,N,NULL,NULL,NULL,N,NULL,NULL,NULL,NULL,NULL,NULL,0.287,NULL,NULL,NULL,NULL,,NULL,1,0,2,2,N,N,35,NULL,98,9801,NULL,,Y,37.50495,-82.53657,N,NULL,NULL,NULL,NULL,NULL,NULL,NULL,NULL,4,3,2,3,1,5,3,5,1,3,Y,NULL,Y,Y,1917,1923,1955,N,NULL,70,,,Y,,N,N,098-CS-1191-0,NULL,NULL,2023,B,7.29E+11,098-CS-1191  -000,HIGH,098-CS-1191  -000,0.277,1,0,0,0,0,0,1,1,0,0,0,0,0,1,Non-DAC,0,1,,
72313367,980100,2.02E+11,20190207,722,,US23,,,US0023,US0023,0,098 US-23-10,US0023,N,N,NULL,NULL,NULL,N,NULL,NULL,NULL,NULL,NULL,NULL,26.357,NULL,NULL,NULL,NULL,,NULL,0,0,1,1,N,N,55,NULL,98,9801,NULL,,Y,37.50469,-82.53223,N,NULL,NULL,NULL,NULL,NULL,NULL,NULL,NULL,9,3,4,6,1,5,6,5,1,3,N,NULL,Y,N,722,725,728,N,NULL,70,,1,N,,N,N,098-US-0023-10,NULL,NULL,2019,O,7.23E+11,098-US-0023  -010,HIGH,098-US-0023  -000,26.357,0,0,0,0,0,0,0,0,0,0,0,0,0,1,Non-DAC,0,1,,
72325580,980100,2.02E+11,20190308,1155,,BYPASS,S,RD,KY1426,KY1426,0,098 KY-1426,KY1426,N,N,NULL,NULL,NULL,N,NULL,NULL,NULL,NULL,NULL,NULL,5.642,NULL,NULL,NULL,NULL,,NULL,0,0,2,2,N,N,45,NULL,98,9801,NULL,,Y,37.47257,-82.5237,N,NULL,NULL,NULL,NULL,NULL,NULL,NULL,NULL,1,3,2,6,1,5,6,2,1,3,N,NULL,Y,N,1155,1202,1219,N,NULL,55,,0,N,,N,N,098-KY-1426-0,NULL,NULL,2019,O,7.23E+11,098-KY-1426  -000,HIGH,098-KY-1426  -000,5.642,0,0,0,1,0,0,1,0,0,0,0,0,0,1,DAC,1,0,195-1179,1
72404702,980100,2.02E+11,20190909,1742,,US23,,,US0023,US0023,0,098 US-23,US0023,N,N,NULL,NULL,NULL,N,NULL,NULL,NULL,NULL,NULL,NULL,27.317,NULL,NULL,NULL,NULL,,NULL,0,0,2,2,N,N,55,NULL,98,9801,NULL,,Y,37.51062,-82.54762,N,NULL,NULL,NULL,NULL,NULL,NULL,NULL,NULL,5,3,6,6,1,1,2,2,7,3,N,NULL,Y,N,1742,1752,,N,NULL,49,,1,N,,N,N,098-US-0023-0,NULL,NULL,2019,O,7.24E+11,098-US-0023  -000,HIGH,098-US-0023  -000,27.317,0,0,0,0,0,0,1,0,0,0,0,0,0,1,Non-DAC,1,0,195-0812,1
72366139,KSP0900,19-21028,20190607,1035,,KY1426,,,KY1426,KY1426,0,098 KY-1426,KY1426,N,N,NULL,NULL,NULL,N,NULL,NULL,NULL,NULL,NULL,NULL,9.562,NULL,NULL,NULL,NULL,,NULL,0,0,2,2,N,N,55,NULL,98,9801,NULL,,Y,37.51289,-82.48761,N,NULL,NULL,NULL,NULL,NULL,NULL,NULL,NULL,5,3,2,6,1,1,2,2,7,3,N,NULL,Y,N,930,935,1020,N,NULL,49,,0,N,,N,N,098-KY-1426-0,NULL,NULL,2019,O,7.24E+11,098-KY-1426  -000,HIGH,098-KY-1426  -000,9.562,0,0,0,1,0,0,1,1,0,0,0,0,0,1,Non-DAC,0,1,,
72305976,980100,2.02E+11,20190118,558,,CHLOE,,RD,KY1460,KY1460,,,,N,N,NULL,NULL,NULL,N,NULL,NULL,NULL,NULL,NULL,NULL,3.328,NULL,NULL,NULL,NULL,,NULL,0,0,1,1,N,N,35,NULL,98,9801,NULL,,Y,37.4745,-82.48597,N,NULL,NULL,NULL,NULL,NULL,NULL,NULL,NULL,9,97,2,1,1,5,3,6,7,3,N,NULL,Y,N,558,606,656,N,NULL,44,,0,N,,N,N,,NULL,NULL,2019,O,7.23E+11,098-KY-1460  -000,HIGH,098-KY-1460  -000,3.328,0,0,0,0,0,0,0,0,0,0,0,1,0,1,Non-DAC,0,1,,
72361211,980100,2.02E+11,20190522,1613,,US23,,,US0023,US0023,,,,N,N,NULL,NULL,NULL,N,NULL,NULL,NULL,NULL,NULL,NULL,27.298,NULL,NULL,NULL,NULL,,NULL,0,0,2,2,N,N,55,NULL,98,9801,NULL,,Y,37.51063,-82.5472,N,NULL,NULL,NULL,NULL,NULL,NULL,NULL,NULL,5,3,4,6,1,1,2,2,7,3,N,NULL,Y,N,1613,1623,1623,N,NULL,70,,1,N,,N,N,,NULL,NULL,2019,O,7.24E+11,098-US-0023  -000,MEDIUM,098-US-0023  -000,27.298,0,0,0,0,0,0,1,0,0,0,0,0,0,1,Non-DAC,0,1,,
72441578,980100,2.02E+11,20191116,2237,,BYPASS,S,RD,KY1426,KY1426,0,098 KY-1426,KY1426,N,N,NULL,NULL,NULL,N,NULL,NULL,NULL,NULL,NULL,NULL,6.141,NULL,NULL,NULL,NULL,,NULL,1,0,2,1,N,N,45,NULL,98,9801,NULL,,Y,37.47716,-82.51679,N,NULL,NULL,NULL,NULL,NULL,NULL,NULL,NULL,9,3,2,5,1,1,2,5,7,3,Y,NULL,Y,N,2237,2238,157,N,NULL,36,,0,N,,N,N,098-KY-1426-0,NULL,NULL,2019,A,7.24E+11,098-KY-1426  -000,HIGH,098-KY-1426  -000,6.141,0,0,0,0,1,0,0,0,0,0,0,0,0,1,DAC,0,1,,
72797714,980100,2.02E+11,20220811,1011,,OWSLEY,,RD,KY1384,KY1384,0,098 KY-1384,KY1384,N,Y,HAMBLEY,,BLVD,N,NULL,NULL,NULL,NULL,NULL,NULL,7.38,NULL,NULL,NULL,NULL,,NULL,0,0,2,2,N,N,45,NULL,98,9801,NULL,,Y,37.4817,-82.53329,N,NULL,NULL,NULL,NULL,NULL,NULL,NULL,NULL,2,3,4,6,1,1,2,2,7,3,N,NULL,Y,N,1011,1015,1025,N,NULL,18,16,0,N,,N,N,098-KY-1384-0,NULL,NULL,2022,O,7.28E+11,098-KY-1384  -000,HIGH,098-KY-1384  -000,7.38,0,0,0,1,0,0,1,0,0,0,1,0,0,1,DAC,1,0,195-1064,1
72395930,980100,2.02E+11,20190820,2107,,CASSIDY,,BLVD,,,0,098 CS-1191,CS1191,N,Y,PRATER PLACE,,,N,NULL,NULL,NULL,NULL,NULL,NULL,,NULL,NULL,NULL,NULL,NULL,NULL,0,0,2,2,N,N,25,NULL,98,9801,NULL,,Y,37.50369,-82.53466,N,NULL,NULL,NULL,NULL,NULL,NULL,NULL,NULL,8,3,4,6,1,5,2,5,1,3,N,NULL,Y,N,2107,2112,2116,N,NULL,19,,,N,,N,N,098-CS-1191-0,NULL,NULL,2019,O,7.24E+11,098-CS-1191  -000,HIGH,098-CS-1191  -000,0.141,0,0,1,0,0,0,0,1,0,0,1,0,0,1,Non-DAC,0,1,,
72316215,980000,19-02-004,20190214,1521,,US119,,,US0119,US0119,0,098 US-119-10,US0119,N,N,NULL,NULL,NULL,N,NULL,NULL,NULL,NULL,NULL,NULL,1.976,NULL,NULL,NULL,NULL,,NULL,0,0,2,2,N,N,55,NULL,98,9801,NULL,,Y,37.51247,-82.4998,N,NULL,NULL,NULL,NULL,NULL,NULL,NULL,NULL,5,3,2,6,1,1,2,2,7,3,N,NULL,Y,Y,1521,1543,1543,N,NULL,49,2,1,N,,N,N,098-US-0119-10,NULL,NULL,2019,O,7.23E+11,098-US-0119  -010,HIGH,098-US-0119  -000,1.976,0,0,1,0,0,0,0,0,0,0,0,0,0,1,Non-DAC,0,1,,
72332356,980100,2.02E+11,20190322,2118,,CEDAR CREEK,,RD,KY1384,KY1384,0,098 KY-1384,KY1384,N,N,NULL,NULL,NULL,N,NULL,NULL,NULL,NULL,NULL,NULL,,NULL,NULL,NULL,NULL,NULL,NULL,0,0,1,1,N,N,35,NULL,98,9801,NULL,,Y,37.47614,-82.55253,N,NULL,NULL,NULL,NULL,NULL,NULL,NULL,NULL,9,3,2,3,1,1,3,5,6,3,N,NULL,Y,Y,2118,2124,,Y,NULL,38,,0,N,,N,N,098-KY-1384-0,NULL,NULL,2019,O,7.23E+11,098-KY-1384  -000,HIGH,098-KY-1384  -000,6.209,0,0,0,0,0,0,0,0,0,0,0,1,0,1,Non-DAC,0,1,,
72396415,980100,2.02E+11,20190813,1536,,OWSLEY,,RD,KY1384,KY1384,,,,N,Y,US23 S RAMP TO KY1384,,,N,NULL,NULL,NULL,NULL,NULL,NULL,6.814,NULL,NULL,NULL,NULL,,NULL,0,0,2,2,N,N,45,NULL,98,9801,NULL,,Y,37.47942,-82.54279,N,NULL,NULL,NULL,NULL,NULL,NULL,NULL,NULL,4,3,4,6,2,1,2,2,7,3,N,NULL,Y,N,1536,1540,1616,N,NULL,16,17,0,N,,N,N,,NULL,NULL,2019,O,7.24E+11,098-KY-1384  -000,HIGH,098-KY-1384  -000,6.814,0,0,0,0,0,0,1,0,0,1,1,0,0,1,DAC,1,0,195-1101,1
72420729,980100,2.02E+11,20191007,1810,,KILGORE,,LN,,,,,,N,Y,HAMBLEY,,BLVD,N,NULL,NULL,NULL,NULL,NULL,NULL,,NULL,NULL,NULL,NULL,,NULL,0,0,2,2,N,N,25,NULL,98,9801,NULL,,Y,37.47624,-82.52258,N,NULL,NULL,NULL,NULL,NULL,NULL,NULL,NULL,1,3,2,6,1,5,6,2,7,3,N,NULL,Y,N,1810,1813,1813,N,NULL,10,,,N,,N,N,,NULL,NULL,2019,O,7.24E+11,098-CS-1105  -000,HIGH,098-CS-1105  -000,0,0,0,0,0,0,0,0,1,0,0,1,0,0,1,DAC,1,0,195-1141,1
72345908,980100,2.02E+11,20190429,1432,,HAMBLEY,,BLVD,,,0,098 CS-1222,CS1222,N,N,NULL,NULL,NULL,N,NULL,NULL,NULL,NULL,NULL,NULL,0.663,NULL,NULL,NULL,NULL,,NULL,0,0,2,2,N,N,25,NULL,98,9801,NULL,,Y,37.48051,-82.51904,N,NULL,NULL,NULL,NULL,NULL,NULL,NULL,NULL,1,3,2,6,1,1,2,2,7,3,N,NULL,Y,N,1432,1432,,N,NULL,55,,,N,,N,Y,098-CS-1222-0,NULL,NULL,2019,O,7.23E+11,098-CS-1222  -000,HIGH,098-CS-1222  -000,0.663,0,0,1,0,0,0,0,1,0,0,0,0,1,1,DAC,1,0,195-1079,1