MasterFile,AgencyORINumber,LocalCode,CollisionDate,CollisionTime,CollisionDayWeekCode,RoadwayName,RoadwayName_Direction_,RoadwayName_RoadwaySuffix_,RoadwayfromReport,CurrentRoadwayNumber,RoadwayNumberCoupletID,RSEUniqueGIS,RoadwayIdentifier,ParkingLotIndicator,IntersectionWith_Indicator_,IntersectionWith_NameRoadway_,IntersectionWith_Direction_,IntersectionWith_RoadwaySuffix_,BetweenStreets_Indicator_,BetweenStreets1_NameRoadway_,BetweenStreet1_Direction_,BetweenStreets1_RoadwaySuffix_,BetweenStreets2_NameRoadway_,BetweenStreets2_Direction_,BetweenStreets2_RoadwaySuffix_,Milepoint,ReportMilepointDeriveNumber,CurrentDerivedMiepointNumber,MilestoMilepoint,FeettoMilepoint,DirectionfromMilepoint_NSEW_,ValidMilepointIndicator,NumberInjured,NumberKilled,ofUnits,ofMotorVehicleUnits,Hit&RunIndicator,OneWayIndicator,SpeedLimitNumber,KilometersIndicator,CountyCode,CityCountyCode,MilesFromCity,DirectionFromCity_NSEW_,InCityLimitsIndicator,Latitude,Longitude,RampIndicator,RampFromIdentifier,RampFromDirCode,RampFromCoupletID,RSEUniqueGISRampFrom,RampToidentifier,RampToDirCode,RampToCoupletID,RSEUniqueGisRampTo,MannerofCollisionCode,LocationFirstEventCode,TotalLanes,RoadwayCharacterCode,RoadwaySurfaceCode,RoadwayConditionCode,WeatherCode,LightConditionCode,LandUseCode,SchoolBusRelatedCode,FirstAidSceneIndicator,CollDescPresentInd,InvestigationCompleteIndicator,PhotosTakenIndicator,TimeNotified,TimeArrived,TimeRoadwayOpened,PropertyDamageIndicator,DiagramPresentIndicator,DirectionalAnalysis,FunctionClassCode,NationalHwySysCode,EnforcementsIndicator,KARSCityCode,SecondaryCollisionIndicator,MedianCrossoverIndicator,RT_UNIQUE,MapIt,TimeLastLeft,YR,KABCO,MFNY,WorkingRID,RT_CONFIDENCE,KTC_RT,KTC_MP,Motorcyclist,Commercial Vehicle,Young Driver,Mature Driver,Pedestrian,Bicyclist,Distracted,Aggressive,Impaired,Unrestrained,Intersection,Roadway Departure,Median Cross-over,CityCrash,DACid,Intersection Crash,Segment Crash,Int_ID,CityIntersection
72435498,980100,2.02E+11,20191106,1321,,US23,,,US0023,US0023,0,098 US-23,US0023,N,N,NULL,NULL,NULL,N,NULL,NULL,NULL,NULL,NULL,NULL,23.572,NULL,NULL,NULL,NULL,,NULL,0,0,2,2,N,N,55,NULL,98,9801,NULL,,Y,37.47097,-82.53368,N,NULL,NULL,NULL,NULL,NULL,NULL,NULL,NULL,1,3,4,6,1,1,2,2,7,3,N,NULL,Y,N,1321,1327,1327,N,NULL,41,,1,N,,N,N,098-US-0023-0,NULL,NULL,2019,O,7.24E+11,098-US-0023  -000,HIGH,098-US-0023  -000,23.572,0,0,0,1,0,0,0,0,0,0,0,1,0,1,DAC,0,1,,
72331917,980100,2.02E+11,20190320,1316,,HIBBARD,,ST,,,0,098 CS-1053,CS1053,N,N,NULL,NULL,NULL,N,NULL,NULL,NULL,NULL,NULL,NULL,0.171,NULL,NULL,NULL,NULL,,NULL,0,0,2,2,N,N,15,NULL,98,9801,NULL,,Y,37.47462,-82.52483,N,NULL,NULL,NULL,NULL,NULL,NULL,NULL,NULL,2,3,2,6,1,1,2,2,1,3,N,NULL,Y,N,1316,1321,,N,NULL,47,,,N,,N,N,098-CS-1053-0,NULL,NULL,2019,O,7.23E+11,098-CS-1053  -000,HIGH,098-CS-1053  -000,0.171,0,0,0,0,0,0,1,0,0,0,0,0,0,1,DAC,1,0,195-1161,1
72319229,980100,2.02E+11,20190220,1454,,MAIN,,ST,,,0,098 CS-1112,CS1112,N,N,NULL,NULL,NULL,N,NULL,NULL,NULL,NULL,NULL,NULL,0.047,NULL,NULL,NULL,NULL,,NULL,0,0,2,2,N,N,15,NULL,98,9801,NULL,,Y,37.47836,-82.51824,N,NULL,NULL,NULL,NULL,NULL,NULL,NULL,NULL,8,3,1,6,1,5,6,2,1,3,N,NULL,Y,N,1454,1502,1517,N,NULL,47,,,N,,N,N,098-CS-1112-0,NULL,NULL,2019,O,7.23E+11,098-CS-1112  -000,HIGH,098-CS-1112  -000,0.047,0,0,0,1,0,0,0,0,0,0,0,0,0,1,DAC,1,0,195-1102,1
72319646,980100,2.02E+11,20190222,1702,,CASSIDY,,BLVD,,,0,098 CS-1191,CS1191,N,N,NULL,NULL,NULL,N,NULL,NULL,NULL,NULL,NULL,NULL,0.317,NULL,NULL,NULL,NULL,,NULL,0,0,3,3,N,N,25,NULL,98,9801,NULL,,Y,37.5052,-82.53717,N,NULL,NULL,NULL,NULL,NULL,NULL,NULL,NULL,1,3,2,3,1,5,6,2,1,3,N,NULL,Y,N,1702,1710,1750,N,NULL,55,,,N,,N,N,098-CS-1191-0,NULL,NULL,2019,O,7.23E+11,098-CS-1191  -000,HIGH,098-CS-1191  -000,0.317,0,0,0,0,0,0,1,0,0,0,0,0,0,1,Non-DAC,0,1,,
72742306,980100,2.02E+11,20220318,1758,,CASSIDY,,BLVD,,,0,098 CS-1191,CS1191,N,N,NULL,NULL,NULL,N,NULL,NULL,NULL,NULL,NULL,NULL,0.16,NULL,NULL,NULL,NULL,,NULL,0,0,2,2,N,N,25,NULL,98,9801,NULL,,Y,37.50369,-82.53465,N,NULL,NULL,NULL,NULL,NULL,NULL,NULL,NULL,8,3,2,6,1,1,2,2,7,3,N,NULL,Y,Y,1758,1825,1858,N,NULL,53,,,N,,N,Y,098-CS-1191-0,NULL,NULL,2022,O,7.27E+11,098-CS-1191  -000,HIGH,098-CS-1191  -000,0.16,0,1,0,0,0,0,1,0,0,0,0,1,0,1,Non-DAC,0,1,,
72446380,980100,2.02E+11,20191204,1330,,JUSTICE WAY,,DR,,,0,098 CS-1216,CS1216,N,N,NULL,NULL,NULL,N,NULL,NULL,NULL,NULL,NULL,NULL,,NULL,NULL,NULL,NULL,NULL,NULL,0,0,2,2,N,N,15,NULL,98,9801,NULL,,Y,37.50768,-82.54372,N,NULL,NULL,NULL,NULL,NULL,NULL,NULL,NULL,2,97,2,6,1,1,2,2,1,3,N,NULL,N,N,1330,1335,1330,N,NULL,56,,,N,,N,N,098-CS-1216-0,NULL,NULL,2019,O,7.24E+11,098-CS-1216  -000,HIGH,098-CS-1216  -000,0.039,0,0,0,0,0,0,1,0,0,0,0,0,0,1,Non-DAC,0,1,,
72367904,980100,2.02E+11,20190617,1034,,CASSIDY,,BLVD,,,0,098 CS-1191,CS1191,N,N,NULL,NULL,NULL,N,NULL,NULL,NULL,NULL,NULL,NULL,0.282,NULL,NULL,NULL,NULL,,NULL,0,0,2,2,N,N,25,NULL,98,9801,NULL,,Y,37.50479,-82.53646,N,NULL,NULL,NULL,NULL,NULL,NULL,NULL,NULL,8,3,3,6,1,1,3,2,1,3,N,NULL,Y,N,1034,1040,1040,N,NULL,53,,,N,,N,N,098-CS-1191-0,NULL,NULL,2019,O,7.24E+11,098-CS-1191  -000,HIGH,098-CS-1191  -000,0.282,0,0,0,0,0,0,1,0,0,0,0,1,0,1,Non-DAC,0,1,,
72312855,980100,2.02E+11,20190207,750,,US23,,,US0023,US0023,0,098 US-23,US0023,N,N,NULL,NULL,NULL,N,NULL,NULL,NULL,NULL,NULL,NULL,20.803,NULL,NULL,NULL,NULL,,NULL,0,0,2,2,N,N,55,NULL,98,9801,NULL,,Y,37.4431,-82.52292,N,NULL,NULL,NULL,NULL,NULL,NULL,NULL,NULL,8,3,4,3,1,5,6,2,7,3,N,NULL,Y,N,750,758,,N,NULL,53,,1,N,,N,N,098-US-0023-0,NULL,NULL,2019,O,7.23E+11,098-US-0023  -000,HIGH,098-US-0023  -000,20.803,0,0,0,1,0,0,0,1,0,0,0,1,0,1,Non-DAC,1,0,195-1297,1
72307063,980100,2.02E+11,20190124,1215,,US460,,,US0460,US0460,,,,N,Y,US23 CONNECTOR TO US460,,,N,NULL,NULL,NULL,NULL,NULL,NULL,0.238,NULL,NULL,NULL,NULL,,NULL,0,0,2,2,N,N,35,NULL,98,9801,NULL,,Y,37.43914,-82.50961,N,NULL,NULL,NULL,NULL,NULL,NULL,NULL,NULL,1,3,4,6,1,5,6,2,7,3,N,NULL,Y,N,1215,1223,,N,NULL,10,,1,N,,N,N,,NULL,NULL,2019,O,7.23E+11,098-US-0460  -000,HIGH,098-US-0460  -000,0.238,0,0,0,0,0,0,1,0,0,0,1,0,0,1,Non-DAC,1,0,195-1307,1
72431104,980100,2.02E+11,20191031,1250,,US23,,,US0023,US0023,0,098 US-23,US0023,N,N,NULL,NULL,NULL,N,NULL,NULL,NULL,NULL,NULL,NULL,26.287,NULL,NULL,NULL,NULL,,NULL,0,0,2,2,N,N,55,NULL,98,9801,NULL,,Y,37.50372,-82.53215,N,NULL,NULL,NULL,NULL,NULL,NULL,NULL,NULL,5,3,4,6,1,5,6,2,7,3,N,NULL,Y,N,1248,1250,1250,N,NULL,70,,1,N,,N,N,098-US-0023-0,NULL,NULL,2019,O,7.24E+11,098-US-0023  -000,HIGH,098-US-0023  -000,26.287,0,0,0,0,0,0,0,0,0,0,0,0,0,1,Non-DAC,0,1,,
72378833,980100,2.02E+11,20190712,1855,,MAYO,N,TRL,KY3495,KY3495,0,098 KY-3495,KY3495,N,N,NULL,NULL,NULL,N,NULL,NULL,NULL,NULL,NULL,NULL,0.605,NULL,NULL,NULL,NULL,,NULL,0,0,2,2,N,N,55,NULL,98,9801,NULL,,Y,37.49247,-82.53481,N,NULL,NULL,NULL,NULL,NULL,NULL,NULL,NULL,5,3,2,6,1,1,2,2,7,3,N,NULL,Y,N,1855,1855,1855,N,NULL,49,17,0,Y,,N,N,098-KY-3495-0,NULL,NULL,2019,O,7.24E+11,098-KY-3495  -000,HIGH,098-KY-3495  -000,0.605,0,0,1,0,0,0,1,0,0,0,0,0,0,1,Non-DAC,0,1,,
72395948,980100,2.02E+11,20190820,1838,,HAMBLEY,,BLVD,,,0,098 CS-1222,CS1222,N,N,NULL,NULL,NULL,N,NULL,NULL,NULL,NULL,NULL,NULL,0.474,NULL,NULL,NULL,NULL,,NULL,0,0,2,2,N,N,25,NULL,98,9801,NULL,,Y,37.47812,-82.52067,N,NULL,NULL,NULL,NULL,NULL,NULL,NULL,NULL,2,5,3,6,1,5,6,2,1,3,N,NULL,Y,N,1838,1839,1839,N,NULL,47,,,N,,N,N,098-CS-1222-0,NULL,NULL,2019,O,7.24E+11,098-CS-1222  -000,HIGH,098-CS-1222  -000,0.474,0,0,0,0,0,0,0,0,0,0,0,0,0,1,DAC,0,1,,
72413474,980100,2.02E+11,20190928,551,,KY1426,,,KY1426,KY1426,0,098 KY-1426,KY1426,N,N,NULL,NULL,NULL,N,NULL,NULL,NULL,NULL,NULL,NULL,7.425,NULL,NULL,NULL,NULL,,NULL,0,0,1,1,N,N,45,NULL,98,9801,NULL,,Y,37.49018,-82.50167,N,NULL,NULL,NULL,NULL,NULL,NULL,NULL,NULL,9,4,2,6,1,1,2,6,1,3,N,NULL,Y,N,551,553,,N,NULL,44,,0,N,,N,Y,098-KY-1426-0,NULL,NULL,2019,O,7.24E+11,098-KY-1426  -000,HIGH,098-KY-1426  -000,7.425,0,0,0,0,0,0,0,0,0,0,0,1,0,1,Non-DAC,0,1,,
72444625,980100,2.02E+11,20191128,1327,,US23,,,US0023,US0023,,,,N,N,NULL,NULL,NULL,N,NULL,NULL,NULL,NULL,NULL,NULL,21.926,NULL,NULL,NULL,NULL,,NULL,0,0,2,2,Y,N,55,NULL,98,9801,NULL,,Y,37.45655,-82.5187,N,NULL,NULL,NULL,NULL,NULL,NULL,NULL,NULL,8,3,4,6,1,1,2,2,7,3,N,NULL,Y,N,1327,1334,1334,N,NULL,53,,1,N,,N,N,,NULL,NULL,2019,O,7.24E+11,098-US-0023  -000,MEDIUM,098-US-0023  -000,21.926,0,0,0,0,0,0,1,0,0,0,0,1,0,1,Non-DAC,0,1,,
72302966,980000,19-01-003,20190112,2034,,US23,,,US0023,US0023,0,098 US-23,US0023,N,N,NULL,NULL,NULL,N,NULL,NULL,NULL,NULL,NULL,NULL,32.765,NULL,NULL,NULL,NULL,,NULL,0,0,1,1,N,N,55,NULL,98,9801,NULL,,Y,37.53226,-82.61922,N,NULL,NULL,NULL,NULL,NULL,NULL,NULL,NULL,9,3,4,6,1,5,6,6,7,3,N,NULL,Y,Y,2034,2054,2114,N,NULL,70,,1,N,,N,Y,098-US-0023-0,NULL,NULL,2019,O,7.23E+11,098-US-0023  -000,HIGH,098-US-0023  -000,32.765,0,0,0,0,0,0,0,0,0,0,0,1,0,1,Non-DAC,0,1,,
72404649,980100,2.02E+11,20190909,855,,HAMBLEY,,BLVD,,,0,098 CS-1222,CS1222,N,N,NULL,NULL,NULL,N,NULL,NULL,NULL,NULL,NULL,NULL,1.409,NULL,NULL,NULL,NULL,,NULL,0,0,2,2,N,N,25,NULL,98,9801,NULL,,Y,37.48407,-82.52861,N,NULL,NULL,NULL,NULL,NULL,NULL,NULL,NULL,1,3,3,6,1,1,2,2,7,3,N,NULL,Y,N,855,900,913,N,NULL,55,,,N,,N,N,098-CS-1222-0,NULL,NULL,2019,O,7.24E+11,098-CS-1222  -000,HIGH,098-CS-1222  -000,1.409,0,0,1,0,0,0,0,0,0,0,0,0,0,1,DAC,1,0,195-0990,1
72382661,980100,2.02E+11,20190719,733,,BANK,,ST,,,0,098 CS-1106,CS1106,N,N,NULL,NULL,NULL,N,NULL,NULL,NULL,NULL,NULL,NULL,0.114,NULL,NULL,NULL,NULL,,NULL,0,0,2,2,Y,N,15,NULL,98,9801,NULL,,Y,37.47639,-82.51991,N,NULL,NULL,NULL,NULL,NULL,NULL,NULL,NULL,2,3,,6,1,1,2,2,1,3,N,NULL,Y,N,733,739,733,N,NULL,47,,,N,,N,N,098-CS-1106-0,NULL,NULL,2019,O,7.24E+11,098-CS-1106  -000,HIGH,098-CS-1106  -000,0.114,0,0,0,0,0,0,1,0,0,0,0,0,0,1,DAC,1,0,195-1138,1
72408373,980100,2.02E+11,20190917,1703,,KY1460,,,KY1460,KY1460,,,,N,N,NULL,NULL,NULL,N,NULL,NULL,NULL,NULL,NULL,NULL,7.031,NULL,NULL,NULL,NULL,,NULL,0,0,2,2,N,N,45,NULL,98,9801,NULL,,Y,37.48586,-82.5435,N,NULL,NULL,NULL,NULL,NULL,NULL,NULL,NULL,1,3,2,5,1,1,2,2,7,3,N,NULL,Y,N,1703,1708,1733,N,NULL,55,16,0,N,,N,N,,NULL,NULL,2019,O,7.24E+11,098-KY-1460  -000,HIGH,098-KY-1460  -000,7.031,0,0,1,0,0,0,1,1,0,0,0,0,0,1,Non-DAC,0,1,,
72382752,980100,2.02E+11,20190715,1625,,US23,,,US0023,US0023,0,098 US-23-10,US0023,N,N,NULL,NULL,NULL,N,NULL,NULL,NULL,NULL,NULL,NULL,25.598,NULL,NULL,NULL,NULL,,NULL,0,0,2,2,Y,N,55,NULL,98,9801,NULL,,Y,37.49427,-82.53262,N,NULL,NULL,NULL,NULL,NULL,NULL,NULL,NULL,8,3,4,6,1,5,6,2,1,3,N,NULL,Y,N,1625,1631,,N,NULL,53,,1,N,,N,N,098-US-0023-10,NULL,NULL,2019,O,7.24E+11,098-US-0023  -010,HIGH,098-US-0023  -000,25.598,0,1,1,0,0,0,1,0,0,0,0,1,0,1,Non-DAC,0,1,,
72315393,980100,2.02E+11,20190211,1654,,US23,,,US0023,US0023,,,,N,Y,DOUGLAS,,ST,N,NULL,NULL,NULL,NULL,NULL,NULL,21.373,NULL,NULL,NULL,NULL,,NULL,0,0,1,1,N,N,55,NULL,98,9801,NULL,,Y,37.45015,-82.52435,N,NULL,NULL,NULL,NULL,NULL,NULL,NULL,NULL,9,5,4,6,1,1,3,2,1,3,N,NULL,Y,N,1654,1659,1715,Y,NULL,4,,1,N,,N,N,,NULL,NULL,2019,O,7.23E+11,098-US-0023  -010,MEDIUM,098-US-0023  -000,21.373,0,0,0,0,0,0,0,0,0,0,1,0,0,1,Non-DAC,0,1,,
72382465,980100,2.02E+11,20190721,1131,,MAYO,N,TRL,US0023,US0023,0,098 US-23,US0023,N,N,NULL,NULL,NULL,N,NULL,NULL,NULL,NULL,NULL,NULL,26.296,NULL,NULL,NULL,NULL,,NULL,0,0,2,2,N,N,55,NULL,98,9801,NULL,,Y,37.50384,-82.53216,N,NULL,NULL,NULL,NULL,NULL,NULL,NULL,NULL,1,3,4,6,1,1,2,2,7,3,N,NULL,Y,N,1131,1133,1214,N,NULL,55,,1,N,,N,N,098-US-0023-0,NULL,NULL,2019,O,7.24E+11,098-US-0023  -000,HIGH,098-US-0023  -000,26.296,0,0,0,0,0,0,0,1,0,0,0,1,0,1,Non-DAC,0,1,,
72312838,980100,2.02E+11,20190207,839,,SCOTT,,AVE,,,0,098 CS-1116,CS1116,N,N,NULL,NULL,NULL,N,NULL,NULL,NULL,NULL,NULL,NULL,0.166,NULL,NULL,NULL,NULL,,NULL,0,0,2,2,Y,N,25,NULL,98,9801,NULL,,Y,37.48344,-82.5179,N,NULL,NULL,NULL,NULL,NULL,NULL,NULL,NULL,8,3,1,6,1,5,6,5,6,,N,NULL,N,N,839,841,841,N,NULL,47,,,N,,N,N,098-CS-1116-0,NULL,NULL,2019,O,7.23E+11,098-CS-1116  -000,HIGH,098-CS-1116  -000,0.166,0,0,0,0,0,0,0,0,0,0,0,0,0,1,DAC,1,0,195-1012,1
72374803,980100,2.02E+11,20190703,916,,US23,,,US0023,US0023,,,,N,N,NULL,NULL,NULL,N,NULL,NULL,NULL,NULL,NULL,NULL,19.847,NULL,NULL,NULL,NULL,,NULL,0,0,1,1,N,N,55,NULL,98,9801,NULL,,Y,37.44998,-82.50938,N,NULL,NULL,NULL,NULL,NULL,NULL,NULL,NULL,9,3,4,3,1,6,6,2,1,3,N,NULL,Y,N,916,923,,N,NULL,40,,1,N,,N,N,,NULL,NULL,2019,O,7.24E+11,098-US-0023  -000,MEDIUM,098-US-0023  -000,19.847,0,0,0,0,0,0,0,1,0,0,0,1,0,1,Non-DAC,0,1,,
72320011,980100,2.02E+11,20190221,1410,,TOWN MOUNTAIN,,RD,,,,,,N,N,NULL,NULL,NULL,N,NULL,NULL,NULL,NULL,NULL,NULL,,NULL,NULL,NULL,NULL,NULL,NULL,1,0,2,2,N,N,45,NULL,98,9801,NULL,,Y,37.49033,-82.49391,N,NULL,NULL,NULL,NULL,NULL,NULL,NULL,NULL,5,3,2,1,1,1,2,2,7,3,Y,NULL,Y,Y,1411,1413,1444,N,NULL,49,,,N,,N,N,,NULL,NULL,2019,B,7.23E+11,098-KY-1426  -000,MEDIUM,098-KY-1426  -000,7.869,0,0,0,1,0,0,1,0,0,0,0,0,0,1,Non-DAC,1,0,195-0927,1
72341558,980100,2.02E+11,20190419,1512,,,,,US0023,US0023,,,,N,N,NULL,NULL,NULL,N,NULL,NULL,NULL,NULL,NULL,NULL,0.028,NULL,NULL,NULL,NULL,NULL,NULL,0,0,2,2,N,N,45,NULL,98,9801,NULL,,Y,37.48416,-82.54238,Y,KY1460,W,NULL,098 US-23-321,US0023,N,NULL,098 US-23-321,5,3,4,1,1,5,6,2,1,3,N,NULL,Y,N,1512,1514,1518,N,NULL,85,,1,N,,N,N,,NULL,NULL,2019,O,7.23E+11,098-US-0023  -321,HIGH,098-US-0023  -321,0.028,0,0,1,0,0,0,0,0,0,0,0,0,0,1,Non-DAC,1,0,195-1000,1
72303751,980500,2019AR007,20190116,1538,,MAYO,N,TRL,US0023,US0023,0,098 US-23-10,US0023,N,N,NULL,NULL,NULL,N,NULL,NULL,NULL,NULL,NULL,NULL,29.616,NULL,NULL,NULL,NULL,,NULL,1,0,2,2,N,N,55,NULL,98,9801,NULL,,Y,37.53171,-82.5772,N,NULL,NULL,NULL,NULL,NULL,NULL,NULL,NULL,8,3,4,6,1,5,3,2,1,3,N,NULL,Y,Y,1536,1538,1551,N,NULL,53,,1,N,,N,N,098-US-0023-10,NULL,NULL,2019,C,7.23E+11,098-US-0023  -010,HIGH,098-US-0023  -000,29.616,0,0,0,0,0,0,0,0,0,0,0,1,0,1,Non-DAC,0,1,,
72399794,980100,2.02E+11,20190828,1513,,US23,,,US0023,US0023,,,,N,N,NULL,NULL,NULL,N,NULL,NULL,NULL,NULL,NULL,NULL,25.841,NULL,NULL,NULL,NULL,,NULL,0,0,2,2,N,N,55,NULL,98,9801,NULL,,Y,37.49738,-82.53123,N,NULL,NULL,NULL,NULL,NULL,NULL,NULL,NULL,8,3,4,6,1,1,2,2,7,3,N,NULL,Y,N,1513,1520,1516,N,NULL,53,,1,N,,N,N,,NULL,NULL,2019,O,7.24E+11,098-US-0023  -000,MEDIUM,098-US-0023  -000,25.841,0,0,0,1,0,0,1,0,0,0,0,1,0,1,Non-DAC,0,1,,
72462785,980100,20200000648,20200112,1706,,HUFFMAN,,AVE,,,0,098 CS-1123,CS1123,N,N,NULL,NULL,NULL,N,NULL,NULL,NULL,NULL,NULL,NULL,0.004,NULL,NULL,NULL,NULL,,NULL,0,0,2,2,N,N,35,NULL,98,9801,NULL,,Y,37.47695,-82.51708,N,NULL,NULL,NULL,NULL,NULL,NULL,NULL,NULL,5,3,3,6,1,1,2,2,1,3,N,NULL,Y,N,1706,1710,1710,N,NULL,49,,,N,,N,N,098-CS-1123-0,NULL,NULL,2020,O,7.25E+11,098-CS-1123  -000,HIGH,098-CS-1123  -000,0.004,0,0,0,0,0,0,1,0,0,0,0,0,0,1,DAC,1,0,195-1125,1
72376770,980100,2.02E+11,20190702,1332,,BAIRD,,AVE,KY1426,KY1426,,,,N,N,NULL,NULL,NULL,N,NULL,NULL,NULL,NULL,NULL,NULL,5.395,NULL,NULL,NULL,NULL,,NULL,0,0,2,2,N,N,25,NULL,98,9801,NULL,,Y,37.47327,-82.52711,N,NULL,NULL,NULL,NULL,NULL,NULL,NULL,NULL,1,3,4,6,1,1,2,2,7,3,N,NULL,N,N,1332,1339,1339,N,NULL,55,,0,N,,N,N,,NULL,NULL,2019,O,7.24E+11,098-KY-1426  -000,HIGH,098-KY-1426  -000,5.395,0,0,1,1,0,0,1,0,0,0,0,0,0,1,DAC,1,0,195-1174,1
72334931,980100,2.02E+11,20190403,1651,,REDALE,,RD,,,,,,N,N,NULL,NULL,NULL,N,NULL,NULL,NULL,NULL,NULL,NULL,0.192,NULL,NULL,NULL,NULL,,NULL,0,0,2,2,N,N,15,NULL,98,9801,NULL,,Y,37.48713,-82.52759,N,NULL,NULL,NULL,NULL,NULL,NULL,NULL,NULL,2,3,1,6,1,1,2,2,6,3,N,NULL,Y,N,1652,1655,1712,N,NULL,47,,,N,,N,N,,NULL,NULL,2019,O,7.23E+11,098-CS-1244  -000,HIGH,098-CS-1244  -000,0.192,0,0,0,0,0,0,1,0,0,0,0,0,0,1,DAC,1,0,195-0943,1
72425689,980100,2.02E+11,20191017,1700,,US23,,,US0023,US0023,,,,N,N,NULL,NULL,NULL,N,NULL,NULL,NULL,NULL,NULL,NULL,26.09,NULL,NULL,NULL,NULL,,NULL,0,0,2,2,N,N,55,NULL,98,9801,NULL,,Y,37.50092,-82.53199,N,NULL,NULL,NULL,NULL,NULL,NULL,NULL,NULL,5,3,4,6,1,1,2,2,7,3,N,NULL,Y,N,1700,1707,1707,N,NULL,49,,1,N,,N,N,,NULL,NULL,2019,O,7.24E+11,098-US-0023  -000,MEDIUM,098-US-0023  -000,26.09,0,0,0,1,0,0,1,0,0,0,0,0,0,1,Non-DAC,0,1,,
72433656,980100,2.02E+11,20191107,2113,,CASSIDY BLVD,,,,,,,,N,N,NULL,NULL,NULL,N,NULL,NULL,NULL,NULL,NULL,NULL,,NULL,NULL,NULL,NULL,,NULL,1,0,1,1,N,N,15,NULL,98,9801,NULL,,Y,37.5071,-82.5376,N,NULL,NULL,NULL,NULL,NULL,NULL,NULL,NULL,9,3,2,1,1,5,6,6,1,3,Y,NULL,Y,Y,2113,2119,2119,N,NULL,44,,,N,,N,N,,NULL,NULL,2019,C,7.24E+11,098-CS-1191  -000,MEDIUM,098-CS-1191  -000,0.336,0,0,0,0,0,0,1,0,0,1,0,1,0,1,Non-DAC,0,1,,
72347095,980100,2.02E+11,20190419,2028,,CASSIDY,,BLVD,,,,,,N,N,NULL,NULL,NULL,N,NULL,NULL,NULL,NULL,NULL,NULL,0.037,NULL,NULL,NULL,NULL,,NULL,0,0,2,2,Y,N,35,NULL,98,9801,NULL,,Y,37.5037,-82.53278,N,NULL,NULL,NULL,NULL,NULL,NULL,NULL,NULL,5,3,4,6,2,1,2,3,7,3,N,NULL,N,N,2029,2030,2036,N,NULL,49,,,N,,N,N,,NULL,NULL,2019,O,7.23E+11,098-CS-1191  -000,HIGH,098-CS-1191  -000,0.037,0,0,0,0,0,0,1,0,0,0,0,0,0,1,Non-DAC,1,0,195-0861,1
72441468,980100,2.02E+11,20191118,1513,,US23,,,US0023,US0023,0,098 US-23-10,US0023,N,N,NULL,NULL,NULL,N,NULL,NULL,NULL,NULL,NULL,NULL,27.314,NULL,NULL,NULL,NULL,,NULL,0,0,2,2,N,N,55,NULL,98,9801,NULL,,Y,37.51054,-82.54761,N,NULL,NULL,NULL,NULL,NULL,NULL,NULL,NULL,5,3,4,6,1,1,2,2,1,3,N,NULL,Y,N,1513,1521,,N,NULL,49,,1,N,,N,N,098-US-0023-10,NULL,NULL,2019,O,7.24E+11,098-US-0023  -010,HIGH,098-US-0023  -000,27.314,0,0,1,0,0,0,1,0,0,0,0,0,0,1,Non-DAC,1,0,195-0812,1
72418377,980100,2.02E+11,20191009,631,,US23,,,US0023,US0023,0,098 US-23,US0023,N,N,NULL,NULL,NULL,N,NULL,NULL,NULL,NULL,NULL,NULL,23.051,NULL,NULL,NULL,NULL,,NULL,1,0,2,2,N,N,55,NULL,98,9801,NULL,,Y,37.46589,-82.52787,N,NULL,NULL,NULL,NULL,NULL,NULL,NULL,NULL,5,3,4,6,1,1,2,2,7,3,Y,NULL,Y,Y,631,637,637,N,NULL,49,,1,Y,,N,N,098-US-0023-0,NULL,NULL,2019,C,7.24E+11,098-US-0023  -000,HIGH,098-US-0023  -000,23.051,0,0,1,0,0,0,0,0,0,0,0,0,0,1,DAC,0,1,,
72310641,980100,2.02E+11,20190131,1755,,KEYSER HEIGHTS,,DR,,,,,,N,N,NULL,NULL,NULL,N,NULL,NULL,NULL,NULL,NULL,NULL,0.084,NULL,NULL,NULL,NULL,,NULL,0,0,2,2,N,N,35,NULL,98,9801,NULL,,Y,37.49173,-82.53333,N,NULL,NULL,NULL,NULL,NULL,NULL,NULL,NULL,1,3,2,6,1,1,3,5,7,3,N,NULL,Y,N,1755,1806,1858,N,NULL,55,,,N,,N,N,,NULL,NULL,2019,O,7.23E+11,098-CS-1187  -000,HIGH,098-CS-1187  -000,0.084,0,0,0,0,0,0,0,0,0,0,0,0,0,1,Non-DAC,0,1,,
72407406,980100,2.02E+11,20190905,1344,,US23,,,US0023,US0023,,,,N,N,NULL,NULL,NULL,N,NULL,NULL,NULL,NULL,NULL,NULL,26.299,NULL,NULL,NULL,NULL,,NULL,0,0,2,1,N,N,55,NULL,98,9801,NULL,,Y,37.50386,-82.53238,N,NULL,NULL,NULL,NULL,NULL,NULL,NULL,NULL,1,3,4,6,1,1,2,2,7,3,N,NULL,N,N,1344,1351,1416,N,NULL,55,,1,N,,N,N,,NULL,NULL,2019,O,7.24E+11,098-US-0023  -010,MEDIUM,098-US-0023  -000,26.299,0,0,0,1,0,0,1,0,0,0,0,0,0,1,Non-DAC,0,1,,
72315019,980100,2.02E+11,20190211,1343,,US23,,,US0023,US0023,0,098 US-23,US0023,N,N,NULL,NULL,NULL,N,NULL,NULL,NULL,NULL,NULL,NULL,25.502,NULL,NULL,NULL,NULL,,NULL,0,0,1,1,N,N,55,NULL,98,9801,NULL,,Y,37.49316,-82.5336,N,NULL,NULL,NULL,NULL,NULL,NULL,NULL,NULL,9,5,4,6,1,5,3,2,7,3,N,NULL,Y,N,1343,1347,1454,N,NULL,44,,1,Y,,N,N,098-US-0023-0,NULL,NULL,2019,O,7.23E+11,098-US-0023  -000,HIGH,098-US-0023  -000,25.502,0,0,0,0,0,0,1,0,1,0,0,1,0,1,Non-DAC,0,1,,