MasterFile,AgencyORINumber,LocalCode,CollisionDate,CollisionTime,CollisionDayWeekCode,RoadwayName,RoadwayName_Direction_,RoadwayName_RoadwaySuffix_,RoadwayfromReport,CurrentRoadwayNumber,RoadwayNumberCoupletID,RSEUniqueGIS,RoadwayIdentifier,ParkingLotIndicator,IntersectionWith_Indicator_,IntersectionWith_NameRoadway_,IntersectionWith_Direction_,IntersectionWith_RoadwaySuffix_,BetweenStreets_Indicator_,BetweenStreets1_NameRoadway_,BetweenStreet1_Direction_,BetweenStreets1_RoadwaySuffix_,BetweenStreets2_NameRoadway_,BetweenStreets2_Direction_,BetweenStreets2_RoadwaySuffix_,Milepoint,ReportMilepointDeriveNumber,CurrentDerivedMiepointNumber,MilestoMilepoint,FeettoMilepoint,DirectionfromMilepoint_NSEW_,ValidMilepointIndicator,NumberInjured,NumberKilled,ofUnits,ofMotorVehicleUnits,Hit&RunIndicator,OneWayIndicator,SpeedLimitNumber,KilometersIndicator,CountyCode,CityCountyCode,MilesFromCity,DirectionFromCity_NSEW_,InCityLimitsIndicator,Latitude,Longitude,RampIndicator,RampFromIdentifier,RampFromDirCode,RampFromCoupletID,RSEUniqueGISRampFrom,RampToidentifier,RampToDirCode,RampToCoupletID,RSEUniqueGisRampTo,MannerofCollisionCode,LocationFirstEventCode,TotalLanes,RoadwayCharacterCode,RoadwaySurfaceCode,RoadwayConditionCode,WeatherCode,LightConditionCode,LandUseCode,SchoolBusRelatedCode,FirstAidSceneIndicator,CollDescPresentInd,InvestigationCompleteIndicator,PhotosTakenIndicator,TimeNotified,TimeArrived,TimeRoadwayOpened,PropertyDamageIndicator,DiagramPresentIndicator,DirectionalAnalysis,FunctionClassCode,NationalHwySysCode,EnforcementsIndicator,KARSCityCode,SecondaryCollisionIndicator,MedianCrossoverIndicator,RT_UNIQUE,MapIt,TimeLastLeft,YR,KABCO,MFNY,WorkingRID,RT_CONFIDENCE,KTC_RT,KTC_MP,Motorcyclist,Commercial Vehicle,Young Driver,Mature Driver,Pedestrian,Bicyclist,Distracted,Aggressive,Impaired,Unrestrained,Intersection,Roadway Departure,Median Cross-over,CityCrash,DACid,Intersection Crash,Segment Crash,Int_ID,CityIntersection
72307932,KSP0900,19-2619,20190124,1646,,CEDAR HILLS,,RD,KY1426,KY1426,0,098 KY-1426,KY1426,N,N,NULL,NULL,NULL,N,NULL,NULL,NULL,NULL,NULL,NULL,2.734,NULL,NULL,NULL,NULL,,NULL,0,0,1,1,N,N,55,NULL,98,9801,NULL,,Y,37.45518,-82.54928,N,NULL,NULL,NULL,NULL,NULL,NULL,NULL,NULL,9,5,2,3,1,5,2,6,7,3,N,NULL,Y,N,1757,1806,1757,N,NULL,51,8,0,N,,N,N,098-KY-1426-0,NULL,NULL,2019,O,7.23E+11,098-KY-1426  -000,HIGH,098-KY-1426  -000,2.734,0,0,0,0,0,0,0,0,0,0,0,1,0,1,Non-DAC,1,0,195-1268,1
72367859,980100,2.02E+11,20190617,1530,,NORTHMONTE,,DR,,,0,098 CS-1098,CS1098,N,N,NULL,NULL,NULL,N,NULL,NULL,NULL,NULL,NULL,NULL,0.289,NULL,NULL,NULL,NULL,,NULL,0,0,1,1,N,N,15,NULL,98,9801,NULL,,Y,37.48546,-82.53755,N,NULL,NULL,NULL,NULL,NULL,NULL,NULL,NULL,9,3,2,1,1,1,3,2,6,3,N,NULL,Y,Y,1530,1530,1547,N,NULL,40,,,N,,N,N,098-CS-1098-0,NULL,NULL,2019,O,7.24E+11,098-CS-1098  -000,HIGH,098-CS-1098  -000,0.289,0,0,0,0,0,0,0,0,0,0,0,1,0,1,Non-DAC,1,0,195-0963,1
72446819,980100,2.02E+11,20191123,1623,,US23,,,US0023,US0023,0,098 US-23,US0023,N,Y,KY3496,,,N,NULL,NULL,NULL,NULL,NULL,NULL,23.062,NULL,NULL,NULL,NULL,,NULL,4,0,2,2,N,N,55,NULL,98,9801,NULL,,Y,37.46593,-82.52809,N,NULL,NULL,NULL,NULL,NULL,NULL,NULL,NULL,5,3,4,6,1,5,6,2,1,3,Y,NULL,Y,Y,1623,1626,1709,N,NULL,35,,1,N,,N,N,098-US-0023-0,NULL,NULL,2019,A,7.24E+11,098-US-0023  -000,HIGH,098-US-0023  -000,23.062,1,0,0,0,0,0,0,0,0,0,1,0,0,1,DAC,0,1,,
72491437,980100,2.02E+11,20200323,1407,,US23,,,US0023,US0023,,,,N,Y,CASSIDY,,BLVD,N,NULL,NULL,NULL,NULL,NULL,NULL,26.262,NULL,NULL,NULL,NULL,,NULL,0,0,2,2,N,N,55,NULL,98,9801,NULL,,Y,37.50335,-82.5321,N,NULL,NULL,NULL,NULL,NULL,NULL,NULL,NULL,5,3,4,6,1,5,6,2,7,3,N,NULL,Y,N,1407,1407,1407,N,NULL,35,,1,N,,N,N,,NULL,NULL,2020,O,7.25E+11,098-US-0023  -000,MEDIUM,098-US-0023  -000,26.262,0,0,0,0,0,0,1,0,0,0,1,0,0,1,Non-DAC,1,0,195-0861,1
72420452,980100,2.02E+11,20191012,1801,,CASSIDY,,BLVD,,,0,098 CS-1191,CS1191,N,N,NULL,NULL,NULL,N,NULL,NULL,NULL,NULL,NULL,NULL,0.052,NULL,NULL,NULL,NULL,,NULL,0,0,2,2,N,N,25,NULL,98,9801,NULL,,Y,37.50369,-82.533,N,NULL,NULL,NULL,NULL,NULL,NULL,NULL,NULL,5,3,2,6,1,1,2,2,1,3,N,NULL,Y,N,1801,1801,,N,NULL,49,,,N,,N,N,098-CS-1191-0,NULL,NULL,2019,O,7.24E+11,098-CS-1191  -000,HIGH,098-CS-1191  -000,0.052,0,0,0,0,0,0,1,0,0,0,0,0,0,1,Non-DAC,1,0,195-0861,1
72368738,980100,2.02E+12,20190619,1204,,US23,,,US0023,US0023,,,,N,N,NULL,NULL,NULL,N,NULL,NULL,NULL,NULL,NULL,NULL,26.178,NULL,NULL,NULL,NULL,,NULL,0,0,2,2,N,N,55,NULL,98,9801,NULL,,Y,37.50217,-82.53194,N,NULL,NULL,NULL,NULL,NULL,NULL,NULL,NULL,5,3,4,6,1,5,3,2,1,3,N,NULL,Y,N,1204,1211,,N,NULL,70,,1,N,,N,N,,NULL,NULL,2019,O,7.24E+11,098-US-0023  -000,MEDIUM,098-US-0023  -000,26.178,0,0,0,1,0,0,0,1,0,0,0,0,0,1,Non-DAC,1,0,195-0861,1
72414344,980100,2.02E+11,20190929,2123,,US23,,,US0023,US0023,0,098 US-23,US0023,N,N,NULL,NULL,NULL,N,NULL,NULL,NULL,NULL,NULL,NULL,23.854,NULL,NULL,NULL,NULL,,NULL,0,0,1,1,N,N,55,NULL,98,9801,NULL,,Y,37.47483,-82.53738,N,NULL,NULL,NULL,NULL,NULL,NULL,NULL,NULL,9,3,4,6,1,1,2,5,1,3,N,NULL,Y,N,2123,2128,,N,NULL,38,,1,N,,N,N,098-US-0023-0,NULL,NULL,2019,O,7.24E+11,098-US-0023  -000,HIGH,098-US-0023  -000,23.854,0,0,0,0,0,0,0,0,0,0,0,0,0,1,DAC,0,1,,
72374102,980100,2.02E+11,20190618,1713,,KY3496,,,KY3496,KY3496,0,098 KY-3496,KY3496,N,N,NULL,NULL,NULL,N,NULL,NULL,NULL,NULL,NULL,NULL,0.197,NULL,NULL,NULL,NULL,,NULL,0,0,2,2,Y,N,35,NULL,98,9801,NULL,,Y,37.46652,-82.53114,N,NULL,NULL,NULL,NULL,NULL,NULL,NULL,NULL,1,3,2,6,1,1,2,2,1,3,N,NULL,Y,N,1715,1715,,N,NULL,55,16,0,N,,N,N,098-KY-3496-0,NULL,NULL,2019,O,7.24E+11,098-KY-3496  -000,HIGH,098-KY-3496  -000,0.197,0,0,0,0,0,0,1,0,0,0,0,0,0,1,DAC,0,1,,
72380430,980100,2.02E+11,20190704,2218,,US23,,,US0023,US0023,0,098 US-23,US0023,N,N,NULL,NULL,NULL,N,NULL,NULL,NULL,NULL,NULL,NULL,20.744,NULL,NULL,NULL,NULL,,NULL,0,0,2,2,N,N,55,NULL,98,9801,NULL,,Y,37.443,-82.52259,N,NULL,NULL,NULL,NULL,NULL,NULL,NULL,NULL,8,3,4,6,1,1,2,5,1,3,N,NULL,Y,N,2220,2227,2327,Y,NULL,53,,1,N,,N,N,098-US-0023-0,NULL,NULL,2019,O,7.24E+11,098-US-0023  -000,HIGH,098-US-0023  -000,20.744,0,0,1,0,0,0,0,0,0,1,0,1,0,1,Non-DAC,0,1,,
72334529,KSP0900,19-10506,20190330,1400,,CEDAR HILLS,,RD,KY1426,KY1426,0,098 KY-1426,KY1426,N,N,NULL,NULL,NULL,N,NULL,NULL,NULL,NULL,NULL,NULL,2.356,NULL,NULL,NULL,NULL,,NULL,0,0,2,2,N,N,5,NULL,98,9801,NULL,,Y,37.45874,-82.55421,N,NULL,NULL,NULL,NULL,NULL,NULL,NULL,NULL,7,97,2,6,1,1,2,2,7,3,N,NULL,Y,N,1400,1430,,N,NULL,54,8,0,N,,N,N,098-KY-1426-0,NULL,NULL,2019,O,7.23E+11,098-KY-1426  -000,HIGH,098-KY-1426  -000,2.356,0,0,0,0,0,0,1,0,0,0,0,1,0,1,Non-DAC,0,1,,
72367169,980100,2.02E+11,20190614,1402,,BYPASS,S,RD,KY1426,KY1426,0,098 KY-1426,KY1426,N,N,NULL,NULL,NULL,N,NULL,NULL,NULL,NULL,NULL,NULL,5.635,NULL,NULL,NULL,NULL,,NULL,0,0,2,2,N,N,55,NULL,98,9801,NULL,,Y,37.47255,-82.52382,N,NULL,NULL,NULL,NULL,NULL,NULL,NULL,NULL,5,3,2,6,1,1,2,2,7,3,N,NULL,Y,N,1402,1403,1403,N,NULL,49,,0,N,,N,N,098-KY-1426-0,NULL,NULL,2019,O,7.24E+11,098-KY-1426  -000,HIGH,098-KY-1426  -000,5.635,0,0,0,0,0,0,1,0,0,0,0,0,0,1,DAC,1,0,195-1179,1
72368306,980100,2.02E+11,20190618,1159,,BAIRD,,AVE,KY1426,KY1426,0,098 KY-1426,KY1426,N,N,NULL,NULL,NULL,N,NULL,NULL,NULL,NULL,NULL,NULL,5.394,NULL,NULL,NULL,NULL,,NULL,3,0,2,2,N,N,25,NULL,98,9801,NULL,,Y,37.47328,-82.52711,N,NULL,NULL,NULL,NULL,NULL,NULL,NULL,NULL,1,3,2,6,1,5,6,2,7,3,Y,NULL,Y,Y,1159,1201,1220,N,NULL,55,,0,N,,N,N,098-KY-1426-0,NULL,NULL,2019,C,7.24E+11,098-KY-1426  -000,HIGH,098-KY-1426  -000,5.394,0,0,0,0,0,0,1,0,0,0,0,0,0,1,DAC,1,0,195-1174,1
72334852,980100,2.02E+11,20190403,1431,,US23,,,US0023,US0023,,,,N,N,NULL,NULL,NULL,N,NULL,NULL,NULL,NULL,NULL,NULL,31.595,NULL,NULL,NULL,NULL,,NULL,1,0,2,2,N,N,55,NULL,98,9801,NULL,,Y,37.53696,-82.60147,N,NULL,NULL,NULL,NULL,NULL,NULL,NULL,NULL,5,3,4,6,1,1,2,2,1,3,Y,NULL,Y,Y,1431,1457,,N,NULL,70,,1,N,,N,N,,NULL,NULL,2019,C,7.23E+11,098-US-0023  -000,MEDIUM,098-US-0023  -000,31.595,0,0,0,0,0,0,1,0,0,0,0,0,0,1,Non-DAC,1,0,195-0620,1
72447158,KSP0900,19-47226,20191202,1400,,KY3218,,,KY3218,KY3218,0,098 KY-3218,KY3218,N,N,NULL,NULL,NULL,N,NULL,NULL,NULL,NULL,NULL,NULL,0.291,NULL,NULL,NULL,NULL,,NULL,0,0,1,1,N,N,55,NULL,98,9801,NULL,,Y,37.53995,-82.5984,N,NULL,NULL,NULL,NULL,NULL,NULL,NULL,NULL,9,7,2,6,1,5,6,2,1,3,N,NULL,N,N,1400,1424,,N,NULL,40,8,0,N,,N,N,098-KY-3218-0,NULL,NULL,2019,O,7.24E+11,098-KY-3218  -000,HIGH,098-KY-3218  -000,0.291,0,0,0,0,0,0,1,0,0,0,0,1,0,1,Non-DAC,0,1,,
72463435,980100,2.02E+11,20200113,1842,,US23,,,US0023,US0023,0,098 US-23,US0023,N,N,NULL,NULL,NULL,N,NULL,NULL,NULL,NULL,NULL,NULL,19.821,NULL,NULL,NULL,NULL,,NULL,1,0,1,1,N,N,55,NULL,98,9801,NULL,,Y,37.44993,-82.50892,N,NULL,NULL,NULL,NULL,NULL,NULL,NULL,NULL,9,2,4,3,1,1,2,6,1,3,N,NULL,Y,Y,1842,1849,1915,Y,NULL,40,,1,N,,N,Y,098-US-0023-0,NULL,NULL,2020,C,7.25E+11,098-US-0023  -000,HIGH,098-US-0023  -000,19.821,0,0,0,1,0,0,0,0,0,0,0,1,0,1,Non-DAC,0,1,,
72327248,980100,2.02E+11,20190315,1143,,CASSIDY,,BLVD,,,0,098 CS-1191,CS1191,N,N,NULL,NULL,NULL,N,NULL,NULL,NULL,NULL,NULL,NULL,0.043,NULL,NULL,NULL,NULL,,NULL,0,0,2,2,N,N,25,NULL,98,9801,NULL,,Y,37.50369,-82.53287,N,NULL,NULL,NULL,NULL,NULL,NULL,NULL,NULL,8,3,4,4,2,1,2,2,1,3,N,NULL,Y,N,1143,1151,,N,NULL,53,,,N,,Y,N,098-CS-1191-0,NULL,NULL,2019,O,7.23E+11,098-CS-1191  -000,HIGH,098-CS-1191  -000,0.043,0,0,0,1,0,0,1,0,0,0,0,1,0,1,Non-DAC,1,0,195-0861,1
72400563,980100,2.02E+11,20190829,937,,HAROLDS BRANCH,,RD,,,0,098 CS-1223,CS1223,N,N,NULL,NULL,NULL,N,NULL,NULL,NULL,NULL,NULL,NULL,1.21,NULL,NULL,NULL,NULL,,NULL,0,0,2,2,N,N,25,NULL,98,9801,NULL,,Y,37.46634,-82.50228,N,NULL,NULL,NULL,NULL,NULL,NULL,NULL,NULL,8,97,1,6,3,8,2,2,5,3,N,NULL,Y,N,937,945,945,N,NULL,47,,,N,,N,N,098-CS-1223-0,NULL,NULL,2019,O,7.24E+11,098-CS-1223  -000,HIGH,098-CS-1223  -000,1.21,0,0,0,0,0,0,1,0,0,0,0,0,0,1,Non-DAC,0,1,,
72457892,980100,2.02E+11,20191226,1258,,CASSIDY,,BLVD,,,,,,N,N,NULL,NULL,NULL,N,NULL,NULL,NULL,NULL,NULL,NULL,0.239,NULL,NULL,NULL,NULL,,NULL,0,0,2,2,N,N,25,NULL,98,9801,NULL,,Y,37.50441,-82.53578,N,NULL,NULL,NULL,NULL,NULL,NULL,NULL,NULL,1,3,5,3,1,1,3,2,1,3,N,NULL,Y,N,1258,1306,1306,N,NULL,55,,,N,,N,N,,NULL,NULL,2019,O,7.25E+11,098-CS-1191  -000,MEDIUM,098-CS-1191  -000,0.239,0,0,0,0,0,0,1,1,0,0,0,0,0,1,Non-DAC,0,1,,
72438418,980100,2.02E+11,20191118,1615,,HAMBLEY,,BLVD,,,,,,N,N,NULL,NULL,NULL,N,NULL,NULL,NULL,NULL,NULL,NULL,1.355,NULL,NULL,NULL,NULL,,NULL,2,0,2,2,N,N,35,NULL,98,9801,NULL,,Y,37.48451,-82.52781,N,NULL,NULL,NULL,NULL,NULL,NULL,NULL,NULL,2,6,2,6,1,1,2,2,7,3,Y,NULL,Y,Y,1615,1618,1640,N,NULL,47,,,N,,N,N,,NULL,NULL,2019,C,7.24E+11,098-CS-1222  -000,HIGH,098-CS-1222  -000,1.355,0,0,0,0,0,0,1,0,0,0,0,0,0,1,DAC,0,1,,
72307689,980100,2.02E+11,20190124,1841,,TOWN MOUNTAIN,,RD,KY1426,KY1426,0,098 KY-1426,KY1426,N,N,NULL,NULL,NULL,N,NULL,NULL,NULL,NULL,NULL,NULL,9.172,NULL,NULL,NULL,NULL,,NULL,0,0,1,1,N,N,45,NULL,98,9801,NULL,,Y,37.50756,-82.489,N,NULL,NULL,NULL,NULL,NULL,NULL,NULL,NULL,9,3,2,5,1,5,3,4,7,3,N,NULL,Y,N,1841,1850,1909,N,NULL,40,,0,N,,N,N,098-KY-1426-0,NULL,NULL,2019,O,7.23E+11,098-KY-1426  -000,HIGH,098-KY-1426  -000,9.172,0,0,0,0,0,0,0,0,0,0,0,1,0,1,Non-DAC,0,1,,
72348353,980100,2.02E+11,20190425,1156,,CASSIDY,,BLVD,,,0,098 CS-1191,CS1191,N,N,NULL,NULL,NULL,N,NULL,NULL,NULL,NULL,NULL,NULL,0.269,NULL,NULL,NULL,NULL,,NULL,0,0,2,2,N,N,25,NULL,98,9801,NULL,,Y,37.50459,-82.53625,N,NULL,NULL,NULL,NULL,NULL,NULL,NULL,NULL,1,3,4,6,1,1,2,2,1,3,N,NULL,Y,N,115,1201,1201,N,NULL,55,,,N,,N,N,098-CS-1191-0,NULL,NULL,2019,O,7.23E+11,098-CS-1191  -000,HIGH,098-CS-1191  -000,0.269,0,0,0,1,0,0,1,0,0,0,0,0,0,1,Non-DAC,0,1,,
72419870,980100,2.02E+11,20191010,1740,,,,,US0023,US0023,,,,N,N,NULL,NULL,NULL,N,NULL,NULL,NULL,NULL,NULL,NULL,0.275,NULL,NULL,NULL,NULL,,NULL,0,0,2,2,N,N,45,NULL,98,9801,NULL,,Y,37.47383,-82.53441,Y,KY1426,W,NULL,,US0023,N,NULL,,5,3,1,1,1,1,2,2,1,3,N,NULL,Y,N,1745,1801,,N,NULL,85,,1,N,,N,N,,NULL,NULL,2019,O,7.24E+11,098-US-0023  -121,HIGH,098-US-0023  -121,0.275,0,0,0,0,0,0,1,1,0,0,0,0,0,1,DAC,0,1,,
72315865,980100,2.02E+11,20190207,652,,US23,,,US0023,US0023,0,098 US-23,US0023,N,N,NULL,NULL,NULL,N,NULL,NULL,NULL,NULL,NULL,NULL,26.287,NULL,NULL,NULL,NULL,,NULL,3,0,3,3,N,N,55,NULL,98,9801,NULL,,Y,37.50372,-82.53215,N,NULL,NULL,NULL,NULL,NULL,NULL,NULL,NULL,1,3,4,6,1,5,6,5,7,3,Y,NULL,N,Y,652,658,750,N,NULL,55,,1,N,,N,N,098-US-0023-0,NULL,NULL,2019,C,7.23E+11,098-US-0023  -000,HIGH,098-US-0023  -000,26.287,0,0,0,1,0,0,0,1,0,0,0,0,0,1,Non-DAC,0,1,,
72431573,980100,2.02E+11,20191031,940,,HAMBLEY,,BLVD,,,0,098 CS-1222,CS1222,N,N,NULL,NULL,NULL,N,NULL,NULL,NULL,NULL,NULL,NULL,0.818,NULL,NULL,NULL,NULL,,NULL,2,0,2,2,N,N,25,NULL,98,9801,NULL,,Y,37.48271,-82.51926,N,NULL,NULL,NULL,NULL,NULL,NULL,NULL,NULL,1,3,2,6,1,5,6,2,1,3,Y,NULL,Y,Y,941,947,1022,N,NULL,55,,,N,,N,N,098-CS-1222-0,NULL,NULL,2019,A,7.24E+11,098-CS-1222  -000,HIGH,098-CS-1222  -000,0.818,0,0,0,1,0,0,1,1,0,1,0,0,0,1,DAC,1,0,195-1031,1
72411255,980100,2.02E+11,20190924,800,,HAMBLEY,,BLVD,,,0,098 CS-1222,CS1222,N,N,NULL,NULL,NULL,N,NULL,NULL,NULL,NULL,NULL,NULL,0.947,NULL,NULL,NULL,NULL,,NULL,0,0,1,1,N,N,35,NULL,98,9801,NULL,,Y,37.48401,-82.52097,N,NULL,NULL,NULL,NULL,NULL,NULL,NULL,NULL,9,5,2,6,1,1,2,2,1,3,N,NULL,Y,N,806,806,806,Y,NULL,40,,,N,,N,N,098-CS-1222-0,NULL,NULL,2019,O,7.24E+11,098-CS-1222  -000,HIGH,098-CS-1222  -000,0.947,0,0,0,0,0,0,0,0,0,0,0,1,0,1,DAC,1,0,195-2061,1
72343965,980000,19-04-005,20190424,1540,,US119,,,US0119,US0119,0,098 US-119-10,US0119,N,N,NULL,NULL,NULL,N,NULL,NULL,NULL,NULL,NULL,NULL,1.958,NULL,NULL,NULL,NULL,,NULL,0,0,2,2,N,Y,55,NULL,98,9801,NULL,,Y,37.51255,-82.50009,N,NULL,NULL,NULL,NULL,NULL,NULL,NULL,NULL,5,5,4,5,1,1,2,2,2,2,N,NULL,Y,Y,1540,1545,1540,N,NULL,70,2,1,N,,N,N,098-US-0119-10,NULL,NULL,2019,O,7.23E+11,098-US-0119  -010,HIGH,098-US-0119  -000,1.958,0,0,1,0,0,0,0,0,0,0,0,0,0,1,Non-DAC,0,1,,
72304566,980100,2.02E+11,20190118,1450,,KY3496,,,,,,,,N,N,NULL,NULL,NULL,N,NULL,NULL,NULL,NULL,NULL,NULL,,NULL,NULL,NULL,NULL,NULL,NULL,0,0,2,2,N,N,35,NULL,98,9801,NULL,,Y,37.46573,-82.52809,N,NULL,NULL,NULL,NULL,NULL,NULL,NULL,NULL,5,3,4,3,1,5,3,2,1,3,N,NULL,N,N,1500,1501,1501,N,NULL,49,,,N,,N,N,,NULL,NULL,2019,O,7.23E+11,098-KY-3496  -000,MEDIUM,098-KY-3496  -000,0.015,0,0,0,0,0,0,1,0,0,0,0,0,0,1,DAC,1,0,195-1219,1
72408711,KSP0900,19-35455,20190911,821,,OWSLEY,,RD,KY1384,KY1384,0,098 KY-1384,KY1384,N,N,NULL,NULL,NULL,N,NULL,NULL,NULL,NULL,NULL,NULL,0.01,NULL,NULL,NULL,NULL,,NULL,2,0,2,2,N,N,55,NULL,98,9813,NULL,,Y,37.53174,-82.61946,N,NULL,NULL,NULL,NULL,NULL,NULL,NULL,NULL,1,3,4,6,1,1,2,2,7,3,Y,NULL,Y,Y,825,838,915,N,NULL,55,,0,N,,N,N,098-KY-1384-0,NULL,NULL,2019,C,7.24E+11,098-KY-1384  -000,HIGH,098-KY-1384  -000,0.01,0,0,0,0,0,0,1,0,0,0,0,0,0,1,Non-DAC,1,0,195-0668,1
72303137,980100,2.02E+11,20190110,648,,US23,,,US0023,US0023,0,098 US-23,US0023,N,N,NULL,NULL,NULL,N,NULL,NULL,NULL,NULL,NULL,NULL,20.493,NULL,NULL,NULL,NULL,,NULL,1,0,1,1,N,N,55,NULL,98,9801,NULL,,Y,37.44434,-82.51797,N,NULL,NULL,NULL,NULL,NULL,NULL,NULL,NULL,9,3,4,6,1,5,2,6,7,3,Y,NULL,N,N,648,652,736,N,NULL,41,,1,N,,N,N,098-US-0023-0,NULL,NULL,2019,C,7.23E+11,098-US-0023  -000,HIGH,098-US-0023  -000,20.493,0,0,0,0,0,0,0,0,0,1,0,1,0,1,Non-DAC,0,1,,
72420185,980100,2.02E+11,20191010,1735,,US23,,,US0023,US0023,,,,N,N,NULL,NULL,NULL,N,NULL,NULL,NULL,NULL,NULL,NULL,25.543,NULL,NULL,NULL,NULL,,NULL,1,0,2,2,N,N,55,NULL,98,9801,NULL,,Y,37.49361,-82.53309,N,NULL,NULL,NULL,NULL,NULL,NULL,NULL,NULL,5,3,4,6,1,1,2,2,7,3,Y,NULL,Y,N,1735,1755,1842,N,NULL,49,,1,N,,N,N,,NULL,NULL,2019,C,7.24E+11,098-US-0023  -000,MEDIUM,098-US-0023  -000,25.543,0,0,1,0,0,0,1,0,0,0,0,0,0,1,Non-DAC,1,0,195-0912,1
72450459,980100,2.02E+11,20191212,1325,,CHLOE,,RD,KY1460,KY1460,0,098 KY-1460,KY1460,N,N,NULL,NULL,NULL,N,NULL,NULL,NULL,NULL,NULL,NULL,,NULL,NULL,NULL,NULL,NULL,NULL,0,0,2,2,N,N,35,NULL,98,9801,NULL,,Y,37.47734,-82.50409,N,NULL,NULL,NULL,NULL,NULL,NULL,NULL,NULL,7,3,2,3,1,5,2,2,6,3,N,NULL,Y,N,1325,1330,1334,N,NULL,54,,0,N,,N,N,098-KY-1460-0,NULL,NULL,2019,O,7.25E+11,098-KY-1460  -000,HIGH,098-KY-1460  -000,4.425,0,0,0,0,0,0,0,0,0,0,0,1,0,1,Non-DAC,0,1,,
72309667,980100,2.02E+11,20190117,2349,,US23,,,US0023,US0023,,,,N,N,NULL,NULL,NULL,N,NULL,NULL,NULL,NULL,NULL,NULL,20.921,NULL,NULL,NULL,NULL,,NULL,3,0,2,2,N,N,55,NULL,98,9801,NULL,,Y,37.44399,-82.52485,N,NULL,NULL,NULL,NULL,NULL,NULL,NULL,NULL,1,3,4,3,1,5,6,4,1,3,Y,NULL,Y,Y,2349,2355,112,N,NULL,55,,1,N,,N,N,,NULL,NULL,2019,C,7.23E+11,098-US-0023  -010,MEDIUM,098-US-0023  -000,20.921,0,1,0,0,0,0,0,0,0,0,0,0,0,1,Non-DAC,0,1,,
72423369,980100,2.02E+11,20191018,1430,,US23,,,US0023,US0023,0,098 US-23,US0023,N,N,NULL,NULL,NULL,N,NULL,NULL,NULL,NULL,NULL,NULL,22.646,NULL,NULL,NULL,NULL,,NULL,1,0,2,2,N,N,55,NULL,98,9801,NULL,,Y,37.46495,-82.52077,N,NULL,NULL,NULL,NULL,NULL,NULL,NULL,NULL,1,3,4,3,1,1,2,2,7,3,N,NULL,Y,Y,1430,1433,1453,N,NULL,55,,1,N,,N,N,098-US-0023-0,NULL,NULL,2019,B,7.24E+11,098-US-0023  -000,HIGH,098-US-0023  -000,22.646,0,0,0,0,0,0,0,1,0,0,0,0,0,1,Non-DAC,0,1,,
72424974,980100,2.02E+11,20191023,910,,SCOTT,,AVE,,,0,098 CS-1116,CS1116,N,N,NULL,NULL,NULL,N,NULL,NULL,NULL,NULL,NULL,NULL,0.16,NULL,NULL,NULL,NULL,,NULL,0,0,2,2,N,N,15,NULL,98,9801,NULL,,Y,37.48343,-82.51784,N,NULL,NULL,NULL,NULL,NULL,NULL,NULL,NULL,1,3,1,6,1,1,2,2,6,3,N,NULL,Y,N,910,915,915,N,NULL,55,,,N,,N,N,098-CS-1116-0,NULL,NULL,2019,O,7.24E+11,098-CS-1116  -000,HIGH,098-CS-1116  -000,0.16,0,0,0,0,0,0,1,0,0,0,0,0,0,1,DAC,1,0,195-1012,1
72358142,980100,2.02E+11,20190524,400,,SUMMIT,,DR,,,0,098 CS-1064,CS1064,N,N,NULL,NULL,NULL,N,NULL,NULL,NULL,NULL,NULL,NULL,0.587,NULL,NULL,NULL,NULL,,NULL,0,0,1,1,N,N,25,NULL,98,9801,NULL,,Y,37.47585,-82.51212,N,NULL,NULL,NULL,NULL,NULL,NULL,NULL,NULL,9,4,2,1,1,1,2,5,6,3,N,NULL,Y,N,400,402,533,N,NULL,51,,,N,,N,N,098-CS-1064-0,NULL,NULL,2019,O,7.24E+11,098-CS-1064  -000,HIGH,098-CS-1064  -000,0.587,0,0,1,0,0,0,0,1,0,0,0,1,0,1,Non-DAC,0,1,,
72391827,980100,2.02E+11,20190811,933,,BOB AMOS,,DR,,,0,098 CS-1025,CS1025,N,N,NULL,NULL,NULL,N,NULL,NULL,NULL,NULL,NULL,NULL,0.59,NULL,NULL,NULL,NULL,,NULL,0,0,1,1,N,N,15,NULL,98,9801,NULL,,Y,37.47161,-82.54137,N,NULL,NULL,NULL,NULL,NULL,NULL,NULL,NULL,9,3,2,6,1,1,2,2,5,3,N,NULL,Y,N,934,951,951,Y,NULL,40,,,N,,N,N,098-CS-1025-0,NULL,NULL,2019,O,7.24E+11,098-CS-1025  -000,HIGH,098-CS-1025  -000,0.59,0,0,0,1,0,0,0,0,0,0,0,1,0,1,Non-DAC,0,1,,
72446573,980100,2.02E+11,20191205,1230,,US23,,,US0023,US0023,0,098 US-23,US0023,N,N,NULL,NULL,NULL,N,NULL,NULL,NULL,NULL,NULL,NULL,27.448,NULL,NULL,NULL,NULL,,NULL,0,0,2,2,N,N,55,NULL,98,9807,NULL,,Y,37.51114,-82.55003,N,NULL,NULL,NULL,NULL,NULL,NULL,NULL,NULL,5,3,4,6,1,1,2,2,7,3,N,NULL,Y,N,1230,1244,1300,N,NULL,70,,1,N,,N,N,098-US-0023-0,NULL,NULL,2019,O,7.24E+11,098-US-0023  -000,HIGH,098-US-0023  -000,27.448,0,0,0,0,0,0,1,0,0,0,0,0,0,1,Non-DAC,0,1,,