MasterFile,AgencyORINumber,LocalCode,CollisionDate,CollisionTime,CollisionDayWeekCode,RoadwayName,RoadwayName_Direction_,RoadwayName_RoadwaySuffix_,RoadwayfromReport,CurrentRoadwayNumber,RoadwayNumberCoupletID,RSEUniqueGIS,RoadwayIdentifier,ParkingLotIndicator,IntersectionWith_Indicator_,IntersectionWith_NameRoadway_,IntersectionWith_Direction_,IntersectionWith_RoadwaySuffix_,BetweenStreets_Indicator_,BetweenStreets1_NameRoadway_,BetweenStreet1_Direction_,BetweenStreets1_RoadwaySuffix_,BetweenStreets2_NameRoadway_,BetweenStreets2_Direction_,BetweenStreets2_RoadwaySuffix_,Milepoint,ReportMilepointDeriveNumber,CurrentDerivedMiepointNumber,MilestoMilepoint,FeettoMilepoint,DirectionfromMilepoint_NSEW_,ValidMilepointIndicator,NumberInjured,NumberKilled,ofUnits,ofMotorVehicleUnits,Hit&RunIndicator,OneWayIndicator,SpeedLimitNumber,KilometersIndicator,CountyCode,CityCountyCode,MilesFromCity,DirectionFromCity_NSEW_,InCityLimitsIndicator,Latitude,Longitude,RampIndicator,RampFromIdentifier,RampFromDirCode,RampFromCoupletID,RSEUniqueGISRampFrom,RampToidentifier,RampToDirCode,RampToCoupletID,RSEUniqueGisRampTo,MannerofCollisionCode,LocationFirstEventCode,TotalLanes,RoadwayCharacterCode,RoadwaySurfaceCode,RoadwayConditionCode,WeatherCode,LightConditionCode,LandUseCode,SchoolBusRelatedCode,FirstAidSceneIndicator,CollDescPresentInd,InvestigationCompleteIndicator,PhotosTakenIndicator,TimeNotified,TimeArrived,TimeRoadwayOpened,PropertyDamageIndicator,DiagramPresentIndicator,DirectionalAnalysis,FunctionClassCode,NationalHwySysCode,EnforcementsIndicator,KARSCityCode,SecondaryCollisionIndicator,MedianCrossoverIndicator,RT_UNIQUE,MapIt,TimeLastLeft,YR,KABCO,MFNY,WorkingRID,RT_CONFIDENCE,KTC_RT,KTC_MP,Motorcyclist,Commercial Vehicle,Young Driver,Mature Driver,Pedestrian,Bicyclist,Distracted,Aggressive,Impaired,Unrestrained,Intersection,Roadway Departure,Median Cross-over,CityCrash,DACid,Intersection Crash,Segment Crash,Int_ID,CityIntersection
72336294,980100,2.02E+11,20190404,1652,,MELVINA,,DR,,,,,,N,N,NULL,NULL,NULL,N,NULL,NULL,NULL,NULL,NULL,NULL,0.048,NULL,NULL,NULL,NULL,,NULL,0,0,2,2,N,N,10,NULL,98,9801,NULL,,Y,37.47795,-82.50321,N,NULL,NULL,NULL,NULL,NULL,NULL,NULL,NULL,3,97,1,4,3,1,2,2,6,3,N,NULL,Y,N,1652,1659,1659,N,NULL,47,,,N,,N,N,,NULL,NULL,2019,O,7.23E+11,098-CS-1232  -000,HIGH,098-CS-1232  -000,0.048,0,0,0,0,0,0,0,0,0,0,0,0,0,1,Non-DAC,0,1,,
72451526,980100,2.02E+11,20191210,2211,,US119,,,US0119,US0119,,,,N,N,NULL,NULL,NULL,N,NULL,NULL,NULL,NULL,NULL,NULL,2.379,NULL,NULL,NULL,NULL,,NULL,0,0,2,2,N,N,55,NULL,98,9801,NULL,,Y,37.51354,-82.49268,N,NULL,NULL,NULL,NULL,NULL,NULL,NULL,NULL,5,5,4,2,1,4,9,6,7,3,N,NULL,Y,N,2211,2215,2215,N,NULL,47,2,1,N,,N,N,,NULL,NULL,2019,O,7.25E+11,098-US-0119  -000,MEDIUM,098-US-0119  -000,2.379,0,0,0,0,0,0,0,0,0,0,0,0,0,1,DAC,0,1,,
72833927,KSP0900,22-451919,20221125,1228,,KY3417,,,KY3417,KY3417,0,098 KY-3417,KY3417,N,N,NULL,NULL,NULL,N,NULL,NULL,NULL,NULL,NULL,NULL,0.399,NULL,NULL,NULL,NULL,,NULL,0,0,1,1,N,N,35,NULL,98,9801,NULL,,Y,37.46704,-82.55804,N,NULL,NULL,NULL,NULL,NULL,NULL,NULL,NULL,9,3,2,2,1,5,6,2,7,3,N,NULL,Y,N,1228,1239,1300,N,NULL,44,17,0,N,,N,N,098-KY-3417-0,NULL,NULL,2022,O,7.28E+11,098-KY-3417  -000,HIGH,098-KY-3417  -000,0.399,0,0,0,0,0,0,1,0,0,0,0,1,0,1,Non-DAC,0,1,,
72757466,980100,2.02E+11,20220503,2004,,US23,,,US0023,US0023,0,098 US-23-10,US0023,N,N,NULL,NULL,NULL,N,NULL,NULL,NULL,NULL,NULL,NULL,23.063,NULL,NULL,NULL,NULL,,NULL,0,0,2,2,N,N,55,NULL,98,9801,NULL,,Y,37.46584,-82.52814,N,NULL,NULL,NULL,NULL,NULL,NULL,NULL,NULL,4,3,4,6,1,1,2,1,7,3,N,NULL,Y,N,2004,2011,2011,N,NULL,70,,1,N,,N,N,098-US-0023-10,NULL,NULL,2022,O,7.28E+11,098-US-0023  -010,HIGH,098-US-0023  -000,23.063,0,0,0,0,0,0,1,1,0,0,0,0,0,1,DAC,0,1,,
72533890,980100,2.02E+11,20200821,1255,,CHLOE,,RD,KY1460,KY1460,,,,N,N,NULL,NULL,NULL,N,NULL,NULL,NULL,NULL,NULL,NULL,4.351,NULL,NULL,NULL,NULL,,NULL,1,0,2,2,N,N,35,NULL,98,9801,NULL,,Y,37.4771,-82.50277,N,NULL,NULL,NULL,NULL,NULL,NULL,NULL,NULL,3,3,2,3,1,5,6,2,1,3,Y,NULL,Y,Y,1255,1259,1324,N,NULL,52,,0,N,,N,N,,NULL,NULL,2020,B,7.25E+11,098-KY-1460  -000,HIGH,098-KY-1460  -000,4.351,0,0,0,0,0,0,1,0,0,0,0,1,0,1,Non-DAC,1,0,195-1118,1
72749763,980100,2.02E+11,20220402,1939,,US23,,,US0023,US0023,0,098 US-23-10,US0023,N,N,NULL,NULL,NULL,N,NULL,NULL,NULL,NULL,NULL,NULL,21.536,NULL,NULL,NULL,NULL,,NULL,0,0,2,2,N,N,55,NULL,98,9801,NULL,,Y,37.45229,-82.52314,N,NULL,NULL,NULL,NULL,NULL,NULL,NULL,NULL,1,97,4,6,1,1,2,2,7,3,N,NULL,Y,N,1939,1944,2028,N,NULL,55,,1,Y,,N,N,098-US-0023-10,NULL,NULL,2022,O,7.27E+11,098-US-0023  -010,HIGH,098-US-0023  -000,21.536,0,0,0,0,0,0,1,1,0,1,0,0,0,1,Non-DAC,1,0,195-1272,1
72592240,980100,2.02E+11,20210206,1816,,KY3496,,,KY3496,KY3496,0,098 KY-3496,KY3496,N,N,NULL,NULL,NULL,N,NULL,NULL,NULL,NULL,NULL,NULL,0.125,NULL,NULL,NULL,NULL,,NULL,0,0,2,2,N,N,35,NULL,98,9801,NULL,,Y,37.46607,-82.52995,N,NULL,NULL,NULL,NULL,NULL,NULL,NULL,NULL,5,7,2,6,1,1,2,7,1,3,N,NULL,N,N,1816,1823,,N,NULL,49,16,0,N,,N,N,098-KY-3496-0,NULL,NULL,2021,O,7.26E+11,098-KY-3496  -000,HIGH,098-KY-3496  -000,0.125,0,0,0,1,0,0,1,0,0,0,0,0,0,1,DAC,0,1,,
72635880,980100,2.02E+11,20210613,1659,,KY1426,,,KY1426,KY1426,0,098 KY-1426,KY1426,N,N,NULL,NULL,NULL,N,NULL,NULL,NULL,NULL,NULL,NULL,5.357,NULL,NULL,NULL,NULL,,NULL,0,0,2,2,N,N,35,NULL,98,9801,NULL,,Y,37.47383,-82.52725,N,NULL,NULL,NULL,NULL,NULL,NULL,NULL,NULL,1,3,2,6,1,1,2,2,1,3,N,NULL,Y,N,1659,1700,1727,N,NULL,55,,0,N,,N,N,098-KY-1426-0,NULL,NULL,2021,O,7.26E+11,098-KY-1426  -000,HIGH,098-KY-1426  -000,5.357,0,0,0,0,0,0,0,1,0,0,0,0,0,1,DAC,1,0,195-1167,1
72809115,980100,2.02E+11,20220924,614,,CHLOE,,RD,KY1460,KY1460,0,098 KY-1460,KY1460,N,N,NULL,NULL,NULL,N,NULL,NULL,NULL,NULL,NULL,NULL,2.74,NULL,NULL,NULL,NULL,,NULL,1,0,1,1,N,N,45,NULL,98,9801,NULL,,Y,37.46891,-82.47839,N,NULL,NULL,NULL,NULL,NULL,NULL,NULL,NULL,9,5,2,1,1,1,3,6,6,3,N,NULL,Y,Y,615,618,715,N,NULL,51,,0,N,,N,N,098-KY-1460-0,NULL,NULL,2022,B,7.28E+11,098-KY-1460  -000,HIGH,098-KY-1460  -000,2.74,0,0,0,1,0,0,1,1,0,0,0,1,0,1,Non-DAC,0,1,,
72677918,980100,2.02E+11,20211001,719,,BYPASS,S,RD,KY1426,KY1426,0,098 KY-1426,KY1426,N,N,NULL,NULL,NULL,N,NULL,NULL,NULL,NULL,NULL,NULL,6.122,NULL,NULL,NULL,NULL,,NULL,0,0,2,2,N,N,45,NULL,98,9801,NULL,,Y,37.47696,-82.51702,N,NULL,NULL,NULL,NULL,NULL,NULL,NULL,NULL,8,3,2,6,1,1,2,2,7,3,N,NULL,Y,N,719,722,730,N,NULL,53,,0,N,,N,N,098-KY-1426-0,NULL,NULL,2021,O,7.27E+11,098-KY-1426  -000,HIGH,098-KY-1426  -000,6.122,0,0,0,0,0,0,1,0,0,0,0,1,0,1,DAC,1,0,195-1125,1
72557324,980100,2.02E+11,20201026,1612,,MAYO,N,TRL,US0023,US0023,0,098 US-23,US0023,N,N,NULL,NULL,NULL,N,NULL,NULL,NULL,NULL,NULL,NULL,26.287,NULL,NULL,NULL,NULL,,NULL,4,0,2,2,N,N,55,NULL,98,9801,NULL,,Y,37.50371,-82.53215,N,NULL,NULL,NULL,NULL,NULL,NULL,NULL,NULL,5,3,4,6,1,1,3,2,7,3,Y,NULL,Y,Y,1612,1616,1647,N,NULL,49,,1,N,,N,N,098-US-0023-0,NULL,NULL,2020,B,7.26E+11,098-US-0023  -000,HIGH,098-US-0023  -000,26.287,0,0,0,0,0,0,1,0,0,0,0,0,0,1,Non-DAC,0,1,,
72842578,980100,2.02E+11,20221214,1041,,US23,,,US0023,US0023,0,098 US-23,US0023,N,N,NULL,NULL,NULL,N,NULL,NULL,NULL,NULL,NULL,NULL,18.121,NULL,NULL,NULL,NULL,,NULL,3,0,2,2,N,N,55,NULL,98,9801,NULL,,Y,37.43062,-82.51485,N,NULL,NULL,NULL,NULL,NULL,NULL,NULL,NULL,1,3,4,6,1,5,6,2,7,3,Y,NULL,Y,Y,1050,1055,1132,N,NULL,55,,1,N,,N,N,098-US-0023-0,NULL,NULL,2022,C,7.28E+11,098-US-0023  -000,HIGH,098-US-0023  -000,18.121,0,0,0,1,0,0,1,0,0,0,0,0,0,1,Non-DAC,0,1,,
72617511,980100,2.02E+11,20210422,1420,,US23,,,US0023,US0023,,,,N,N,NULL,NULL,NULL,N,NULL,NULL,NULL,NULL,NULL,NULL,23.891,NULL,NULL,NULL,NULL,,NULL,1,0,3,3,N,N,55,NULL,98,9801,NULL,,Y,37.47466,-82.537,N,NULL,NULL,NULL,NULL,NULL,NULL,NULL,NULL,5,3,4,6,1,1,3,2,7,3,Y,NULL,Y,Y,1421,1425,1455,N,NULL,49,,1,N,,N,N,,NULL,NULL,2021,C,7.26E+11,098-US-0023  -000,MEDIUM,098-US-0023  -000,23.891,0,0,0,0,0,0,0,0,0,0,0,0,0,1,DAC,0,1,,
72472680,980100,2.02E+11,20200130,1642,,US23,,,US0023,US0023,,,,N,N,NULL,NULL,NULL,N,NULL,NULL,NULL,NULL,NULL,NULL,23.085,NULL,NULL,NULL,NULL,,NULL,2,0,2,2,N,N,55,NULL,98,9801,NULL,,Y,37.46593,-82.52855,N,NULL,NULL,NULL,NULL,NULL,NULL,NULL,NULL,3,3,4,6,1,1,3,2,7,3,Y,NULL,Y,Y,1642,1646,1731,N,NULL,52,,1,Y,,N,N,,NULL,NULL,2020,C,7.25E+11,098-US-0023  -010,MEDIUM,098-US-0023  -000,23.085,0,0,0,0,0,0,1,0,0,0,0,1,0,1,DAC,0,1,,
72505166,980100,2.02E+11,20200522,1230,,US23,,,US0023,US0023,,,,N,Y,KY3496,,,N,NULL,NULL,NULL,NULL,NULL,NULL,23.061,NULL,NULL,NULL,NULL,,NULL,3,0,2,2,N,N,55,NULL,98,9801,NULL,,Y,37.46582,-82.52809,N,NULL,NULL,NULL,NULL,NULL,NULL,NULL,NULL,3,3,5,6,1,5,6,2,7,3,Y,NULL,Y,Y,1231,1233,1310,N,NULL,52,,1,N,,N,N,,NULL,NULL,2020,B,7.25E+11,098-US-0023  -010,MEDIUM,098-US-0023  -000,23.061,0,0,0,0,0,0,1,1,0,0,1,0,0,1,DAC,0,1,,
72844654,980100,2.02E+11,20221219,1031,,US23,,,US0023,US0023,0,098 US-23,US0023,N,N,NULL,NULL,NULL,N,NULL,NULL,NULL,NULL,NULL,NULL,21.578,NULL,NULL,NULL,NULL,,NULL,0,0,2,2,N,N,55,NULL,98,9801,NULL,,Y,37.45277,-82.52266,N,NULL,NULL,NULL,NULL,NULL,NULL,NULL,NULL,1,3,4,6,1,1,2,2,7,3,N,NULL,Y,N,1033,1039,1039,N,NULL,55,,1,N,,N,N,098-US-0023-0,NULL,NULL,2022,O,7.28E+11,098-US-0023  -000,HIGH,098-US-0023  -000,21.578,0,0,0,0,0,0,1,1,0,0,0,0,0,1,Non-DAC,1,0,195-1270,1
72764632,KSP0900,22-189375,20220522,311,,US23,,,US0023,US0023,0,098 US-23-10,US0023,N,N,NULL,NULL,NULL,N,NULL,NULL,NULL,NULL,NULL,NULL,29.616,NULL,NULL,NULL,NULL,,NULL,0,0,2,2,N,N,55,NULL,98,9801,NULL,,Y,37.5317,-82.5772,N,NULL,NULL,NULL,NULL,NULL,NULL,NULL,NULL,5,3,5,6,1,1,2,6,1,3,N,NULL,Y,N,313,319,,N,NULL,49,,1,N,,N,N,098-US-0023-10,NULL,NULL,2022,O,7.28E+11,098-US-0023  -010,HIGH,098-US-0023  -000,29.616,0,0,0,0,0,0,0,0,0,0,0,0,0,1,Non-DAC,0,1,,
72499201,980100,2.02E+11,20200505,1502,,OWSLEY,,RD,KY1384,KY1384,0,098 KY-1384,KY1384,N,N,NULL,NULL,NULL,N,NULL,NULL,NULL,NULL,NULL,NULL,7.21,NULL,NULL,NULL,NULL,,NULL,0,0,2,2,N,N,45,NULL,98,9801,NULL,,Y,37.48074,-82.536,N,NULL,NULL,NULL,NULL,NULL,NULL,NULL,NULL,8,3,4,6,1,1,3,2,7,3,N,NULL,Y,N,1502,1507,1507,N,NULL,53,16,0,N,,N,N,098-KY-1384-0,NULL,NULL,2020,O,7.25E+11,098-KY-1384  -000,HIGH,098-KY-1384  -000,7.21,0,0,0,0,0,0,1,0,0,0,0,1,0,1,DAC,0,1,,
72747000,980100,2.02E+11,20220403,1324,,CASSIDY,,BLVD,,,0,098 CS-1191,CS1191,N,N,NULL,NULL,NULL,N,NULL,NULL,NULL,NULL,NULL,NULL,0.237,NULL,NULL,NULL,NULL,,NULL,0,0,2,2,N,N,25,NULL,98,9801,NULL,,Y,37.5044,-82.53575,N,NULL,NULL,NULL,NULL,NULL,NULL,NULL,NULL,1,3,2,5,1,1,2,2,1,3,N,NULL,Y,N,1324,1328,1406,N,NULL,55,,,N,,N,N,098-CS-1191-0,NULL,NULL,2022,O,7.27E+11,098-CS-1191  -000,HIGH,098-CS-1191  -000,0.237,0,0,0,1,0,0,0,0,0,0,0,0,0,1,Non-DAC,0,1,,
72487668,980100,2.02E+11,20200310,934,,US23,,,US0023,US0023,0,098 US-23,US0023,N,N,NULL,NULL,NULL,N,NULL,NULL,NULL,NULL,NULL,NULL,26.287,NULL,NULL,NULL,NULL,,NULL,0,0,2,2,N,N,55,NULL,98,9801,NULL,,Y,37.50371,-82.53215,N,NULL,NULL,NULL,NULL,NULL,NULL,NULL,NULL,5,3,4,6,1,1,2,2,7,3,N,NULL,Y,N,934,943,943,N,NULL,49,,1,N,,N,N,098-US-0023-0,NULL,NULL,2020,O,7.25E+11,098-US-0023  -000,HIGH,098-US-0023  -000,26.287,0,1,0,1,0,0,0,0,0,0,0,0,0,1,Non-DAC,0,1,,
72702715,KSP0900,21-484469,20211127,1845,,US23,,,US0023,US0023,0,098 US-23-10,US0023,N,N,NULL,NULL,NULL,N,NULL,NULL,NULL,NULL,NULL,NULL,32.114,NULL,NULL,NULL,NULL,,NULL,0,0,2,2,N,N,55,NULL,98,9801,NULL,,Y,37.5375,-82.60976,N,NULL,NULL,NULL,NULL,NULL,NULL,NULL,NULL,2,3,2,6,1,1,2,7,6,3,N,NULL,Y,N,1845,1855,1855,N,NULL,47,,1,N,,N,N,098-US-0023-10,NULL,NULL,2021,O,7.27E+11,098-US-0023  -010,HIGH,098-US-0023  -000,32.114,0,0,0,0,0,0,1,0,0,0,0,0,0,1,Non-DAC,0,1,,
72556010,980100,2.02E+11,20201023,650,,US23,,,US0023,US0023,0,098 US-23,US0023,N,N,NULL,NULL,NULL,N,NULL,NULL,NULL,NULL,NULL,NULL,21.417,NULL,NULL,NULL,NULL,,NULL,0,0,2,2,N,N,55,NULL,98,9801,NULL,,Y,37.4507,-82.52392,N,NULL,NULL,NULL,NULL,NULL,NULL,NULL,NULL,5,3,4,3,1,1,2,2,7,3,N,NULL,Y,N,650,703,705,N,NULL,49,,1,N,,N,N,098-US-0023-0,NULL,NULL,2020,O,7.26E+11,098-US-0023  -000,HIGH,098-US-0023  -000,21.417,0,0,0,0,0,0,0,0,0,0,0,0,0,1,Non-DAC,0,1,,
72742304,980100,2.02E+11,20220318,1526,,US23,,,US0023,US0023,0,098 US-23-10,US0023,N,Y,KY3496,,,N,NULL,NULL,NULL,NULL,NULL,NULL,23.063,NULL,NULL,NULL,NULL,,NULL,0,0,2,2,Y,N,55,NULL,98,9801,NULL,,Y,37.46584,-82.52814,N,NULL,NULL,NULL,NULL,NULL,NULL,NULL,NULL,1,3,4,6,1,1,2,2,7,3,N,NULL,Y,N,1526,1531,1531,N,NULL,10,,1,N,,N,N,098-US-0023-10,NULL,NULL,2022,O,7.27E+11,098-US-0023  -010,HIGH,098-US-0023  -000,23.063,0,0,0,0,0,0,1,1,0,0,1,0,0,1,DAC,0,1,,
72677003,980100,2.02E+11,20210929,1257,,US23,,,US0023,US0023,0,098 US-23-10,US0023,N,N,NULL,NULL,NULL,N,NULL,NULL,NULL,NULL,NULL,NULL,23.058,NULL,NULL,NULL,NULL,,NULL,0,0,2,2,N,N,55,NULL,98,9801,NULL,,Y,37.46584,-82.52805,N,NULL,NULL,NULL,NULL,NULL,NULL,NULL,NULL,1,3,4,6,1,1,2,2,7,3,N,NULL,Y,N,1258,1301,1334,N,NULL,55,,1,N,,N,N,098-US-0023-10,NULL,NULL,2021,O,7.27E+11,098-US-0023  -010,HIGH,098-US-0023  -000,23.058,0,0,0,1,0,0,1,0,0,0,0,0,0,1,DAC,0,1,,
72722442,980100,2.02E+11,20220119,1845,,US23,,,US0023,US0023,,,,N,Y,MAYO,,CIR,N,NULL,NULL,NULL,NULL,NULL,NULL,22.29,NULL,NULL,NULL,NULL,,NULL,0,0,2,2,N,N,55,NULL,98,9801,NULL,,Y,37.46134,-82.51697,N,NULL,NULL,NULL,NULL,NULL,NULL,NULL,NULL,4,3,4,3,1,5,6,6,7,3,N,NULL,Y,N,1845,1851,1851,N,NULL,16,,1,N,,N,N,,NULL,NULL,2022,O,7.27E+11,098-US-0023  -010,MEDIUM,098-US-0023  -000,22.29,0,0,0,1,0,0,1,1,0,0,1,0,0,1,Non-DAC,0,1,,
72599229,980100,2.02E+11,20210226,1424,,,,,US0023,US0023,,,,N,N,NULL,NULL,NULL,N,NULL,NULL,NULL,NULL,NULL,NULL,0.417,NULL,NULL,NULL,NULL,,NULL,0,0,2,2,N,N,55,NULL,98,9801,NULL,,Y,37.47464,-82.53696,Y,KY1426,W,NULL,,US0023,N,NULL,,8,3,4,6,1,5,6,2,1,3,N,NULL,N,N,1424,1429,1438,N,NULL,85,,1,N,,N,N,,NULL,NULL,2021,O,7.26E+11,098-US-0023  -121,MEDIUM,098-US-0023  -121,0.417,0,0,0,1,0,0,1,0,0,0,0,0,0,1,DAC,1,0,195-1163,1
72778809,980100,2.02E+11,20220701,1313,,BYPASS,S,RD,KY1426,KY1426,0,098 KY-1426,KY1426,N,N,NULL,NULL,NULL,N,NULL,NULL,NULL,NULL,NULL,NULL,6.149,NULL,NULL,NULL,NULL,,NULL,0,0,2,2,N,N,55,NULL,98,9801,NULL,,Y,37.47725,-82.5167,N,NULL,NULL,NULL,NULL,NULL,NULL,NULL,NULL,5,3,2,6,1,1,3,2,7,3,N,NULL,Y,N,1313,1323,1329,N,NULL,49,,0,Y,,N,N,098-KY-1426-0,NULL,NULL,2022,O,7.28E+11,098-KY-1426  -000,HIGH,098-KY-1426  -000,6.149,0,0,0,0,0,0,1,0,0,1,0,0,0,1,DAC,1,0,195-1116,1
72584124,980100,2.02E+11,20210113,1637,,HAMBLEY,,BLVD,,,0,098 CS-1222,CS1222,N,N,NULL,NULL,NULL,N,NULL,NULL,NULL,NULL,NULL,NULL,1.311,NULL,NULL,NULL,NULL,,NULL,0,0,2,2,N,N,35,NULL,98,9801,NULL,,Y,37.48487,-82.52714,N,NULL,NULL,NULL,NULL,NULL,NULL,NULL,NULL,4,3,2,6,1,1,2,2,6,3,N,NULL,Y,N,1639,1642,1642,N,NULL,70,,,N,,N,N,098-CS-1222-0,NULL,NULL,2021,O,7.26E+11,098-CS-1222  -000,MEDIUM,098-CS-1222  -000,1.311,0,0,0,1,0,0,1,0,0,0,0,0,0,1,DAC,1,0,195-0966,1
72476388,980100,2.02E+11,20200212,1342,,THOMPSON,,RD,,,,,,N,N,NULL,NULL,NULL,N,NULL,NULL,NULL,NULL,NULL,NULL,0.676,NULL,NULL,NULL,NULL,,NULL,1,0,3,3,N,N,35,NULL,98,9801,NULL,,Y,37.50508,-82.54073,N,NULL,NULL,NULL,NULL,NULL,NULL,NULL,NULL,3,3,4,6,1,5,6,2,7,3,N,NULL,Y,Y,1342,1406,,N,NULL,52,,,N,,N,N,,NULL,NULL,2020,C,7.25E+11,098-CS-1215  -000,MEDIUM,098-CS-1215  -000,0.676,0,0,1,1,0,0,1,1,0,0,0,1,0,1,Non-DAC,0,1,,
72591557,980100,2.02E+11,20210201,1145,,US23,,,US0023,US0023,0,098 US-23,US0023,N,N,NULL,NULL,NULL,N,NULL,NULL,NULL,NULL,NULL,NULL,22.867,NULL,NULL,NULL,NULL,,NULL,0,0,2,2,Y,N,55,NULL,98,9801,NULL,,Y,37.4653,-82.52469,N,NULL,NULL,NULL,NULL,NULL,NULL,NULL,NULL,8,3,4,3,1,5,9,2,7,3,N,NULL,Y,N,1145,1155,1155,N,NULL,53,,1,N,,N,N,098-US-0023-0,NULL,NULL,2021,O,7.26E+11,098-US-0023  -000,HIGH,098-US-0023  -000,22.867,0,0,0,0,0,0,0,0,0,0,0,1,0,1,DAC,1,0,195-1224,1
72717228,980100,2.02E+11,20220105,1550,,OWSLEY,,RD,KY1384,KY1384,0,098 KY-1384,KY1384,N,N,NULL,NULL,NULL,N,NULL,NULL,NULL,NULL,NULL,NULL,6.852,NULL,NULL,NULL,NULL,,NULL,0,0,2,2,N,N,45,NULL,98,9801,NULL,,Y,37.48,-82.54198,N,NULL,NULL,NULL,NULL,NULL,NULL,NULL,NULL,1,3,4,6,1,1,2,2,1,3,N,NULL,Y,N,1550,1550,1550,N,NULL,55,16,0,N,,N,N,098-KY-1384-0,NULL,NULL,2022,O,7.27E+11,098-KY-1384  -000,HIGH,098-KY-1384  -000,6.852,0,0,1,0,0,0,1,0,0,0,0,0,0,1,DAC,1,0,195-1095,1
72647317,980100,2.02E+11,20210714,1212,,US23,,,US0023,US0023,0,098 US-23-10,US0023,N,N,NULL,NULL,NULL,N,NULL,NULL,NULL,NULL,NULL,NULL,26.297,NULL,NULL,NULL,NULL,,NULL,0,0,2,2,N,N,55,NULL,98,9801,NULL,,Y,37.50384,-82.53238,N,NULL,NULL,NULL,NULL,NULL,NULL,NULL,NULL,5,3,4,6,1,1,2,2,7,3,N,NULL,Y,N,1212,1218,1255,N,NULL,49,,1,Y,,N,N,098-US-0023-10,NULL,NULL,2021,O,7.26E+11,098-US-0023  -010,HIGH,098-US-0023  -000,26.297,0,0,0,0,0,0,0,0,1,0,0,0,0,1,Non-DAC,0,1,,
72745056,980100,2.02E+11,20220322,2119,,MAYO,S,TRL,US0023,US0023,,,,N,N,NULL,NULL,NULL,N,NULL,NULL,NULL,NULL,NULL,NULL,22.782,NULL,NULL,NULL,NULL,,NULL,0,0,2,2,N,N,55,NULL,98,9801,NULL,,Y,37.46509,-82.52325,N,NULL,NULL,NULL,NULL,NULL,NULL,NULL,NULL,8,3,4,6,1,1,2,6,7,3,N,NULL,Y,N,2120,2136,2136,N,NULL,53,,1,N,,N,N,,NULL,NULL,2022,O,7.27E+11,098-US-0023  -010,MEDIUM,098-US-0023  -000,22.782,0,0,0,1,0,0,1,0,0,0,0,1,0,1,Non-DAC,0,1,,
72622737,980100,2.02E+11,20210504,950,,HAMBLEY,,BLVD,,,0,098 CS-1222,CS1222,N,N,NULL,NULL,NULL,N,NULL,NULL,NULL,NULL,NULL,NULL,0.767,NULL,NULL,NULL,NULL,,NULL,1,0,2,2,N,N,25,NULL,98,9801,NULL,,Y,37.48201,-82.51897,N,NULL,NULL,NULL,NULL,NULL,NULL,NULL,NULL,1,3,2,6,1,5,6,2,1,3,Y,NULL,Y,Y,951,1002,1017,N,NULL,55,,,N,,N,N,098-CS-1222-0,NULL,NULL,2021,C,7.26E+11,098-CS-1222  -000,HIGH,098-CS-1222  -000,0.767,0,0,0,0,0,0,1,0,0,0,0,0,0,1,DAC,1,0,195-1053,1
72655703,980100,2.02E+11,20210708,1018,,CHLOE,,RD,KY1460,KY1460,0,098 KY-1460,KY1460,N,N,NULL,NULL,NULL,N,NULL,NULL,NULL,NULL,NULL,NULL,2.74,NULL,NULL,NULL,NULL,,NULL,0,0,1,1,Y,N,45,NULL,98,9801,NULL,,Y,37.4689,-82.47841,N,NULL,NULL,NULL,NULL,NULL,NULL,NULL,NULL,9,,2,,1,1,2,2,6,3,N,NULL,Y,N,1019,1025,1025,Y,NULL,44,,0,N,,N,N,098-KY-1460-0,NULL,NULL,2021,O,7.27E+11,098-KY-1460  -000,HIGH,098-KY-1460  -000,2.74,0,0,0,0,0,0,0,0,0,0,0,1,0,1,Non-DAC,0,1,,
72693502,980100,2.02E+11,20211104,1046,,US119 TURN LANE FROM US23 N,,,US0119,US0119,0,098 US-119-20,US0119,N,N,NULL,NULL,NULL,N,NULL,NULL,NULL,NULL,NULL,NULL,0.017,NULL,NULL,NULL,NULL,,NULL,0,0,2,2,N,N,55,NULL,98,9801,NULL,,Y,37.50329,-82.53198,N,NULL,NULL,NULL,NULL,NULL,NULL,NULL,NULL,5,3,2,6,1,1,2,2,7,3,N,NULL,Y,N,1046,1050,1057,N,NULL,49,2,1,N,,N,N,098-US-0119-20,NULL,NULL,2021,O,7.27E+11,098-US-0119  -020,HIGH,098-US-0119  -020,0.017,0,0,0,1,0,0,0,0,0,0,0,0,0,1,Non-DAC,1,0,195-0861,1