MasterFile,AgencyORINumber,LocalCode,CollisionDate,CollisionTime,CollisionDayWeekCode,RoadwayName,RoadwayName_Direction_,RoadwayName_RoadwaySuffix_,RoadwayfromReport,CurrentRoadwayNumber,RoadwayNumberCoupletID,RSEUniqueGIS,RoadwayIdentifier,ParkingLotIndicator,IntersectionWith_Indicator_,IntersectionWith_NameRoadway_,IntersectionWith_Direction_,IntersectionWith_RoadwaySuffix_,BetweenStreets_Indicator_,BetweenStreets1_NameRoadway_,BetweenStreet1_Direction_,BetweenStreets1_RoadwaySuffix_,BetweenStreets2_NameRoadway_,BetweenStreets2_Direction_,BetweenStreets2_RoadwaySuffix_,Milepoint,ReportMilepointDeriveNumber,CurrentDerivedMiepointNumber,MilestoMilepoint,FeettoMilepoint,DirectionfromMilepoint_NSEW_,ValidMilepointIndicator,NumberInjured,NumberKilled,ofUnits,ofMotorVehicleUnits,Hit&RunIndicator,OneWayIndicator,SpeedLimitNumber,KilometersIndicator,CountyCode,CityCountyCode,MilesFromCity,DirectionFromCity_NSEW_,InCityLimitsIndicator,Latitude,Longitude,RampIndicator,RampFromIdentifier,RampFromDirCode,RampFromCoupletID,RSEUniqueGISRampFrom,RampToidentifier,RampToDirCode,RampToCoupletID,RSEUniqueGisRampTo,MannerofCollisionCode,LocationFirstEventCode,TotalLanes,RoadwayCharacterCode,RoadwaySurfaceCode,RoadwayConditionCode,WeatherCode,LightConditionCode,LandUseCode,SchoolBusRelatedCode,FirstAidSceneIndicator,CollDescPresentInd,InvestigationCompleteIndicator,PhotosTakenIndicator,TimeNotified,TimeArrived,TimeRoadwayOpened,PropertyDamageIndicator,DiagramPresentIndicator,DirectionalAnalysis,FunctionClassCode,NationalHwySysCode,EnforcementsIndicator,KARSCityCode,SecondaryCollisionIndicator,MedianCrossoverIndicator,RT_UNIQUE,MapIt,TimeLastLeft,YR,KABCO,MFNY,WorkingRID,RT_CONFIDENCE,KTC_RT,KTC_MP,Motorcyclist,Commercial Vehicle,Young Driver,Mature Driver,Pedestrian,Bicyclist,Distracted,Aggressive,Impaired,Unrestrained,Intersection,Roadway Departure,Median Cross-over,CityCrash,DACid,Intersection Crash,Segment Crash,Int_ID,CityIntersection
72681409,980100,2.02E+11,20211010,1312,,HIBBARD,,ST,,,0,098 CS-1053,CS1053,N,N,NULL,NULL,NULL,N,NULL,NULL,NULL,NULL,NULL,NULL,0.24,NULL,NULL,NULL,NULL,,NULL,0,0,1,1,N,N,25,NULL,98,9801,NULL,,Y,37.47516,-82.52378,N,NULL,NULL,NULL,NULL,NULL,NULL,NULL,NULL,9,6,2,6,1,1,2,2,7,3,N,NULL,Y,N,1312,1320,1320,N,NULL,44,,,N,,N,N,098-CS-1053-0,NULL,NULL,2021,O,7.27E+11,098-CS-1053  -000,HIGH,098-CS-1053  -000,0.24,0,0,0,0,0,0,1,0,1,0,0,1,0,1,DAC,1,0,195-1156,1
72745386,980100,2.02E+11,20220326,2037,,HAMBLEY,,BLVD,,,0,098 CS-1222,CS1222,N,N,NULL,NULL,NULL,N,NULL,NULL,NULL,NULL,NULL,NULL,0.619,NULL,NULL,NULL,NULL,,NULL,0,0,2,2,N,N,35,NULL,98,9801,NULL,,Y,37.47992,-82.51931,N,NULL,NULL,NULL,NULL,NULL,NULL,NULL,NULL,1,3,2,6,1,1,2,5,1,3,N,NULL,Y,N,2037,2041,2056,N,NULL,55,,,N,,N,N,098-CS-1222-0,NULL,NULL,2022,O,7.27E+11,098-CS-1222  -000,HIGH,098-CS-1222  -000,0.619,0,0,0,0,0,0,0,0,0,0,0,0,0,1,DAC,1,0,195-1083,1
72612360,980100,2.02E+11,20210410,1630,,MAYO,S,TRL,US0023,US0023,0,098 US-23-10,US0023,N,N,NULL,NULL,NULL,N,NULL,NULL,NULL,NULL,NULL,NULL,22.943,NULL,NULL,NULL,NULL,,NULL,0,0,2,2,N,N,55,NULL,98,9801,NULL,,Y,37.46536,-82.526,N,NULL,NULL,NULL,NULL,NULL,NULL,NULL,NULL,5,3,4,6,1,5,6,2,7,3,N,NULL,Y,N,1630,1633,1633,N,NULL,49,,1,N,,N,N,098-US-0023-10,NULL,NULL,2021,O,7.26E+11,098-US-0023  -010,HIGH,098-US-0023  -000,22.943,0,0,0,0,0,0,1,0,0,0,0,0,0,1,DAC,0,1,,
72848920,980100,2.02E+11,20221230,2354,,US23,,,US0023,US0023,0,098 US-23,US0023,N,N,NULL,NULL,NULL,N,NULL,NULL,NULL,NULL,NULL,NULL,31.471,NULL,NULL,NULL,NULL,,NULL,0,0,1,1,N,N,55,NULL,98,9801,NULL,,Y,37.53659,-82.59927,N,NULL,NULL,NULL,NULL,NULL,NULL,NULL,NULL,9,6,4,3,1,1,2,5,1,3,N,NULL,Y,N,2354,9,125,N,NULL,40,,1,Y,,N,N,098-US-0023-0,NULL,NULL,2022,O,7.28E+11,098-US-0023  -000,HIGH,098-US-0023  -000,31.471,0,0,0,0,0,0,0,0,1,0,0,1,0,1,Non-DAC,0,1,,
72750207,980100,2.02E+11,20220405,2233,,KY1426,,,KY1426,KY1426,0,098 KY-1426,KY1426,N,N,NULL,NULL,NULL,N,NULL,NULL,NULL,NULL,NULL,NULL,9.145,NULL,NULL,NULL,NULL,,NULL,1,0,1,1,N,N,55,NULL,98,9801,NULL,,Y,37.50722,-82.48911,N,NULL,NULL,NULL,NULL,NULL,NULL,NULL,NULL,9,3,2,2,1,5,6,6,7,3,N,NULL,Y,Y,2233,2238,2328,N,NULL,70,,0,N,,N,N,098-KY-1426-0,NULL,NULL,2022,B,7.28E+11,098-KY-1426  -000,HIGH,098-KY-1426  -000,9.145,0,0,1,0,0,0,0,0,0,0,0,1,0,1,Non-DAC,0,1,,
72486026,980100,2.02E+11,20200303,1054,,US23,,,US0023,US0023,0,098 US-23,US0023,N,N,NULL,NULL,NULL,N,NULL,NULL,NULL,NULL,NULL,NULL,26.195,NULL,NULL,NULL,NULL,,NULL,2,0,2,2,N,N,55,NULL,98,9801,NULL,,Y,37.50243,-82.53185,N,NULL,NULL,NULL,NULL,NULL,NULL,NULL,NULL,5,3,4,6,1,1,2,2,1,3,Y,NULL,Y,Y,1054,1101,1126,N,NULL,49,,1,N,,N,N,098-US-0023-0,NULL,NULL,2020,C,7.25E+11,098-US-0023  -000,HIGH,098-US-0023  -000,26.195,0,0,0,0,0,0,1,0,0,0,0,0,0,1,Non-DAC,1,0,195-0861,1
72596120,980100,2.02E+11,20210218,1741,,KY1426 TURN LANE,,,KY1426,KY1426,0,098 KY-1426-25,KY1426,N,N,NULL,NULL,NULL,N,NULL,NULL,NULL,NULL,NULL,NULL,0.03,NULL,NULL,NULL,NULL,,NULL,0,0,2,2,N,N,55,NULL,98,9801,NULL,,Y,37.47227,-82.52707,N,NULL,NULL,NULL,NULL,NULL,NULL,NULL,NULL,5,3,2,3,1,5,3,2,7,3,N,NULL,Y,N,1741,1745,1745,N,NULL,49,8,0,N,,N,N,098-KY-1426-25,NULL,NULL,2021,O,7.26E+11,098-KY-1426  -025,HIGH,098-KY-1426  -025,0.03,0,0,0,0,0,0,1,0,0,0,0,0,0,1,DAC,1,0,195-1180,1
72692864,980100,2.02E+11,20211105,1636,,US23,,,US0023,US0023,0,098 US-23,US0023,N,N,NULL,NULL,NULL,N,NULL,NULL,NULL,NULL,NULL,NULL,26.137,NULL,NULL,NULL,NULL,,NULL,0,0,2,2,N,N,55,NULL,98,9801,NULL,,Y,37.50158,-82.53185,N,NULL,NULL,NULL,NULL,NULL,NULL,NULL,NULL,5,3,6,6,1,1,2,2,1,3,N,NULL,N,N,1636,1641,1708,N,NULL,49,,1,Y,,N,N,098-US-0023-0,NULL,NULL,2021,O,7.27E+11,098-US-0023  -000,HIGH,098-US-0023  -000,26.137,0,0,0,0,0,0,0,0,0,0,0,0,0,1,Non-DAC,0,1,,
72497864,980100,2.02E+11,20200425,2022,,US23,,,US0023,US0023,0,098 US-23,US0023,N,N,NULL,NULL,NULL,N,NULL,NULL,NULL,NULL,NULL,NULL,25.898,NULL,NULL,NULL,NULL,,NULL,0,0,1,1,N,N,55,NULL,98,9801,NULL,,Y,37.4982,-82.53125,N,NULL,NULL,NULL,NULL,NULL,NULL,NULL,NULL,9,3,4,6,1,5,6,6,7,3,N,NULL,Y,N,2022,2028,2118,N,NULL,40,,1,N,,N,N,098-US-0023-0,NULL,NULL,2020,O,7.25E+11,098-US-0023  -000,HIGH,098-US-0023  -000,25.898,0,0,0,0,0,0,0,0,0,0,0,1,0,1,Non-DAC,0,1,,
72476981,980100,2.02E+11,20200216,1059,,CHLOE,,RD,KY1460,KY1460,0,098 KY-1460,KY1460,N,N,NULL,NULL,NULL,N,NULL,NULL,NULL,NULL,NULL,NULL,4.579,NULL,NULL,NULL,NULL,,NULL,0,0,2,2,N,N,35,NULL,98,9801,NULL,,Y,37.4775,-82.5077,N,NULL,NULL,NULL,NULL,NULL,NULL,NULL,NULL,7,3,2,6,1,1,3,2,7,3,N,NULL,Y,N,1100,1104,1104,N,NULL,54,,0,N,,N,N,098-KY-1460-0,NULL,NULL,2020,O,7.25E+11,098-KY-1460  -000,HIGH,098-KY-1460  -000,4.579,0,0,0,1,0,0,0,0,0,0,0,1,0,1,Non-DAC,1,0,195-1115,1
72645094,980100,2.02E+11,20210622,1650,,BYPASS,S,RD,KY1426,KY1426,0,098 KY-1426,KY1426,N,N,NULL,NULL,NULL,N,NULL,NULL,NULL,NULL,NULL,NULL,5.693,NULL,NULL,NULL,NULL,,NULL,0,0,2,2,N,N,10,NULL,98,9801,NULL,,Y,37.47284,-82.52258,N,NULL,NULL,NULL,NULL,NULL,NULL,NULL,NULL,5,97,2,3,1,1,2,2,1,3,N,NULL,Y,N,1224,1224,1232,N,NULL,47,,0,N,,N,N,098-KY-1426-0,NULL,NULL,2021,O,7.26E+11,098-KY-1426  -000,HIGH,098-KY-1426  -000,5.693,0,0,0,1,0,0,1,0,0,0,0,0,0,1,DAC,1,0,195-1178,1
72409305,980100,2.02E+11,20190917,1009,,BYPASS,S,RD,KY1426,KY1426,0,098 KY-1426,KY1426,N,N,NULL,NULL,NULL,N,NULL,NULL,NULL,NULL,NULL,NULL,5.641,NULL,NULL,NULL,NULL,,NULL,1,0,2,2,N,N,55,NULL,98,9801,NULL,,Y,37.47261,-82.52368,N,NULL,NULL,NULL,NULL,NULL,NULL,NULL,NULL,5,3,2,6,1,1,2,2,1,3,Y,NULL,Y,Y,1009,1012,1052,N,NULL,49,,0,N,,N,N,098-KY-1426-0,NULL,NULL,2019,C,7.24E+11,098-KY-1426  -000,HIGH,098-KY-1426  -000,5.641,0,0,0,1,0,0,1,0,0,0,0,0,0,1,DAC,1,0,195-1179,1
72626786,980100,2.02E+11,20210520,1500,,US23,,,US0023,US0023,,,,N,N,NULL,NULL,NULL,N,NULL,NULL,NULL,NULL,NULL,NULL,25.096,NULL,NULL,NULL,NULL,,NULL,0,0,2,2,N,N,55,NULL,98,9801,NULL,,Y,37.48925,-82.53906,N,NULL,NULL,NULL,NULL,NULL,NULL,NULL,NULL,5,6,4,6,1,1,2,2,7,3,N,NULL,Y,N,1500,1505,1520,N,NULL,70,,1,N,,N,N,,NULL,NULL,2021,O,7.26E+11,098-US-0023  -000,MEDIUM,098-US-0023  -000,25.096,0,0,1,0,0,0,0,0,0,0,0,0,0,1,Non-DAC,0,1,,
72693246,980100,2.02E+11,20211105,1859,,HAMBLEY,,BLVD,,,0,098 CS-1222,CS1222,N,N,NULL,NULL,NULL,N,NULL,NULL,NULL,NULL,NULL,NULL,1.675,NULL,NULL,NULL,NULL,,NULL,0,0,1,1,N,N,45,NULL,98,9801,NULL,,Y,37.48196,-82.53267,N,NULL,NULL,NULL,NULL,NULL,NULL,NULL,NULL,9,3,2,6,1,1,2,5,6,3,N,NULL,Y,N,1859,1900,,N,NULL,38,,,N,,N,N,098-CS-1222-0,NULL,NULL,2021,O,7.27E+11,098-CS-1222  -000,HIGH,098-CS-1222  -000,1.675,0,0,0,0,0,0,0,0,0,0,0,0,0,1,DAC,1,0,195-1064,1
72851662,980100,2.02E+11,20230107,1323,,US23,,,US0023,US0023,,,,N,N,NULL,NULL,NULL,N,NULL,NULL,NULL,NULL,NULL,NULL,31.577,NULL,NULL,NULL,NULL,,NULL,0,0,2,2,N,N,55,NULL,98,9801,NULL,,Y,37.53696,-82.60114,N,NULL,NULL,NULL,NULL,NULL,NULL,NULL,NULL,5,3,4,6,1,1,2,2,1,3,N,NULL,Y,N,1324,1332,1349,N,NULL,49,,1,N,,N,N,,NULL,NULL,2023,O,7.29E+11,098-US-0023  -000,MEDIUM,098-US-0023  -000,31.557,0,0,0,0,0,0,1,0,0,0,0,0,0,1,Non-DAC,0,1,,
72739364,KSP0900,2022-88440,20220310,2057,,DUDLEY,,DR,,,0,098 CR-1407-30,CR1407,N,N,NULL,NULL,NULL,N,NULL,NULL,NULL,NULL,NULL,NULL,0.002,NULL,NULL,NULL,NULL,,NULL,0,0,2,2,N,N,5,NULL,98,9801,NULL,,Y,37.5374,-82.60646,N,NULL,NULL,NULL,NULL,NULL,NULL,NULL,NULL,2,97,1,6,1,1,2,5,7,3,N,NULL,Y,N,2057,4,4,N,NULL,47,,,N,,N,N,098-CR-1407-30,NULL,NULL,2022,O,7.27E+11,098-CR-1407  -030,HIGH,098-CR-1407  -030,0.002,0,0,0,0,0,0,0,0,0,0,0,0,0,1,Non-DAC,1,0,195-0613,1
72632593,980100,2.02E+11,20210603,1116,,US23,,,US0023,US0023,0,098 US-23,US0023,N,N,NULL,NULL,NULL,N,NULL,NULL,NULL,NULL,NULL,NULL,27.309,NULL,NULL,NULL,NULL,,NULL,0,0,2,2,N,N,55,NULL,98,9801,NULL,,Y,37.51066,-82.54743,N,NULL,NULL,NULL,NULL,NULL,NULL,NULL,NULL,5,3,4,6,1,5,6,2,6,3,N,NULL,Y,N,1116,1121,1158,N,NULL,70,,1,N,,N,N,098-US-0023-0,NULL,NULL,2021,O,7.26E+11,098-US-0023  -000,HIGH,098-US-0023  -000,27.309,0,0,0,0,0,0,1,1,0,0,0,0,0,1,Non-DAC,0,1,,
72513564,980100,2.02E+11,20200620,812,,CEDAR HILLS,,RD,KY1426,KY1426,0,098 KY-1426,KY1426,N,N,NULL,NULL,NULL,N,NULL,NULL,NULL,NULL,NULL,NULL,4.151,NULL,NULL,NULL,NULL,,NULL,0,0,1,1,N,N,35,NULL,98,9801,NULL,,Y,37.45645,-82.52987,N,NULL,NULL,NULL,NULL,NULL,NULL,NULL,NULL,9,3,2,6,1,1,3,2,7,3,N,NULL,Y,N,813,813,813,N,NULL,38,8,0,N,,N,N,098-KY-1426-0,NULL,NULL,2020,O,7.25E+11,098-KY-1426  -000,HIGH,098-KY-1426  -000,4.151,0,0,0,0,0,0,0,0,0,0,0,0,0,1,Non-DAC,0,1,,
72631811,980100,2.02E+11,20210602,1212,,HUFFMAN,,AVE,,,0,098 CS-1123,CS1123,N,N,NULL,NULL,NULL,N,NULL,NULL,NULL,NULL,NULL,NULL,0.055,NULL,NULL,NULL,NULL,,NULL,0,0,2,2,N,N,15,NULL,98,9801,NULL,,Y,37.47731,-82.51792,N,NULL,NULL,NULL,NULL,NULL,NULL,NULL,NULL,8,3,3,6,1,1,2,2,7,3,N,NULL,Y,N,1212,1215,1215,N,NULL,47,,,N,,N,N,098-CS-1123-0,NULL,NULL,2021,O,7.26E+11,098-CS-1123  -000,HIGH,098-CS-1123  -000,0.055,0,0,0,0,0,0,0,0,0,0,0,0,0,1,DAC,0,1,,
72781659,980500,2022AR034,20220711,820,,US23,,,US0023,US0023,0,098 US-23-10,US0023,N,N,NULL,NULL,NULL,N,NULL,NULL,NULL,NULL,NULL,NULL,29.618,NULL,NULL,NULL,NULL,,NULL,0,0,1,1,N,N,55,NULL,98,9801,0.1,N,N,37.53173,-82.57721,N,NULL,NULL,NULL,NULL,NULL,NULL,NULL,NULL,9,3,5,6,1,1,2,2,1,3,N,NULL,Y,Y,820,823,840,N,NULL,38,,1,N,,N,N,098-US-0023-10,NULL,NULL,2022,O,7.28E+11,098-US-0023  -010,HIGH,098-US-0023  -000,29.618,0,0,0,0,0,0,0,0,0,0,0,0,0,1,Non-DAC,0,1,,
72750635,980100,2.02E+11,20220305,2137,,,,,US0023,US0023,,,,N,N,NULL,NULL,NULL,N,NULL,NULL,NULL,NULL,NULL,NULL,0.117,NULL,NULL,NULL,NULL,NULL,NULL,0,1,2,1,Y,N,55,NULL,98,9801,NULL,,Y,37.4854,-82.54233,Y,KY1460,N,NULL,098 US-23-321,US0023,N,NULL,098 US-23-321,9,6,4,6,1,1,2,6,7,3,Y,NULL,Y,Y,2137,2143,137,N,NULL,85,,1,N,,N,N,,NULL,NULL,2022,K,7.28E+11,098-US-0023  -321,HIGH,098-US-0023  -321,0.117,0,0,0,0,1,0,1,0,1,0,0,1,0,1,Non-DAC,0,1,,
72476828,980100,2.02E+11,20200215,1637,,BYPASS,N,RD,KY1460,KY1460,0,098 KY-1460,KY1460,N,N,NULL,NULL,NULL,N,NULL,NULL,NULL,NULL,NULL,NULL,5.938,NULL,NULL,NULL,NULL,,NULL,0,0,2,2,N,N,45,NULL,98,9801,NULL,,Y,37.48735,-82.527,N,NULL,NULL,NULL,NULL,NULL,NULL,NULL,NULL,7,3,2,6,1,1,2,2,1,3,N,NULL,Y,N,1638,1641,1657,N,NULL,54,16,0,N,,N,N,098-KY-1460-0,NULL,NULL,2020,O,7.25E+11,098-KY-1460  -000,HIGH,098-KY-1460  -000,5.938,0,0,0,1,0,0,0,0,0,0,0,1,0,1,Non-DAC,0,1,,
72415432,980100,2.02E+11,20191002,1502,,HAROLDS BRANCH,,RD,,,0,098 CS-1223,CS1223,N,N,NULL,NULL,NULL,N,NULL,NULL,NULL,NULL,NULL,NULL,0.045,NULL,NULL,NULL,NULL,,NULL,0,0,2,2,N,N,15,NULL,98,9801,NULL,,Y,37.47225,-82.52233,N,NULL,NULL,NULL,NULL,NULL,NULL,NULL,NULL,5,3,2,3,2,1,2,2,7,3,N,NULL,Y,N,1502,1508,1525,N,NULL,49,,,N,,N,N,098-CS-1223-0,NULL,NULL,2019,O,7.24E+11,098-CS-1223  -000,HIGH,098-CS-1223  -000,0.045,0,0,1,0,0,0,1,0,0,0,0,0,0,1,Non-DAC,0,1,,
72532985,980100,2.02E+12,20200818,1649,,US23,,,US0023,US0023,,,,N,N,NULL,NULL,NULL,N,NULL,NULL,NULL,NULL,NULL,NULL,25.715,NULL,NULL,NULL,NULL,,NULL,0,0,1,1,N,N,55,NULL,98,9801,NULL,,Y,37.4956,-82.53121,N,NULL,NULL,NULL,NULL,NULL,NULL,NULL,NULL,9,3,4,6,1,1,2,2,1,3,N,NULL,Y,N,1649,1654,1654,N,NULL,41,,1,N,,N,N,,NULL,NULL,2020,O,7.25E+11,098-US-0023  -000,MEDIUM,098-US-0023  -000,25.715,0,0,0,0,0,0,0,0,0,0,0,1,0,1,Non-DAC,0,1,,
72770533,980100,2.02E+11,20220608,1004,,HAROLDS BRANCH,,RD,,,0,098 CS-1223,CS1223,N,N,NULL,NULL,NULL,N,NULL,NULL,NULL,NULL,NULL,NULL,0.128,NULL,NULL,NULL,NULL,,NULL,0,0,1,1,N,N,25,NULL,98,9801,NULL,,Y,37.47148,-82.52116,N,NULL,NULL,NULL,NULL,NULL,NULL,NULL,NULL,9,3,1,6,1,1,2,2,7,3,N,NULL,Y,N,1004,1008,1008,N,NULL,40,,,N,,N,N,098-CS-1223-0,NULL,NULL,2022,O,7.28E+11,098-CS-1223  -000,HIGH,098-CS-1223  -000,0.128,0,0,1,0,0,0,0,0,0,0,0,1,0,1,Non-DAC,0,1,,
72794826,980100,2.02E+11,20220811,832,,US23,,,US0023,US0023,0,098 US-23-10,US0023,N,N,NULL,NULL,NULL,N,NULL,NULL,NULL,NULL,NULL,NULL,26.835,NULL,NULL,NULL,NULL,,NULL,0,0,2,2,N,N,45,NULL,98,9801,NULL,,Y,37.50933,-82.53844,N,NULL,NULL,NULL,NULL,NULL,NULL,NULL,NULL,5,3,4,6,1,5,3,2,7,3,N,NULL,Y,N,833,841,,N,NULL,70,,1,N,,N,N,098-US-0023-10,NULL,NULL,2022,O,7.28E+11,098-US-0023  -010,HIGH,098-US-0023  -000,26.835,0,0,0,1,0,0,1,0,0,0,0,0,0,1,Non-DAC,1,0,195-0818,1
72593532,980100,2.02E+11,20210207,1703,,KY3496,,,KY3496,KY3496,0,098 KY-3496,KY3496,N,N,NULL,NULL,NULL,N,NULL,NULL,NULL,NULL,NULL,NULL,0.338,NULL,NULL,NULL,NULL,,NULL,0,0,2,2,N,N,35,NULL,98,9801,NULL,,Y,37.46793,-82.53296,N,NULL,NULL,NULL,NULL,NULL,NULL,NULL,NULL,7,3,2,6,1,1,3,2,7,3,N,NULL,Y,N,1703,1706,1706,N,NULL,54,16,0,Y,,N,N,098-KY-3496-0,NULL,NULL,2021,O,7.26E+11,098-KY-3496  -000,HIGH,098-KY-3496  -000,0.338,0,0,0,0,0,0,1,0,0,1,0,1,0,1,DAC,0,1,,
72847031,KSP0900,22-476661,20221214,1324,,US119,,,US0119,US0119,0,098 US-119,US0119,N,N,NULL,NULL,NULL,N,NULL,NULL,NULL,NULL,NULL,NULL,0.529,NULL,NULL,NULL,NULL,,NULL,0,0,2,2,N,N,55,NULL,98,9801,NULL,,Y,37.50673,-82.52328,N,NULL,NULL,NULL,NULL,NULL,NULL,NULL,NULL,5,3,2,6,1,5,6,2,7,3,N,NULL,Y,N,1324,1338,1338,N,NULL,49,2,1,N,,N,N,098-US-0119-0,NULL,NULL,2022,O,7.28E+11,098-US-0119  -000,HIGH,098-US-0119  -000,0.529,0,0,1,0,0,0,0,1,0,0,0,0,0,1,Non-DAC,0,1,,
72556928,980100,2.02E+11,20201008,1937,,FIFE FORK,,RD,,,0,098 CS-1077,CS1077,N,N,NULL,NULL,NULL,N,NULL,NULL,NULL,NULL,NULL,NULL,0.109,NULL,NULL,NULL,NULL,,NULL,0,0,2,2,N,N,15,NULL,98,9801,NULL,,Y,37.47457,-82.48353,N,NULL,NULL,NULL,NULL,NULL,NULL,NULL,NULL,2,97,1,5,1,1,2,6,6,3,N,NULL,Y,N,1937,1937,1937,N,NULL,47,,,N,,N,N,098-CS-1077-0,NULL,NULL,2020,O,7.26E+11,098-CS-1077  -000,HIGH,098-CS-1077  -000,0.109,0,0,0,0,0,0,1,0,0,0,0,0,0,1,Non-DAC,0,1,,
72750697,980100,2.02E+11,20220407,1635,,US23,,,US0023,US0023,0,098 US-23-10,US0023,N,N,NULL,NULL,NULL,N,NULL,NULL,NULL,NULL,NULL,NULL,23.104,NULL,NULL,NULL,NULL,,NULL,0,0,2,2,N,N,55,NULL,98,9801,NULL,,Y,37.466,-82.52885,N,NULL,NULL,NULL,NULL,NULL,NULL,NULL,NULL,5,3,4,6,1,1,2,2,7,3,N,NULL,Y,N,1635,1642,1642,N,NULL,70,,1,N,,N,N,098-US-0023-10,NULL,NULL,2022,O,7.28E+11,098-US-0023  -010,HIGH,098-US-0023  -000,23.104,0,0,0,0,0,0,1,0,0,0,0,0,0,1,DAC,0,1,,
72675364,980100,2.02E+11,20210923,1444,,US23,,,US0023,US0023,,,,N,N,NULL,NULL,NULL,N,NULL,NULL,NULL,NULL,NULL,NULL,19.125,NULL,NULL,NULL,NULL,,NULL,0,0,1,1,N,N,55,NULL,98,9801,NULL,,Y,37.4422,-82.50584,N,NULL,NULL,NULL,NULL,NULL,NULL,NULL,NULL,9,3,4,6,1,1,2,2,1,3,N,NULL,Y,N,1445,1456,,N,NULL,38,,1,N,,N,N,,NULL,NULL,2021,O,7.27E+11,098-US-0023  -000,MEDIUM,098-US-0023  -000,19.125,0,0,0,0,0,0,0,0,0,0,0,0,0,1,Non-DAC,0,1,,
72515556,980100,2.02E+11,20200626,1750,,BANK,,ST,,,,,,N,N,NULL,NULL,NULL,N,NULL,NULL,NULL,NULL,NULL,NULL,0.174,NULL,NULL,NULL,NULL,,NULL,0,0,2,2,N,Y,15,NULL,98,9801,NULL,,Y,37.47698,-82.51997,N,NULL,NULL,NULL,NULL,NULL,NULL,NULL,NULL,1,3,1,6,1,1,2,2,6,3,N,NULL,Y,N,1750,1757,,N,NULL,55,,,N,,N,N,,NULL,NULL,2020,O,7.25E+11,098-CS-1106  -000,MEDIUM,098-CS-1106  -000,0.174,0,0,0,0,0,0,1,0,0,0,0,0,0,1,DAC,0,1,,
72804810,980100,2.02E+11,20220913,748,,SAAD,,AVE,,,0,098 CS-1165,CS1165,N,N,NULL,NULL,NULL,N,NULL,NULL,NULL,NULL,NULL,NULL,0.078,NULL,NULL,NULL,NULL,,NULL,0,0,2,2,N,N,10,NULL,98,9801,NULL,,Y,37.4826,-82.51975,N,NULL,NULL,NULL,NULL,NULL,NULL,NULL,NULL,5,3,2,4,1,1,2,2,1,3,N,NULL,Y,N,748,755,755,N,NULL,49,,,N,,N,N,098-CS-1165-0,NULL,NULL,2022,O,7.28E+11,098-CS-1165  -000,HIGH,098-CS-1165  -000,0.078,0,0,0,0,0,0,1,0,0,0,0,0,0,1,DAC,0,1,,
72811336,980100,2.02E+11,20220930,1404,,KY3496,,,KY3496,KY3496,,,,N,N,NULL,NULL,NULL,N,NULL,NULL,NULL,NULL,NULL,NULL,0.928,NULL,NULL,NULL,NULL,,NULL,0,0,2,2,N,N,35,NULL,98,9801,NULL,,Y,37.47216,-82.52715,N,NULL,NULL,NULL,NULL,NULL,NULL,NULL,NULL,1,3,2,6,1,1,2,2,1,3,N,NULL,Y,N,1404,1408,,N,NULL,55,16,0,N,,N,N,,NULL,NULL,2022,O,7.28E+11,098-KY-3496  -000,HIGH,098-KY-3496  -000,0.928,0,0,1,1,0,0,1,1,0,0,0,0,0,1,DAC,1,0,195-1180,1
72603652,980100,2.02E+11,20210227,1513,,US23,,,,,,,,N,N,NULL,NULL,NULL,N,NULL,NULL,NULL,NULL,NULL,NULL,,NULL,NULL,NULL,NULL,NULL,NULL,1,1,2,2,N,N,55,NULL,98,9801,NULL,,Y,37.44373,-82.51852,N,NULL,NULL,NULL,NULL,NULL,NULL,NULL,NULL,1,3,4,3,1,5,3,2,1,3,Y,NULL,Y,Y,1513,1517,1725,N,NULL,55,,,N,,N,Y,,NULL,NULL,2021,K,7.26E+11,098-US-0023  -010,MEDIUM,098-US-0023  -000,20.546,0,0,0,1,0,0,1,1,0,0,0,0,1,1,Non-DAC,0,1,,
72502271,980100,2.02E+11,20200518,36,,US23,,,US0023,US0023,,,,N,N,NULL,NULL,NULL,N,NULL,NULL,NULL,NULL,NULL,NULL,29.912,NULL,NULL,NULL,NULL,,NULL,0,0,1,1,N,N,55,NULL,98,9801,NULL,,Y,37.53595,-82.57909,N,NULL,NULL,NULL,NULL,NULL,NULL,NULL,NULL,9,3,2,3,1,1,2,6,7,3,N,NULL,Y,N,20,30,30,N,NULL,38,,1,N,,N,N,,NULL,NULL,2020,O,7.25E+11,098-US-0023  -000,MEDIUM,098-US-0023  -000,29.912,0,0,0,0,0,0,1,0,0,0,0,0,0,1,Non-DAC,1,0,195-0629,1
72660732,980100,2.02E+11,20210819,1743,,US23,,,US0023,US0023,,,,N,N,NULL,NULL,NULL,N,NULL,NULL,NULL,NULL,NULL,NULL,27.184,NULL,NULL,NULL,NULL,,NULL,0,0,1,1,N,N,55,NULL,98,9801,NULL,,Y,37.51074,-82.54489,N,NULL,NULL,NULL,NULL,NULL,NULL,NULL,NULL,9,3,4,6,1,5,6,2,7,3,N,NULL,Y,N,1743,1751,1806,N,NULL,70,,1,N,,N,N,,NULL,NULL,2021,O,7.27E+11,098-US-0023  -000,MEDIUM,098-US-0023  -000,27.184,0,0,0,0,0,0,0,0,0,0,0,1,0,1,Non-DAC,0,1,,