MasterFile,AgencyORINumber,LocalCode,CollisionDate,CollisionTime,CollisionDayWeekCode,RoadwayName,RoadwayName_Direction_,RoadwayName_RoadwaySuffix_,RoadwayfromReport,CurrentRoadwayNumber,RoadwayNumberCoupletID,RSEUniqueGIS,RoadwayIdentifier,ParkingLotIndicator,IntersectionWith_Indicator_,IntersectionWith_NameRoadway_,IntersectionWith_Direction_,IntersectionWith_RoadwaySuffix_,BetweenStreets_Indicator_,BetweenStreets1_NameRoadway_,BetweenStreet1_Direction_,BetweenStreets1_RoadwaySuffix_,BetweenStreets2_NameRoadway_,BetweenStreets2_Direction_,BetweenStreets2_RoadwaySuffix_,Milepoint,ReportMilepointDeriveNumber,CurrentDerivedMiepointNumber,MilestoMilepoint,FeettoMilepoint,DirectionfromMilepoint_NSEW_,ValidMilepointIndicator,NumberInjured,NumberKilled,ofUnits,ofMotorVehicleUnits,Hit&RunIndicator,OneWayIndicator,SpeedLimitNumber,KilometersIndicator,CountyCode,CityCountyCode,MilesFromCity,DirectionFromCity_NSEW_,InCityLimitsIndicator,Latitude,Longitude,RampIndicator,RampFromIdentifier,RampFromDirCode,RampFromCoupletID,RSEUniqueGISRampFrom,RampToidentifier,RampToDirCode,RampToCoupletID,RSEUniqueGisRampTo,MannerofCollisionCode,LocationFirstEventCode,TotalLanes,RoadwayCharacterCode,RoadwaySurfaceCode,RoadwayConditionCode,WeatherCode,LightConditionCode,LandUseCode,SchoolBusRelatedCode,FirstAidSceneIndicator,CollDescPresentInd,InvestigationCompleteIndicator,PhotosTakenIndicator,TimeNotified,TimeArrived,TimeRoadwayOpened,PropertyDamageIndicator,DiagramPresentIndicator,DirectionalAnalysis,FunctionClassCode,NationalHwySysCode,EnforcementsIndicator,KARSCityCode,SecondaryCollisionIndicator,MedianCrossoverIndicator,RT_UNIQUE,MapIt,TimeLastLeft,YR,KABCO,MFNY,WorkingRID,RT_CONFIDENCE,KTC_RT,KTC_MP,Motorcyclist,Commercial Vehicle,Young Driver,Mature Driver,Pedestrian,Bicyclist,Distracted,Aggressive,Impaired,Unrestrained,Intersection,Roadway Departure,Median Cross-over,CityCrash,DACid,Intersection Crash,Segment Crash,Int_ID,CityIntersection
72705432,980100,2.02E+11,20211205,552,,KY1426,,,KY1426,KY1426,0,098 KY-1426,KY1426,N,N,NULL,NULL,NULL,N,NULL,NULL,NULL,NULL,NULL,NULL,8.116,NULL,NULL,NULL,NULL,,NULL,1,0,1,1,N,N,45,NULL,98,9801,NULL,,Y,37.49277,-82.49089,N,NULL,NULL,NULL,NULL,NULL,NULL,NULL,NULL,9,6,2,2,1,1,2,6,7,3,Y,NULL,Y,Y,552,603,728,N,NULL,44,,0,Y,,N,N,098-KY-1426-0,NULL,NULL,2021,C,7.27E+11,098-KY-1426  -000,HIGH,098-KY-1426  -000,8.116,0,0,0,0,0,0,1,0,1,0,0,1,0,1,Non-DAC,0,1,,
72685448,980100,2.02E+11,20211015,1440,,BAIRD,,AVE,KY1426,KY1426,0,098 KY-1426,KY1426,N,N,NULL,NULL,NULL,N,NULL,NULL,NULL,NULL,NULL,NULL,5.388,NULL,NULL,NULL,NULL,,NULL,0,0,2,2,N,N,15,NULL,98,9801,NULL,,Y,37.47305,-82.52704,N,NULL,NULL,NULL,NULL,NULL,NULL,NULL,NULL,1,3,2,6,1,1,2,2,7,3,N,NULL,Y,N,1440,1443,1450,N,NULL,55,,0,N,,N,N,098-KY-1426-0,NULL,NULL,2021,O,7.27E+11,098-KY-1426  -000,HIGH,098-KY-1426  -000,5.388,0,0,0,0,0,0,1,0,0,0,0,0,0,1,DAC,1,0,195-1174,1
72430991,980100,2.02E+11,20191101,1621,,US23,,,US0023,US0023,,,,N,N,NULL,NULL,NULL,N,NULL,NULL,NULL,NULL,NULL,NULL,26.133,NULL,NULL,NULL,NULL,,NULL,0,0,2,2,N,N,55,NULL,98,9801,NULL,,Y,37.50152,-82.53182,N,NULL,NULL,NULL,NULL,NULL,NULL,NULL,NULL,5,3,4,6,1,1,2,2,7,3,N,NULL,N,N,1621,1621,1621,N,NULL,70,,1,N,,N,N,,NULL,NULL,2019,O,7.24E+11,098-US-0023  -000,MEDIUM,098-US-0023  -000,26.133,0,0,0,1,0,0,1,0,0,0,0,0,0,1,Non-DAC,0,1,,
72523847,980100,2.02E+11,20200719,1515,,US23,,,US0023,US0023,0,098 US-23,US0023,N,N,NULL,NULL,NULL,N,NULL,NULL,NULL,NULL,NULL,NULL,25.734,NULL,NULL,NULL,NULL,,NULL,2,0,2,2,N,N,55,NULL,98,9801,NULL,,Y,37.49588,-82.53106,N,NULL,NULL,NULL,NULL,NULL,NULL,NULL,NULL,1,3,4,3,1,1,2,2,1,3,Y,NULL,Y,Y,1515,1520,,N,NULL,55,,1,N,,N,N,098-US-0023-0,NULL,NULL,2020,C,7.25E+11,098-US-0023  -000,HIGH,098-US-0023  -000,25.734,0,0,0,0,0,0,1,0,0,0,0,0,0,1,Non-DAC,0,1,,
72555656,980100,2.02E+11,20201018,1302,,US23,S,,,,,,,N,N,NULL,NULL,NULL,N,NULL,NULL,NULL,NULL,NULL,NULL,,NULL,NULL,NULL,NULL,NULL,NULL,1,0,2,2,N,N,55,NULL,98,9801,NULL,,Y,37.43884,-82.50917,N,NULL,NULL,NULL,NULL,NULL,NULL,NULL,NULL,1,3,4,6,1,1,2,2,1,3,Y,NULL,N,Y,1302,1307,1334,N,NULL,55,,,N,,N,N,,NULL,NULL,2020,A,7.26E+11,098-US-0023  -071,MEDIUM,098-US-0023  -071,0.007,1,0,0,1,0,0,1,1,0,0,0,0,0,1,Non-DAC,1,0,195-1308,1
72532984,980100,2.02E+12,20200818,1649,,US23,,,US0023,US0023,,,,N,N,NULL,NULL,NULL,N,NULL,NULL,NULL,NULL,NULL,NULL,25.715,NULL,NULL,NULL,NULL,,NULL,0,0,1,1,N,N,55,NULL,98,9801,NULL,,Y,37.4956,-82.53121,N,NULL,NULL,NULL,NULL,NULL,NULL,NULL,NULL,9,3,4,6,1,1,2,2,1,3,N,NULL,Y,N,1649,1654,1654,N,NULL,41,,1,N,,N,N,,NULL,NULL,2020,O,7.25E+11,098-US-0023  -000,MEDIUM,098-US-0023  -000,25.715,0,0,0,0,0,0,0,0,0,0,0,1,0,1,Non-DAC,0,1,,
72689744,KSP0900,21-445634,20211029,2338,,US119,,,US0119,US0119,0,098 US-119-10,US0119,N,N,NULL,NULL,NULL,N,NULL,NULL,NULL,NULL,NULL,NULL,0.151,NULL,NULL,NULL,NULL,,NULL,0,0,1,1,N,N,55,NULL,98,9801,NULL,,Y,37.50437,-82.52943,N,NULL,NULL,NULL,NULL,NULL,NULL,NULL,NULL,9,3,2,6,1,1,2,6,7,3,N,NULL,Y,N,2330,2340,2340,N,NULL,38,2,1,N,,N,N,098-US-0119-10,NULL,NULL,2021,O,7.27E+11,098-US-0119  -010,HIGH,098-US-0119  -000,0.151,0,0,0,0,0,0,0,0,0,0,0,0,0,1,Non-DAC,0,1,,
72735298,980100,2.02E+11,20220221,712,,HAROLDS BRANCH,,RD,,,0,098 CS-1223,CS1223,N,N,NULL,NULL,NULL,N,NULL,NULL,NULL,NULL,NULL,NULL,0.102,NULL,NULL,NULL,NULL,,NULL,0,0,2,2,N,N,25,NULL,98,9801,NULL,,Y,37.47151,-82.5219,N,NULL,NULL,NULL,NULL,NULL,NULL,NULL,NULL,1,3,2,6,2,1,3,2,1,3,N,NULL,Y,N,712,718,,N,NULL,55,,,N,,N,N,098-CS-1223-0,NULL,NULL,2022,O,7.27E+11,098-CS-1223  -000,HIGH,098-CS-1223  -000,0.102,0,0,1,0,0,0,1,1,0,0,0,0,0,1,Non-DAC,0,1,,
72595260,980100,2.02E+11,20210213,1855,,US23,,,US0023,US0023,0,098 US-23,US0023,N,N,NULL,NULL,NULL,N,NULL,NULL,NULL,NULL,NULL,NULL,27.463,NULL,NULL,NULL,NULL,,NULL,0,0,2,2,N,N,55,NULL,98,9807,NULL,,Y,37.51139,-82.55019,N,NULL,NULL,NULL,NULL,NULL,NULL,NULL,NULL,8,3,4,6,1,5,3,7,7,3,N,NULL,Y,N,1855,1901,,N,NULL,53,,1,N,,N,N,098-US-0023-0,NULL,NULL,2021,O,7.26E+11,098-US-0023  -000,HIGH,098-US-0023  -000,27.463,0,0,0,0,0,0,1,0,0,0,0,1,0,1,Non-DAC,1,0,195-0808,1
72580725,KSP0900,20-849304,20201230,906,,US23,,,US0023,US0023,0,098 US-23-10,US0023,N,N,NULL,NULL,NULL,N,NULL,NULL,NULL,NULL,NULL,NULL,27.438,NULL,NULL,NULL,NULL,,NULL,0,0,2,2,N,N,55,NULL,98,9807,NULL,,Y,37.51108,-82.54984,N,NULL,NULL,NULL,NULL,NULL,NULL,NULL,NULL,5,3,4,6,1,1,2,2,6,3,N,NULL,Y,N,906,910,910,N,NULL,49,,1,N,,N,N,098-US-0023-10,NULL,NULL,2020,O,7.26E+11,098-US-0023  -010,HIGH,098-US-0023  -000,27.438,0,0,0,1,0,0,0,0,0,0,0,0,0,1,Non-DAC,0,1,,
72576501,980100,2.02E+11,20201213,2045,,TOWN MOUNTAIN,,RD,KY1426,KY1426,0,098 KY-1426,KY1426,N,N,NULL,NULL,NULL,N,NULL,NULL,NULL,NULL,NULL,NULL,6.852,NULL,NULL,NULL,NULL,,NULL,0,0,1,1,N,N,45,NULL,98,9801,NULL,,Y,37.48552,-82.51006,N,NULL,NULL,NULL,NULL,NULL,NULL,NULL,NULL,9,3,2,6,1,1,2,6,1,3,N,NULL,Y,N,2045,2052,2117,N,NULL,38,,0,N,,N,N,098-KY-1426-0,NULL,NULL,2020,O,7.26E+11,098-KY-1426  -000,HIGH,098-KY-1426  -000,6.852,0,0,1,0,0,0,0,0,0,0,0,0,0,1,Non-DAC,0,1,,
72795147,980100,2.02E+11,20220811,1551,,KY1426,,,KY1426,KY1426,0,098 KY-1426,KY1426,N,N,NULL,NULL,NULL,N,NULL,NULL,NULL,NULL,NULL,NULL,6.913,NULL,NULL,NULL,NULL,,NULL,0,0,2,2,N,N,45,NULL,98,9801,NULL,,Y,37.48638,-82.509,N,NULL,NULL,NULL,NULL,NULL,NULL,NULL,NULL,5,3,2,6,1,1,2,2,7,3,N,NULL,Y,N,1552,1556,1626,N,NULL,49,,0,Y,,N,N,098-KY-1426-0,NULL,NULL,2022,O,7.28E+11,098-KY-1426  -000,HIGH,098-KY-1426  -000,6.913,0,0,1,0,0,0,1,0,0,1,0,0,0,1,Non-DAC,1,0,195-0950,1
72749380,980100,2.02E+11,20220405,1359,,US23,,,US0023,US0023,0,098 US-23,US0023,N,N,NULL,NULL,NULL,N,NULL,NULL,NULL,NULL,NULL,NULL,31.785,NULL,NULL,NULL,NULL,,NULL,0,0,2,2,Y,N,55,NULL,98,9801,NULL,,Y,37.53751,-82.60501,N,NULL,NULL,NULL,NULL,NULL,NULL,NULL,NULL,8,3,4,6,1,1,3,2,1,3,N,NULL,N,N,1359,1404,1411,N,NULL,53,,1,N,,N,N,098-US-0023-0,NULL,NULL,2022,O,7.27E+11,098-US-0023  -000,HIGH,098-US-0023  -000,31.785,0,0,0,0,0,0,0,0,0,0,0,1,0,1,Non-DAC,1,0,195-0615,1
72803452,980100,2.02E+11,20220909,1337,,US23 TURN LANE,,,US0023,US0023,,,,N,N,NULL,NULL,NULL,N,NULL,NULL,NULL,NULL,NULL,NULL,0.014,NULL,NULL,NULL,NULL,,NULL,0,0,2,2,N,N,55,NULL,98,9801,NULL,,Y,37.50383,-82.53249,N,NULL,NULL,NULL,NULL,NULL,NULL,NULL,NULL,5,3,8,6,1,1,2,2,1,3,N,NULL,Y,N,1337,1346,,N,NULL,49,,1,N,,N,N,,NULL,NULL,2022,O,7.28E+11,098-US-0023  -020,MEDIUM,098-US-0023  -020,0.014,0,0,1,0,0,0,1,1,0,0,0,0,0,1,Non-DAC,1,0,195-0861,1
72676029,980100,2.02E+11,20210921,526,,BOB AMOS,,DR,,,,,,N,N,NULL,NULL,NULL,N,NULL,NULL,NULL,NULL,NULL,NULL,0.832,NULL,NULL,NULL,NULL,,NULL,0,0,1,1,N,N,35,NULL,98,9801,NULL,,Y,37.46833,-82.54298,N,NULL,NULL,NULL,NULL,NULL,NULL,NULL,NULL,9,97,2,4,1,1,2,5,7,3,N,NULL,Y,N,526,532,637,Y,NULL,40,,,Y,,N,N,,NULL,NULL,2021,O,7.27E+11,098-CS-1025  -000,MEDIUM,098-CS-1025  -000,0.832,0,0,0,0,0,0,0,0,1,1,0,1,0,1,Non-DAC,0,1,,
72804316,980100,2.02E+11,20220902,1535,,US23,,,US0023,US0023,0,098 US-23-10,US0023,N,N,NULL,NULL,NULL,N,NULL,NULL,NULL,NULL,NULL,NULL,27.398,NULL,NULL,NULL,NULL,,NULL,0,0,2,2,N,N,55,NULL,98,9807,NULL,,Y,37.51091,-82.54919,N,NULL,NULL,NULL,NULL,NULL,NULL,NULL,NULL,5,3,4,6,1,1,2,2,7,3,N,NULL,Y,N,1535,1548,,N,NULL,49,,1,Y,,N,N,098-US-0023-10,NULL,NULL,2022,O,7.28E+11,098-US-0023  -010,HIGH,098-US-0023  -000,27.398,0,0,1,0,0,0,0,0,0,0,0,0,0,1,Non-DAC,1,0,195-0811,1
72729337,980100,2.02E+11,20220209,2025,,KY1426 TURN LANE,,,KY1426,KY1426,0,098 KY-1426-28,KY1426,N,N,NULL,NULL,NULL,N,NULL,NULL,NULL,NULL,NULL,NULL,0.024,NULL,NULL,NULL,NULL,,NULL,0,0,2,2,N,N,35,NULL,98,9801,NULL,,Y,37.47398,-82.52732,N,NULL,NULL,NULL,NULL,NULL,NULL,NULL,NULL,5,3,4,6,1,1,2,5,1,3,N,NULL,Y,N,2025,2026,2029,N,NULL,49,8,0,Y,,N,N,098-KY-1426-28,NULL,NULL,2022,O,7.27E+11,098-KY-1426  -028,HIGH,098-KY-1426  -028,0.024,0,0,0,0,0,0,1,0,0,0,0,0,0,1,DAC,1,0,195-1167,1
72738944,980100,2.02E+11,20220309,1755,,US23,,,US0023,US0023,0,098 US-23-10,US0023,N,Y,KY3496,,,N,NULL,NULL,NULL,NULL,NULL,NULL,23.053,NULL,NULL,NULL,NULL,,NULL,0,0,2,2,N,N,55,NULL,98,9801,NULL,,Y,37.46579,-82.52817,N,NULL,NULL,NULL,NULL,NULL,NULL,NULL,NULL,5,3,4,6,1,1,3,2,1,3,N,NULL,Y,N,1755,1801,,N,NULL,35,,1,N,,N,N,098-US-0023-10,NULL,NULL,2022,O,7.27E+11,098-US-0023  -010,HIGH,098-US-0023  -000,23.053,0,0,0,0,0,0,1,0,0,0,1,0,0,1,DAC,0,1,,
72561520,980100,2.02E+11,20201101,1434,,US460,,,US0460,US0460,,,,N,N,NULL,NULL,NULL,N,NULL,NULL,NULL,NULL,NULL,NULL,0.295,NULL,NULL,NULL,NULL,,NULL,0,0,2,2,N,N,45,NULL,98,9801,NULL,,Y,37.43849,-82.51028,N,NULL,NULL,NULL,NULL,NULL,NULL,NULL,NULL,4,3,2,6,1,1,2,2,7,3,N,NULL,Y,N,1434,1442,1522,N,NULL,70,,1,N,,N,N,,NULL,NULL,2020,O,7.26E+11,098-US-0460  -000,HIGH,098-US-0460  -000,0.295,0,0,1,0,0,0,1,0,0,0,0,0,0,1,Non-DAC,0,1,,
72661933,980100,2.02E+11,20210823,730,,2ND,,ST,,,0,098 CS-1117,CS1117,N,N,NULL,NULL,NULL,N,NULL,NULL,NULL,NULL,NULL,NULL,0.114,NULL,NULL,NULL,NULL,,NULL,0,0,2,2,N,N,25,NULL,98,9801,NULL,,Y,37.48211,-82.51666,N,NULL,NULL,NULL,NULL,NULL,NULL,NULL,NULL,8,3,1,6,1,1,3,2,7,3,N,NULL,Y,N,730,736,736,N,NULL,47,,,N,,N,N,098-CS-1117-0,NULL,NULL,2021,O,7.27E+11,098-CS-1117  -000,HIGH,098-CS-1117  -000,0.114,0,0,0,0,0,0,1,0,0,0,0,0,0,1,DAC,1,0,195-1054,1
72635458,980100,2.02E+11,20210608,1057,,US23,,,US0023,US0023,,,,N,N,NULL,NULL,NULL,N,NULL,NULL,NULL,NULL,NULL,NULL,26.313,NULL,NULL,NULL,NULL,,NULL,0,0,2,2,N,N,55,NULL,98,9801,NULL,,Y,37.50407,-82.5324,N,NULL,NULL,NULL,NULL,NULL,NULL,NULL,NULL,8,3,4,6,1,1,3,2,7,3,N,NULL,Y,N,1057,1057,,N,NULL,53,,1,N,,N,N,,NULL,NULL,2021,O,7.26E+11,098-US-0023  -010,MEDIUM,098-US-0023  -000,26.313,0,0,0,1,0,0,1,0,0,0,0,1,0,1,Non-DAC,0,1,,
72423288,980100,2.02E+11,20191017,1654,,DIVISION,,ST,,,0,098 CS-1130,CS1130,N,N,NULL,NULL,NULL,N,NULL,NULL,NULL,NULL,NULL,NULL,0.158,NULL,NULL,NULL,NULL,,NULL,0,0,1,1,N,N,15,NULL,98,9801,NULL,,Y,37.47915,-82.51677,N,NULL,NULL,NULL,NULL,NULL,NULL,NULL,NULL,9,97,1,6,1,1,2,2,5,3,N,NULL,Y,Y,1654,1654,1654,Y,NULL,40,,,N,,N,N,098-CS-1130-0,NULL,NULL,2019,O,7.24E+11,098-CS-1130  -000,HIGH,098-CS-1130  -000,0.158,0,0,0,0,0,0,0,0,0,0,0,1,0,1,DAC,0,1,,
72635479,980100,2.02E+11,20210611,1444,,CASSIDY,,BLVD,,,,,,N,N,NULL,NULL,NULL,N,NULL,NULL,NULL,NULL,NULL,NULL,0.032,NULL,NULL,NULL,NULL,,NULL,0,0,2,2,N,N,25,NULL,98,9801,NULL,,Y,37.50372,-82.53272,N,NULL,NULL,NULL,NULL,NULL,NULL,NULL,NULL,8,3,4,6,1,1,3,2,7,3,N,NULL,Y,N,1444,1446,1514,N,NULL,53,,,N,,N,N,,NULL,NULL,2021,O,7.26E+11,098-CS-1191  -000,MEDIUM,098-CS-1191  -000,0.032,0,0,0,0,0,0,0,1,0,0,0,1,0,1,Non-DAC,1,0,195-0861,1
72602306,980100,2.02E+11,20210309,1637,,BANK,,ST,,,,,,N,N,NULL,NULL,NULL,N,NULL,NULL,NULL,NULL,NULL,NULL,0.048,NULL,NULL,NULL,NULL,,NULL,0,0,2,2,N,Y,10,NULL,98,9801,NULL,,Y,37.47571,-82.521,N,NULL,NULL,NULL,NULL,NULL,NULL,NULL,NULL,2,3,1,6,1,1,2,2,1,3,N,NULL,Y,N,1637,1639,1655,N,NULL,47,,,N,,N,N,,NULL,NULL,2021,O,7.26E+11,098-CS-1106  -000,MEDIUM,098-CS-1106  -000,0.048,0,0,0,0,0,0,1,0,0,0,0,0,0,1,DAC,0,1,,
72794843,980100,2.02E+11,20220810,1127,,CASSIDY,,BLVD,,,0,098 CS-1191,CS1191,N,Y,US23,,,N,NULL,NULL,NULL,NULL,NULL,NULL,0.008,NULL,NULL,NULL,NULL,,NULL,0,0,2,2,N,N,55,NULL,98,9801,NULL,,Y,37.50375,-82.53229,N,NULL,NULL,NULL,NULL,NULL,NULL,NULL,NULL,3,3,4,6,1,1,2,2,7,3,N,NULL,Y,N,1127,1132,1132,N,NULL,52,,,N,,N,N,098-CS-1191-0,NULL,NULL,2022,O,7.28E+11,098-CS-1191  -000,HIGH,098-CS-1191  -000,0.008,0,0,0,0,0,0,1,1,0,0,1,0,0,1,Non-DAC,1,0,195-0861,1
72659528,980100,2.02E+11,20210809,1742,,US23,,,US0023,US0023,,,,N,N,NULL,NULL,NULL,N,NULL,NULL,NULL,NULL,NULL,NULL,24.814,NULL,NULL,NULL,NULL,,NULL,0,0,2,2,N,N,55,NULL,98,9801,NULL,,Y,37.48601,-82.54214,N,NULL,NULL,NULL,NULL,NULL,NULL,NULL,NULL,8,3,5,6,1,1,2,2,7,3,N,NULL,Y,N,1743,1744,,N,NULL,53,,1,N,,N,N,,NULL,NULL,2021,O,7.27E+11,098-US-0023  -000,MEDIUM,098-US-0023  -000,24.814,0,0,0,0,0,0,1,0,0,0,0,1,0,1,Non-DAC,0,1,,
72617448,980100,2.02E+11,20210423,1528,,US23,,,US0023,US0023,0,098 US-23,US0023,N,Y,US119,,,N,NULL,NULL,NULL,NULL,NULL,NULL,26.291,NULL,NULL,NULL,NULL,,NULL,0,0,2,2,N,N,55,NULL,98,9801,NULL,,Y,37.50376,-82.53215,N,NULL,NULL,NULL,NULL,NULL,NULL,NULL,NULL,5,3,4,6,1,1,2,2,7,3,N,NULL,Y,N,1528,1529,,N,NULL,35,,1,Y,,N,N,098-US-0023-0,NULL,NULL,2021,O,7.26E+11,098-US-0023  -000,HIGH,098-US-0023  -000,26.291,0,0,1,0,0,0,1,0,1,0,1,0,0,1,Non-DAC,0,1,,
72692777,980100,2.02E+11,20211030,1317,,US23,,,US0023,US0023,,,,N,N,NULL,NULL,NULL,N,NULL,NULL,NULL,NULL,NULL,NULL,25.702,NULL,NULL,NULL,NULL,,NULL,0,0,2,2,N,N,55,NULL,98,9801,NULL,,Y,37.49544,-82.53132,N,NULL,NULL,NULL,NULL,NULL,NULL,NULL,NULL,1,3,4,3,1,5,6,2,1,3,N,NULL,Y,N,1317,1321,,N,NULL,55,,1,N,,N,N,,NULL,NULL,2021,O,7.27E+11,098-US-0023  -000,MEDIUM,098-US-0023  -000,25.702,0,0,0,0,0,0,1,1,0,0,0,0,0,1,Non-DAC,0,1,,
72630796,980100,2.02E+11,20210530,1805,,US23,,,US0023,US0023,0,098 US-23,US0023,N,N,NULL,NULL,NULL,N,NULL,NULL,NULL,NULL,NULL,NULL,21.424,NULL,NULL,NULL,NULL,,NULL,2,0,2,2,N,N,55,NULL,98,9801,NULL,,Y,37.45084,-82.52402,N,NULL,NULL,NULL,NULL,NULL,NULL,NULL,NULL,1,3,4,6,1,1,3,2,7,3,Y,NULL,Y,Y,1805,1808,1853,N,NULL,55,,1,N,,N,N,098-US-0023-0,NULL,NULL,2021,C,7.26E+11,098-US-0023  -000,HIGH,098-US-0023  -000,21.424,0,0,0,1,0,0,1,0,0,0,0,0,0,1,Non-DAC,0,1,,
72598846,980100,2.02E+11,20210227,2152,,BYPASS,S,RD,KY1426,KY1426,0,098 KY-1426,KY1426,N,N,NULL,NULL,NULL,N,NULL,NULL,NULL,NULL,NULL,NULL,6.546,NULL,NULL,NULL,NULL,,NULL,0,0,2,2,N,N,55,NULL,98,9801,NULL,,Y,37.48227,-82.51369,N,NULL,NULL,NULL,NULL,NULL,NULL,NULL,NULL,1,97,2,6,1,5,3,7,1,3,N,NULL,Y,N,2152,2152,,N,NULL,55,,0,N,,N,N,098-KY-1426-0,NULL,NULL,2021,O,7.26E+11,098-KY-1426  -000,HIGH,098-KY-1426  -000,6.546,0,0,1,0,0,0,1,0,0,0,0,0,0,1,DAC,0,1,,
72776605,KSP0900,22-238992,20220624,1610,,KY3218,,,KY3218,KY3218,,,,N,N,NULL,NULL,NULL,N,NULL,NULL,NULL,NULL,NULL,NULL,0.094,NULL,NULL,NULL,NULL,,NULL,0,0,1,1,N,N,55,NULL,98,9801,NULL,,Y,37.53814,-82.60088,N,NULL,NULL,NULL,NULL,NULL,NULL,NULL,NULL,9,3,2,1,1,1,2,2,7,3,N,NULL,Y,N,1610,1610,1610,N,NULL,40,8,0,N,,N,N,,NULL,NULL,2022,O,7.28E+11,098-KY-3218  -000,HIGH,098-KY-3218  -000,0.094,0,0,0,0,0,0,0,0,0,0,0,1,0,1,Non-DAC,0,1,,
72639944,980100,2.02E+11,20210624,1439,,US23,,,US0023,US0023,0,098 US-23,US0023,N,N,NULL,NULL,NULL,N,NULL,NULL,NULL,NULL,NULL,NULL,26.282,NULL,NULL,NULL,NULL,,NULL,0,0,2,2,N,N,55,NULL,98,9801,NULL,,Y,37.50364,-82.53213,N,NULL,NULL,NULL,NULL,NULL,NULL,NULL,NULL,5,3,4,6,1,1,2,2,7,3,N,NULL,Y,N,1439,1446,1457,N,NULL,49,,1,N,,N,N,098-US-0023-0,NULL,NULL,2021,O,7.26E+11,098-US-0023  -000,HIGH,098-US-0023  -000,26.282,0,0,0,0,0,0,1,0,0,0,0,0,0,1,Non-DAC,0,1,,
72724785,980100,2.02E+11,20220126,1711,,US119,,,US0119,US0119,,,,N,N,NULL,NULL,NULL,N,NULL,NULL,NULL,NULL,NULL,NULL,0.019,NULL,NULL,NULL,NULL,,NULL,0,0,2,2,N,N,55,NULL,98,9801,NULL,,Y,37.50388,-82.53168,N,NULL,NULL,NULL,NULL,NULL,NULL,NULL,NULL,5,3,6,6,1,1,2,3,1,3,N,NULL,Y,N,1711,1717,1720,N,NULL,49,2,1,Y,,N,N,,NULL,NULL,2022,O,7.27E+11,098-US-0119  -010,MEDIUM,098-US-0119  -000,0.019,0,0,0,0,0,0,1,0,0,0,0,0,0,1,Non-DAC,1,0,195-0861,1
72648212,980100,2.02E+11,20210711,1823,,HAMBLEY,,BLVD,,,0,098 CS-1222,CS1222,N,N,NULL,NULL,NULL,N,NULL,NULL,NULL,NULL,NULL,NULL,,NULL,NULL,NULL,NULL,,NULL,4,0,2,2,N,N,35,NULL,98,9801,NULL,,Y,37.47401,-82.5273,N,NULL,NULL,NULL,NULL,NULL,NULL,NULL,NULL,3,3,4,6,1,1,2,2,1,3,Y,NULL,Y,Y,1823,1823,1854,N,NULL,52,,,N,,N,N,098-CS-1222-0,NULL,NULL,2021,B,7.26E+11,098-CS-1222  -000,HIGH,098-CS-1222  -000,0,0,0,0,0,0,0,1,1,0,0,0,1,0,1,DAC,1,0,195-1167,1
72852276,980100,2.02E+11,20230105,1449,,US23,,,US0023,US0023,0,098 US-23,US0023,N,N,NULL,NULL,NULL,N,NULL,NULL,NULL,NULL,NULL,NULL,26.288,NULL,NULL,NULL,NULL,,NULL,4,0,2,2,N,N,55,NULL,98,9801,NULL,,Y,37.50372,-82.53215,N,NULL,NULL,NULL,NULL,NULL,NULL,NULL,NULL,1,3,4,6,1,1,2,2,7,3,Y,NULL,Y,Y,1450,1453,1638,N,NULL,55,,1,Y,,N,N,098-US-0023-0,NULL,NULL,2023,C,7.29E+11,098-US-0023  -000,HIGH,098-US-0023  -000,26.225,0,0,0,1,0,0,0,1,0,0,0,0,0,1,Non-DAC,1,0,195-0861,1
72554451,980100,2.02E+11,20200925,2105,,US23,,,US0023,US0023,,,,N,N,NULL,NULL,NULL,N,NULL,NULL,NULL,NULL,NULL,NULL,31.651,NULL,NULL,NULL,NULL,,NULL,0,0,1,1,N,N,55,NULL,98,9801,NULL,,Y,37.537,-82.6025,N,NULL,NULL,NULL,NULL,NULL,NULL,NULL,NULL,9,3,4,6,1,1,2,6,7,1,N,NULL,Y,N,2105,2118,2118,N,NULL,38,,1,N,,N,N,,NULL,NULL,2020,O,7.26E+11,098-US-0023  -010,MEDIUM,098-US-0023  -000,31.651,0,0,0,1,0,0,1,0,0,0,0,0,0,1,Non-DAC,0,1,,
72826780,980100,2.02E+11,20221030,1930,,US23 NORTH,,,,,,,,N,N,NULL,NULL,NULL,N,NULL,NULL,NULL,NULL,NULL,NULL,,NULL,NULL,NULL,NULL,NULL,NULL,2,0,2,2,N,N,55,NULL,98,9801,NULL,,Y,37.49216,-82.53484,N,NULL,NULL,NULL,NULL,NULL,NULL,NULL,NULL,3,3,4,6,1,1,2,7,1,3,Y,NULL,Y,Y,1930,1930,2034,N,NULL,52,,,Y,,N,N,,NULL,NULL,2022,A,7.28E+11,098-US-0023  -000,MEDIUM,098-US-0023  -000,25.343,0,0,0,0,0,0,0,0,1,0,0,1,0,1,Non-DAC,1,0,195-0924,1