MasterFile,AgencyORINumber,LocalCode,CollisionDate,CollisionTime,CollisionDayWeekCode,RoadwayName,RoadwayName_Direction_,RoadwayName_RoadwaySuffix_,RoadwayfromReport,CurrentRoadwayNumber,RoadwayNumberCoupletID,RSEUniqueGIS,RoadwayIdentifier,ParkingLotIndicator,IntersectionWith_Indicator_,IntersectionWith_NameRoadway_,IntersectionWith_Direction_,IntersectionWith_RoadwaySuffix_,BetweenStreets_Indicator_,BetweenStreets1_NameRoadway_,BetweenStreet1_Direction_,BetweenStreets1_RoadwaySuffix_,BetweenStreets2_NameRoadway_,BetweenStreets2_Direction_,BetweenStreets2_RoadwaySuffix_,Milepoint,ReportMilepointDeriveNumber,CurrentDerivedMiepointNumber,MilestoMilepoint,FeettoMilepoint,DirectionfromMilepoint_NSEW_,ValidMilepointIndicator,NumberInjured,NumberKilled,ofUnits,ofMotorVehicleUnits,Hit&RunIndicator,OneWayIndicator,SpeedLimitNumber,KilometersIndicator,CountyCode,CityCountyCode,MilesFromCity,DirectionFromCity_NSEW_,InCityLimitsIndicator,Latitude,Longitude,RampIndicator,RampFromIdentifier,RampFromDirCode,RampFromCoupletID,RSEUniqueGISRampFrom,RampToidentifier,RampToDirCode,RampToCoupletID,RSEUniqueGisRampTo,MannerofCollisionCode,LocationFirstEventCode,TotalLanes,RoadwayCharacterCode,RoadwaySurfaceCode,RoadwayConditionCode,WeatherCode,LightConditionCode,LandUseCode,SchoolBusRelatedCode,FirstAidSceneIndicator,CollDescPresentInd,InvestigationCompleteIndicator,PhotosTakenIndicator,TimeNotified,TimeArrived,TimeRoadwayOpened,PropertyDamageIndicator,DiagramPresentIndicator,DirectionalAnalysis,FunctionClassCode,NationalHwySysCode,EnforcementsIndicator,KARSCityCode,SecondaryCollisionIndicator,MedianCrossoverIndicator,RT_UNIQUE,MapIt,TimeLastLeft,YR,KABCO,MFNY,WorkingRID,RT_CONFIDENCE,KTC_RT,KTC_MP,Motorcyclist,Commercial Vehicle,Young Driver,Mature Driver,Pedestrian,Bicyclist,Distracted,Aggressive,Impaired,Unrestrained,Intersection,Roadway Departure,Median Cross-over,CityCrash,DACid,Intersection Crash,Segment Crash,Int_ID,CityIntersection
72681116,980100,2.02E+11,20211010,1337,,HAMBLEY,,BLVD,,,0,098 CS-1222,CS1222,N,N,NULL,NULL,NULL,N,NULL,NULL,NULL,NULL,NULL,NULL,0.151,NULL,NULL,NULL,NULL,,NULL,0,0,2,2,N,N,25,NULL,98,9801,NULL,,Y,37.47484,-82.52477,N,NULL,NULL,NULL,NULL,NULL,NULL,NULL,NULL,7,7,3,6,1,1,2,2,6,3,N,NULL,Y,N,1337,1337,,N,NULL,47,,,Y,,N,N,098-CS-1222-0,NULL,NULL,2021,O,7.27E+11,098-CS-1222  -000,HIGH,098-CS-1222  -000,0.151,0,0,0,0,0,0,0,0,1,0,0,0,0,1,DAC,0,1,,
72444988,980100,2.02E+11,20191127,1442,,US23,,,US0023,US0023,0,098 US-23,US0023,N,Y,MAYO,,CIR,N,NULL,NULL,NULL,NULL,NULL,NULL,22.509,NULL,NULL,NULL,NULL,,NULL,5,0,2,2,N,N,55,NULL,98,9801,NULL,,Y,37.46392,-82.51894,N,NULL,NULL,NULL,NULL,NULL,NULL,NULL,NULL,5,3,4,6,1,1,2,2,1,3,Y,NULL,Y,Y,1444,1448,1529,Y,NULL,35,,1,N,,N,N,098-US-0023-0,NULL,NULL,2019,C,7.24E+11,098-US-0023  -000,HIGH,098-US-0023  -000,22.509,0,0,0,0,0,0,1,0,0,0,1,0,0,1,Non-DAC,0,1,,
72805570,980100,2.02E+11,20220914,559,,US23,,,US0023,US0023,0,098 US-23,US0023,N,N,NULL,NULL,NULL,N,NULL,NULL,NULL,NULL,NULL,NULL,26.203,NULL,NULL,NULL,NULL,,NULL,0,0,2,2,N,N,55,NULL,98,9801,NULL,,Y,37.50252,-82.532,N,NULL,NULL,NULL,NULL,NULL,NULL,NULL,NULL,8,3,4,6,1,1,2,6,7,3,N,NULL,Y,N,559,603,603,N,NULL,53,,1,N,,N,N,098-US-0023-0,NULL,NULL,2022,O,7.28E+11,098-US-0023  -000,HIGH,098-US-0023  -000,26.203,0,0,1,0,0,0,0,0,0,0,0,1,0,1,Non-DAC,1,0,195-0861,1
72632769,KSP0900,21-227626,20210604,228,,US23,,,US0023,US0023,0,098 US-23-10,US0023,N,N,NULL,NULL,NULL,N,NULL,NULL,NULL,NULL,NULL,NULL,26.402,NULL,NULL,NULL,NULL,,NULL,1,0,1,1,N,N,55,NULL,98,9801,NULL,,Y,37.50529,-82.53271,N,NULL,NULL,NULL,NULL,NULL,NULL,NULL,NULL,9,3,4,6,1,1,2,5,7,3,Y,NULL,N,Y,228,228,240,N,NULL,70,,1,N,,N,N,098-US-0023-10,NULL,NULL,2021,C,7.26E+11,098-US-0023  -010,HIGH,098-US-0023  -000,26.402,0,0,0,0,0,0,0,0,1,1,0,1,0,1,Non-DAC,0,1,,
72798933,980100,2.02E+11,20220806,925,,OWSLEY,,RD,KY1384,KY1384,0,098 KY-1384,KY1384,N,N,NULL,NULL,NULL,N,NULL,NULL,NULL,NULL,NULL,NULL,5.957,NULL,NULL,NULL,NULL,,NULL,0,0,1,1,Y,N,35,NULL,98,9801,NULL,,Y,37.47704,-82.55663,N,NULL,NULL,NULL,NULL,NULL,NULL,NULL,NULL,9,3,2,6,1,1,2,7,1,3,N,NULL,N,N,925,928,,Y,NULL,70,17,0,N,,N,N,098-KY-1384-0,NULL,NULL,2022,O,7.28E+11,098-KY-1384  -000,HIGH,098-KY-1384  -000,5.957,0,0,0,0,0,0,0,0,0,0,0,0,0,1,Non-DAC,0,1,,
72772041,980100,2.02E+11,20220604,1210,,US23,,,US0023,US0023,0,098 US-23-10,US0023,N,N,NULL,NULL,NULL,N,NULL,NULL,NULL,NULL,NULL,NULL,27.393,NULL,NULL,NULL,NULL,,NULL,0,0,2,2,Y,N,55,NULL,98,9807,NULL,,Y,37.51088,-82.54909,N,NULL,NULL,NULL,NULL,NULL,NULL,NULL,NULL,5,3,4,6,1,1,2,2,7,3,N,NULL,N,N,1210,1214,1214,N,NULL,49,,1,N,,N,N,098-US-0023-10,NULL,NULL,2022,O,7.28E+11,098-US-0023  -010,HIGH,098-US-0023  -000,27.393,1,0,0,1,0,0,1,0,0,0,0,1,0,1,Non-DAC,1,0,195-0811,1
72766824,980100,2.02E+11,20220523,1739,,THOMPSON,,RD,,,0,098 CS-1215,CS1215,N,N,NULL,NULL,NULL,N,NULL,NULL,NULL,NULL,NULL,NULL,0.044,NULL,NULL,NULL,NULL,,NULL,0,0,2,2,N,N,35,NULL,98,9801,NULL,,Y,37.51016,-82.54824,N,NULL,NULL,NULL,NULL,NULL,NULL,NULL,NULL,5,3,2,6,1,5,6,2,1,3,N,NULL,Y,N,1715,1720,1720,N,NULL,49,,,Y,,N,N,098-CS-1215-0,NULL,NULL,2022,O,7.28E+11,098-CS-1215  -000,HIGH,098-CS-1215  -000,0.044,0,0,0,1,0,0,1,0,0,0,0,0,0,1,Non-DAC,1,0,195-0812,1
72594988,980100,2.02E+11,20210216,747,,US23,,,US0023,US0023,0,098 US-23,US0023,N,N,NULL,NULL,NULL,N,NULL,NULL,NULL,NULL,NULL,NULL,23.704,NULL,NULL,NULL,NULL,,NULL,0,0,1,1,N,N,55,NULL,98,9801,NULL,,Y,37.47272,-82.53463,N,NULL,NULL,NULL,NULL,NULL,NULL,NULL,NULL,9,5,4,6,1,2,3,2,7,3,N,NULL,Y,N,747,750,800,N,NULL,40,,1,N,,N,N,098-US-0023-0,NULL,NULL,2021,O,7.26E+11,098-US-0023  -000,HIGH,098-US-0023  -000,23.704,0,0,0,0,0,0,0,0,0,0,0,1,0,1,DAC,0,1,,
72567760,980100,2.02E+11,20201120,1758,,CASSIDY,,BLVD,,,,,,N,N,NULL,NULL,NULL,N,NULL,NULL,NULL,NULL,NULL,NULL,0.203,NULL,NULL,NULL,NULL,,NULL,0,0,2,2,N,Y,15,NULL,98,9801,NULL,,Y,37.50406,-82.53528,N,NULL,NULL,NULL,NULL,NULL,NULL,NULL,NULL,1,97,4,6,1,1,2,5,1,3,N,NULL,N,N,1758,1805,1805,N,NULL,55,,,N,,N,N,,NULL,NULL,2020,O,7.26E+11,098-CS-1191  -000,LOW,098-CS-1191  -000,0.203,0,0,1,0,0,0,1,0,0,0,0,0,0,1,Non-DAC,0,1,,
72659719,980100,2.02E+11,20210725,1552,,MAYO,S,TRL,US0023,US0023,0,098 US-23-10,US0023,N,N,NULL,NULL,NULL,N,NULL,NULL,NULL,NULL,NULL,NULL,19.804,NULL,NULL,NULL,NULL,,NULL,6,2,3,3,N,N,55,NULL,98,9801,NULL,,Y,37.44988,-82.50865,N,NULL,NULL,NULL,NULL,NULL,NULL,NULL,NULL,1,3,4,3,1,5,6,2,7,3,Y,NULL,Y,Y,1554,1558,1852,N,NULL,55,,1,N,,N,Y,098-US-0023-10,NULL,NULL,2021,K,7.27E+11,098-US-0023  -010,HIGH,098-US-0023  -000,19.804,0,0,0,0,0,0,0,1,0,1,0,1,1,1,Non-DAC,0,1,,
72620296,980100,2.02E+11,20210407,1808,,US23,,,US0023,US0023,0,098 US-23-10,US0023,N,Y,CEDAR HILLS,,RD,N,NULL,NULL,NULL,NULL,NULL,NULL,22.941,NULL,NULL,NULL,NULL,,NULL,1,0,2,2,N,N,55,NULL,98,9801,NULL,,Y,37.46535,-82.52596,N,NULL,NULL,NULL,NULL,NULL,NULL,NULL,NULL,4,3,4,6,1,1,2,2,7,3,Y,NULL,Y,Y,1808,1810,2032,N,NULL,16,,1,N,,N,N,098-US-0023-10,NULL,NULL,2021,A,7.26E+11,098-US-0023  -010,HIGH,098-US-0023  -000,22.941,1,0,0,0,0,0,1,1,0,0,1,0,0,1,DAC,0,1,,
72467617,980100,2.02E+11,20200124,2119,,US23,,,US0023,US0023,,,,N,N,NULL,NULL,NULL,N,NULL,NULL,NULL,NULL,NULL,NULL,26.333,NULL,NULL,NULL,NULL,,NULL,1,0,2,2,N,N,55,NULL,98,9801,NULL,,Y,37.50436,-82.53243,N,NULL,NULL,NULL,NULL,NULL,NULL,NULL,NULL,5,3,4,6,1,5,6,5,1,3,Y,NULL,Y,Y,2119,2125,2147,N,NULL,49,,1,N,,N,N,,NULL,NULL,2020,C,7.25E+11,098-US-0023  -010,MEDIUM,098-US-0023  -000,26.333,0,0,1,0,0,0,1,0,0,0,0,0,0,1,Non-DAC,0,1,,
72746881,980100,2.02E+11,20220327,2336,,KY3496,,,KY3496,KY3496,0,098 KY-3496,KY3496,N,N,NULL,NULL,NULL,N,NULL,NULL,NULL,NULL,NULL,NULL,0.233,NULL,NULL,NULL,NULL,,NULL,0,0,2,2,Y,N,35,NULL,98,9801,NULL,,Y,37.46681,-82.53168,N,NULL,NULL,NULL,NULL,NULL,NULL,NULL,NULL,5,3,2,3,1,1,2,5,1,3,N,NULL,Y,N,2337,2340,2340,N,NULL,49,16,0,N,,N,N,098-KY-3496-0,NULL,NULL,2022,O,7.27E+11,098-KY-3496  -000,HIGH,098-KY-3496  -000,0.233,0,0,0,0,0,0,0,0,0,0,0,0,0,1,DAC,0,1,,
72781522,980100,2.02E+11,20220709,1806,,HUFFMAN,,AVE,,,0,098 CS-1123,CS1123,N,Y,MAIN,,ST,N,NULL,NULL,NULL,NULL,NULL,NULL,0.096,NULL,NULL,NULL,NULL,,NULL,0,0,2,2,N,N,25,NULL,98,9801,NULL,,Y,37.47774,-82.51854,N,NULL,NULL,NULL,NULL,NULL,NULL,NULL,NULL,5,3,3,6,1,5,3,2,1,3,N,NULL,Y,N,1806,1806,1806,N,NULL,35,,,N,,N,N,098-CS-1123-0,NULL,NULL,2022,O,7.28E+11,098-CS-1123  -000,HIGH,098-CS-1123  -000,0.096,0,0,0,0,0,0,1,1,0,0,1,0,0,1,DAC,1,0,195-1117,1
72607840,980100,2.02E+11,20210322,2226,,CHLOE,,RD,KY1460,KY1460,,,,N,N,NULL,NULL,NULL,N,NULL,NULL,NULL,NULL,NULL,NULL,4.414,NULL,NULL,NULL,NULL,,NULL,0,0,1,1,N,N,35,NULL,98,9801,NULL,,Y,37.47733,-82.50388,N,NULL,NULL,NULL,NULL,NULL,NULL,NULL,NULL,9,6,2,3,1,1,2,6,7,3,N,NULL,Y,N,2226,2229,2229,N,NULL,44,,0,N,,N,N,,NULL,NULL,2021,O,7.26E+11,098-KY-1460  -000,HIGH,098-KY-1460  -000,4.414,0,0,0,1,0,0,0,0,0,0,0,1,0,1,Non-DAC,0,1,,
72718978,980100,2.02E+11,20220105,1347,,US23,,,US0023,US0023,0,098 US-23-10,US0023,N,N,NULL,NULL,NULL,N,NULL,NULL,NULL,NULL,NULL,NULL,24.673,NULL,NULL,NULL,NULL,,NULL,1,0,2,2,N,N,55,NULL,98,9801,NULL,,Y,37.48396,-82.54311,N,NULL,NULL,NULL,NULL,NULL,NULL,NULL,NULL,8,3,4,6,1,1,2,2,1,3,Y,NULL,Y,Y,1347,1355,,N,NULL,53,,1,N,,N,N,098-US-0023-10,NULL,NULL,2022,B,7.27E+11,098-US-0023  -010,HIGH,098-US-0023  -000,24.673,0,0,0,1,0,0,1,0,0,0,0,1,0,1,Non-DAC,0,1,,
72676306,980100,2.02E+11,20210917,724,,US23,,,US0023,US0023,,,,N,N,NULL,NULL,NULL,N,NULL,NULL,NULL,NULL,NULL,NULL,26.37,NULL,NULL,NULL,NULL,,NULL,0,0,2,2,N,N,55,NULL,98,9801,NULL,,Y,37.50486,-82.53255,N,NULL,NULL,NULL,NULL,NULL,NULL,NULL,NULL,5,3,4,6,1,1,2,2,7,3,N,NULL,Y,N,724,730,730,N,NULL,49,,1,N,,N,N,,NULL,NULL,2021,O,7.27E+11,098-US-0023  -010,MEDIUM,098-US-0023  -000,26.37,0,0,0,0,0,0,1,0,0,0,0,0,0,1,Non-DAC,0,1,,
72615102,980100,2.02E+11,20210415,1446,,US23 CONNECTOR TO US460,,,US0023,US0023,0,098 US-23-71,US0023,N,N,NULL,NULL,NULL,N,NULL,NULL,NULL,NULL,NULL,NULL,0.009,NULL,NULL,NULL,NULL,,NULL,1,0,2,2,N,N,55,NULL,98,9801,NULL,,Y,37.43886,-82.50919,N,NULL,NULL,NULL,NULL,NULL,NULL,NULL,NULL,5,3,4,2,1,1,2,2,7,3,Y,NULL,Y,Y,1446,1451,,N,NULL,49,,1,N,,N,N,098-US-0023-71,NULL,NULL,2021,C,7.26E+11,098-US-0023  -071,HIGH,098-US-0023  -071,0.009,0,0,0,0,0,0,1,0,0,0,0,0,0,1,Non-DAC,1,0,195-1308,1
72881206,980100,2.02E+11,20230330,1209,,2ND,,ST,,,0,098 CS-1117,CS1117,N,N,NULL,NULL,NULL,N,NULL,NULL,NULL,NULL,NULL,NULL,0.023,NULL,NULL,NULL,NULL,,NULL,0,0,1,1,N,N,10,NULL,98,9801,NULL,,Y,37.48321,-82.51577,N,NULL,NULL,NULL,NULL,NULL,NULL,NULL,NULL,9,4,1,6,97,1,2,2,1,3,N,NULL,Y,N,1209,1211,1212,Y,NULL,41,,,N,,N,N,098-CS-1117-0,NULL,NULL,2023,O,7.29E+11,098-CS-1117  -000,HIGH,098-CS-1117  -000,0,0,0,0,1,0,0,1,0,0,0,0,1,0,1,DAC,0,1,,
72472796,980100,2.02E+11,20200202,1644,,BYPASS,S,RD,KY1426,KY1426,,,,N,N,NULL,NULL,NULL,N,NULL,NULL,NULL,NULL,NULL,NULL,5.795,NULL,NULL,NULL,NULL,,NULL,0,0,2,2,N,N,35,NULL,98,9801,NULL,,Y,37.47342,-82.5211,N,NULL,NULL,NULL,NULL,NULL,NULL,NULL,NULL,5,3,2,6,1,1,2,2,1,3,N,NULL,Y,N,1644,1652,1704,N,NULL,49,,0,N,,N,N,,NULL,NULL,2020,O,7.25E+11,098-KY-1426  -000,HIGH,098-KY-1426  -000,5.795,0,0,0,1,0,0,0,0,0,0,0,0,0,1,DAC,0,1,,
72517856,980100,2.02E+11,20200701,1742,,US23,,,US0023,US0023,,,,N,N,NULL,NULL,NULL,N,NULL,NULL,NULL,NULL,NULL,NULL,23.072,NULL,NULL,NULL,NULL,,NULL,0,0,2,2,N,N,55,NULL,98,9801,NULL,,Y,37.46598,-82.52821,N,NULL,NULL,NULL,NULL,NULL,NULL,NULL,NULL,8,3,4,6,1,1,2,2,1,3,N,NULL,Y,N,1751,1752,1752,N,NULL,53,,1,N,,N,N,,NULL,NULL,2020,O,7.25E+11,098-US-0023  -000,MEDIUM,098-US-0023  -000,23.072,0,0,0,0,0,0,0,0,0,0,0,1,0,1,DAC,0,1,,
72598149,980100,2.02E+11,20210225,1323,,US23,,,US0023,US0023,0,098 US-23-10,US0023,N,N,NULL,NULL,NULL,N,NULL,NULL,NULL,NULL,NULL,NULL,26.26,NULL,NULL,NULL,NULL,,NULL,0,0,2,2,Y,N,55,NULL,98,9801,NULL,,Y,37.5034,-82.53232,N,NULL,NULL,NULL,NULL,NULL,NULL,NULL,NULL,8,3,4,6,1,1,2,2,7,3,N,NULL,Y,N,1323,1332,1332,N,NULL,53,,1,N,,N,N,098-US-0023-10,NULL,NULL,2021,O,7.26E+11,098-US-0023  -010,HIGH,098-US-0023  -000,26.26,0,0,0,1,0,0,0,0,0,0,0,1,0,1,Non-DAC,1,0,195-0861,1
72729731,980100,2.02E+11,20220210,1605,,US23,,,US0023,US0023,0,098 US-23-10,US0023,N,N,NULL,NULL,NULL,N,NULL,NULL,NULL,NULL,NULL,NULL,26.318,NULL,NULL,NULL,NULL,,NULL,0,0,2,2,N,N,55,NULL,98,9801,NULL,,Y,37.50415,-82.53241,N,NULL,NULL,NULL,NULL,NULL,NULL,NULL,NULL,5,3,4,6,1,1,2,2,7,3,N,NULL,Y,N,1605,1610,1610,N,NULL,70,,1,N,,N,N,098-US-0023-10,NULL,NULL,2022,O,7.27E+11,098-US-0023  -010,HIGH,098-US-0023  -000,26.318,0,0,0,0,0,0,1,0,0,0,0,0,0,1,Non-DAC,0,1,,
72523846,980100,2.02E+11,20200717,1410,,US23,,,US0023,US0023,0,098 US-23-10,US0023,N,N,NULL,NULL,NULL,N,NULL,NULL,NULL,NULL,NULL,NULL,23.1,NULL,NULL,NULL,NULL,,NULL,0,0,2,2,N,N,55,NULL,98,9801,NULL,,Y,37.46597,-82.52871,N,NULL,NULL,NULL,NULL,NULL,NULL,NULL,NULL,5,3,4,6,1,5,3,2,1,3,N,NULL,Y,N,1410,1414,,N,NULL,49,,1,N,,N,N,098-US-0023-10,NULL,NULL,2020,O,7.25E+11,098-US-0023  -010,HIGH,098-US-0023  -000,23.1,0,0,0,0,0,0,0,0,0,0,0,0,0,1,DAC,0,1,,
72707893,980100,2.02E+11,20211210,1912,,US460,,,US0460,US0460,,,,N,N,NULL,NULL,NULL,N,NULL,NULL,NULL,NULL,NULL,NULL,0.26,NULL,NULL,NULL,NULL,,NULL,1,0,2,2,N,N,35,NULL,98,9801,NULL,,Y,37.43869,-82.51006,N,NULL,NULL,NULL,NULL,NULL,NULL,NULL,NULL,1,3,2,6,1,5,3,5,1,3,Y,NULL,Y,Y,1912,1918,2002,N,NULL,55,,1,N,,N,N,,NULL,NULL,2021,B,7.27E+11,098-US-0460  -000,MEDIUM,098-US-0460  -000,0.26,0,0,0,0,0,0,1,0,0,0,0,0,0,1,Non-DAC,1,0,195-1309,1
72559384,980100,2.02E+11,20201031,2200,,US23,,,US0023,US0023,,,,N,N,NULL,NULL,NULL,N,NULL,NULL,NULL,NULL,NULL,NULL,30.983,NULL,NULL,NULL,NULL,,NULL,0,0,1,1,N,N,55,NULL,98,9801,NULL,,Y,37.53974,-82.59268,N,NULL,NULL,NULL,NULL,NULL,NULL,NULL,NULL,9,3,4,3,1,1,2,5,7,3,N,NULL,Y,N,2155,2200,2223,N,NULL,38,,1,N,,N,N,,NULL,NULL,2020,O,7.26E+11,098-US-0023  -000,MEDIUM,098-US-0023  -000,30.983,0,0,0,0,0,0,0,0,0,0,0,0,0,1,Non-DAC,0,1,,
72726030,980100,2.02E+11,20220128,1233,,CASSIDY,,BLVD,,,0,098 CS-1191,CS1191,N,N,NULL,NULL,NULL,N,NULL,NULL,NULL,NULL,NULL,NULL,0.047,NULL,NULL,NULL,NULL,,NULL,0,0,2,2,N,N,35,NULL,98,9801,NULL,,Y,37.50368,-82.53292,N,NULL,NULL,NULL,NULL,NULL,NULL,NULL,NULL,1,3,2,6,1,5,9,2,1,3,N,NULL,Y,N,1233,1240,,N,NULL,55,,,N,,N,N,098-CS-1191-0,NULL,NULL,2022,O,7.27E+11,098-CS-1191  -000,HIGH,098-CS-1191  -000,0.047,0,0,0,0,0,0,1,0,0,0,0,0,0,1,Non-DAC,1,0,195-0861,1
72727125,980100,2.02E+11,20220129,2304,,COLLEGE,N,ST,,,,,,N,N,NULL,NULL,NULL,N,NULL,NULL,NULL,NULL,NULL,NULL,0.068,NULL,NULL,NULL,NULL,,NULL,0,0,2,2,N,N,25,NULL,98,9801,NULL,,Y,37.47657,-82.52129,N,NULL,NULL,NULL,NULL,NULL,NULL,NULL,NULL,1,3,2,6,1,1,2,5,7,3,N,NULL,Y,N,2304,2308,6,N,NULL,55,,,N,,N,N,,NULL,NULL,2022,O,7.27E+11,098-CS-1108  -000,LOW,098-CS-1108  -000,0.068,0,0,0,0,0,0,1,1,0,0,0,0,0,1,DAC,1,0,195-1134,1
72604322,980100,2.02E+11,20210312,1842,,HAMBLEY,,BLVD,,,0,098 CS-1222,CS1222,N,N,NULL,NULL,NULL,N,NULL,NULL,NULL,NULL,NULL,NULL,0.118,NULL,NULL,NULL,NULL,,NULL,0,0,2,2,Y,N,25,NULL,98,9801,NULL,,Y,37.47464,-82.52528,N,NULL,NULL,NULL,NULL,NULL,NULL,NULL,NULL,8,3,2,6,1,1,2,2,6,3,N,NULL,Y,N,1842,1842,,N,NULL,47,,,Y,,N,N,098-CS-1222-0,NULL,NULL,2021,O,7.26E+11,098-CS-1222  -000,HIGH,098-CS-1222  -000,0.118,0,0,0,0,0,0,0,0,1,0,0,0,0,1,DAC,1,0,195-1160,1
72736144,980100,2.02E+11,20220221,1743,,HAMBLEY,,BLVD,,,0,098 CS-1222,CS1222,N,N,NULL,NULL,NULL,N,NULL,NULL,NULL,NULL,NULL,NULL,0.635,NULL,NULL,NULL,NULL,,NULL,0,0,2,2,Y,N,25,NULL,98,9801,NULL,,Y,37.48013,-82.5192,N,NULL,NULL,NULL,NULL,NULL,NULL,NULL,NULL,7,7,2,6,1,1,2,2,1,3,N,NULL,Y,N,1743,1745,1558,N,NULL,47,,,N,,N,N,098-CS-1222-0,NULL,NULL,2022,O,7.27E+11,098-CS-1222  -000,HIGH,098-CS-1222  -000,0.635,0,0,0,0,0,0,0,0,0,0,0,0,0,1,DAC,1,0,195-1083,1
72553761,980100,2.02E+11,20201016,1800,,US23,,,US0023,US0023,,,,N,N,NULL,NULL,NULL,N,NULL,NULL,NULL,NULL,NULL,NULL,30.584,NULL,NULL,NULL,NULL,,NULL,0,0,2,2,N,N,55,NULL,98,9801,NULL,,Y,37.54279,-82.58644,N,NULL,NULL,NULL,NULL,NULL,NULL,NULL,NULL,8,3,4,3,1,1,2,2,7,3,N,NULL,Y,N,1800,1811,1811,N,NULL,53,,1,N,,N,N,,NULL,NULL,2020,O,7.26E+11,098-US-0023  -000,HIGH,098-US-0023  -000,30.584,0,0,1,0,0,0,1,1,0,0,0,1,0,1,Non-DAC,0,1,,
72661835,980100,2.02E+11,20210817,1108,,CASSIDY,,BLVD,,,0,098 CS-1191,CS1191,N,N,NULL,NULL,NULL,N,NULL,NULL,NULL,NULL,NULL,NULL,0.046,NULL,NULL,NULL,NULL,,NULL,2,0,2,2,N,N,25,NULL,98,9801,NULL,,Y,37.5037,-82.53291,N,NULL,NULL,NULL,NULL,NULL,NULL,NULL,NULL,1,3,3,6,1,5,3,2,1,3,Y,NULL,Y,Y,1110,1116,1118,N,NULL,55,,,N,,N,N,098-CS-1191-0,NULL,NULL,2021,C,7.27E+11,098-CS-1191  -000,HIGH,098-CS-1191  -000,0.046,0,0,1,0,0,0,1,0,0,0,0,0,0,1,Non-DAC,1,0,195-0861,1
72741257,980100,2.02E+11,20220315,1700,,US23,,,US0023,US0023,,,,N,N,NULL,NULL,NULL,N,NULL,NULL,NULL,NULL,NULL,NULL,31.582,NULL,NULL,NULL,NULL,,NULL,0,0,2,2,N,N,55,NULL,98,9801,NULL,,Y,37.53695,-82.60123,N,NULL,NULL,NULL,NULL,NULL,NULL,NULL,NULL,5,3,4,6,1,1,2,2,1,3,N,NULL,Y,N,1651,1713,1713,N,NULL,49,,1,N,,N,N,,NULL,NULL,2022,O,7.27E+11,098-US-0023  -000,MEDIUM,098-US-0023  -000,31.582,1,0,0,0,0,0,0,1,0,0,0,0,0,1,Non-DAC,1,0,195-0620,1
72475036,980100,2.02E+11,20200210,1251,,HAMBLEY,,BLVD,,,0,098 CS-1222,CS1222,N,N,NULL,NULL,NULL,N,NULL,NULL,NULL,NULL,NULL,NULL,1.683,NULL,NULL,NULL,NULL,,NULL,0,0,2,2,N,N,35,NULL,98,9801,NULL,,Y,37.48185,-82.53324,N,NULL,NULL,NULL,NULL,NULL,NULL,NULL,NULL,1,3,2,6,1,5,6,2,7,3,N,NULL,Y,N,1252,1256,1256,N,NULL,55,,,N,,N,N,098-CS-1222-0,NULL,NULL,2020,O,7.25E+11,098-CS-1222  -000,HIGH,098-CS-1222  -000,1.683,0,0,0,0,0,0,1,0,0,0,0,0,0,1,DAC,1,0,195-1064,1
72745791,KSP0900,22-99037,20220318,1623,,US23,,,US0023,US0023,0,098 US-23,US0023,N,N,NULL,NULL,NULL,N,NULL,NULL,NULL,NULL,NULL,NULL,30.545,NULL,NULL,NULL,NULL,,NULL,0,0,2,2,N,N,55,NULL,98,9801,NULL,,Y,37.54264,-82.58575,N,NULL,NULL,NULL,NULL,NULL,NULL,NULL,NULL,3,5,4,3,1,1,2,2,1,3,N,NULL,Y,N,1605,1640,1640,N,NULL,51,,1,N,,N,N,098-US-0023-0,NULL,NULL,2022,O,7.27E+11,098-US-0023  -000,HIGH,098-US-0023  -000,30.545,0,0,0,0,0,0,0,0,0,0,0,1,0,1,Non-DAC,0,1,,
72476075,980100,2.02E+11,20200211,1537,,US23,,,US0023,US0023,,,,N,N,NULL,NULL,NULL,N,NULL,NULL,NULL,NULL,NULL,NULL,26.232,NULL,NULL,NULL,NULL,,NULL,3,0,2,2,N,N,55,NULL,98,9801,NULL,,Y,37.50293,-82.53205,N,NULL,NULL,NULL,NULL,NULL,NULL,NULL,NULL,5,3,4,6,1,5,3,2,7,3,Y,NULL,Y,Y,1537,1537,,N,NULL,70,,1,Y,,N,N,,NULL,NULL,2020,C,7.25E+11,098-US-0023  -000,MEDIUM,098-US-0023  -000,26.232,0,1,0,0,0,0,1,0,0,0,0,0,0,1,Non-DAC,1,0,195-0861,1
72625400,980100,2.02E+11,20210515,1558,,MT CHASE,,DR,,,0,098 CS-1179,CS1179,N,N,NULL,NULL,NULL,N,NULL,NULL,NULL,NULL,NULL,NULL,0.057,NULL,NULL,NULL,NULL,,NULL,0,0,2,2,N,N,15,NULL,98,9801,NULL,,Y,37.48312,-82.52866,N,NULL,NULL,NULL,NULL,NULL,NULL,NULL,NULL,2,7,2,4,1,1,2,2,6,3,N,NULL,Y,N,1558,1604,,N,NULL,47,,,N,,N,N,098-CS-1179-0,NULL,NULL,2021,O,7.26E+11,098-CS-1179  -000,HIGH,098-CS-1179  -000,0.057,0,0,0,0,0,0,1,0,0,0,0,0,0,1,DAC,0,1,,