MasterFile,AgencyORINumber,LocalCode,CollisionDate,CollisionTime,CollisionDayWeekCode,RoadwayName,RoadwayName_Direction_,RoadwayName_RoadwaySuffix_,RoadwayfromReport,CurrentRoadwayNumber,RoadwayNumberCoupletID,RSEUniqueGIS,RoadwayIdentifier,ParkingLotIndicator,IntersectionWith_Indicator_,IntersectionWith_NameRoadway_,IntersectionWith_Direction_,IntersectionWith_RoadwaySuffix_,BetweenStreets_Indicator_,BetweenStreets1_NameRoadway_,BetweenStreet1_Direction_,BetweenStreets1_RoadwaySuffix_,BetweenStreets2_NameRoadway_,BetweenStreets2_Direction_,BetweenStreets2_RoadwaySuffix_,Milepoint,ReportMilepointDeriveNumber,CurrentDerivedMiepointNumber,MilestoMilepoint,FeettoMilepoint,DirectionfromMilepoint_NSEW_,ValidMilepointIndicator,NumberInjured,NumberKilled,ofUnits,ofMotorVehicleUnits,Hit&RunIndicator,OneWayIndicator,SpeedLimitNumber,KilometersIndicator,CountyCode,CityCountyCode,MilesFromCity,DirectionFromCity_NSEW_,InCityLimitsIndicator,Latitude,Longitude,RampIndicator,RampFromIdentifier,RampFromDirCode,RampFromCoupletID,RSEUniqueGISRampFrom,RampToidentifier,RampToDirCode,RampToCoupletID,RSEUniqueGisRampTo,MannerofCollisionCode,LocationFirstEventCode,TotalLanes,RoadwayCharacterCode,RoadwaySurfaceCode,RoadwayConditionCode,WeatherCode,LightConditionCode,LandUseCode,SchoolBusRelatedCode,FirstAidSceneIndicator,CollDescPresentInd,InvestigationCompleteIndicator,PhotosTakenIndicator,TimeNotified,TimeArrived,TimeRoadwayOpened,PropertyDamageIndicator,DiagramPresentIndicator,DirectionalAnalysis,FunctionClassCode,NationalHwySysCode,EnforcementsIndicator,KARSCityCode,SecondaryCollisionIndicator,MedianCrossoverIndicator,RT_UNIQUE,MapIt,TimeLastLeft,YR,KABCO,MFNY,WorkingRID,RT_CONFIDENCE,KTC_RT,KTC_MP,Motorcyclist,Commercial Vehicle,Young Driver,Mature Driver,Pedestrian,Bicyclist,Distracted,Aggressive,Impaired,Unrestrained,Intersection,Roadway Departure,Median Cross-over,CityCrash,DACid,Intersection Crash,Segment Crash,Int_ID,CityIntersection
72567388,980100,2.02E+11,20201118,1710,,US460,,,US0460,US0460,0,098 US-460,US0460,N,N,NULL,NULL,NULL,N,NULL,NULL,NULL,NULL,NULL,NULL,0.232,NULL,NULL,NULL,NULL,,NULL,1,0,2,2,N,N,55,NULL,98,9801,NULL,,Y,37.43921,-82.50954,N,NULL,NULL,NULL,NULL,NULL,NULL,NULL,NULL,1,3,2,6,1,1,2,5,7,3,Y,NULL,Y,Y,1710,1723,1808,N,NULL,55,,1,N,,N,N,098-US-0460-0,NULL,NULL,2020,C,7.26E+11,098-US-0460  -000,HIGH,098-US-0460  -000,0.232,0,0,1,0,0,0,1,0,0,0,0,0,0,1,Non-DAC,1,0,195-1307,1
72685968,980100,2.02E+11,20211021,742,,HAMBLEY,,BLVD,,,0,098 CS-1222,CS1222,N,N,NULL,NULL,NULL,N,NULL,NULL,NULL,NULL,NULL,NULL,0.243,NULL,NULL,NULL,NULL,,NULL,0,0,2,2,N,N,25,NULL,98,9801,NULL,,Y,37.47557,-82.52339,N,NULL,NULL,NULL,NULL,NULL,NULL,NULL,NULL,5,3,3,6,1,1,2,2,7,3,N,NULL,Y,N,745,750,750,N,NULL,49,,,N,,N,N,098-CS-1222-0,NULL,NULL,2021,O,7.27E+11,098-CS-1222  -000,HIGH,098-CS-1222  -000,0.243,0,0,1,0,0,0,0,0,0,0,0,0,0,1,DAC,1,0,195-1150,1
72575160,980100,2.02E+11,20201214,1342,,MAIN,,ST,,,,,,N,N,NULL,NULL,NULL,N,NULL,NULL,NULL,NULL,NULL,NULL,0.023,NULL,NULL,NULL,NULL,,NULL,0,0,1,1,N,Y,15,NULL,98,9801,NULL,,Y,37.47801,-82.51836,N,NULL,NULL,NULL,NULL,NULL,NULL,NULL,NULL,9,6,1,6,1,5,3,2,1,3,N,NULL,N,N,1342,1356,1413,N,NULL,51,,,N,,N,N,,NULL,NULL,2020,O,7.26E+11,098-CS-1112  -000,MEDIUM,098-CS-1112  -000,0.023,0,0,0,0,0,0,1,0,0,0,0,1,0,1,DAC,1,0,195-1108,1
72817711,980100,2.02E+11,20221013,2224,,US23,,,US0023,US0023,0,098 US-23,US0023,N,Y,US119,,,N,NULL,NULL,NULL,NULL,NULL,NULL,26.282,NULL,NULL,NULL,NULL,,NULL,0,0,2,2,N,N,55,NULL,98,9801,NULL,,Y,37.50364,-82.53214,N,NULL,NULL,NULL,NULL,NULL,NULL,NULL,NULL,5,3,4,6,1,1,2,5,6,3,N,NULL,Y,N,2224,2227,2227,N,NULL,35,,1,N,,N,N,098-US-0023-0,NULL,NULL,2022,O,7.28E+11,098-US-0023  -000,HIGH,098-US-0023  -000,26.282,0,0,1,0,0,0,1,1,0,0,1,0,0,1,Non-DAC,0,1,,
72488491,980100,2.02E+11,20200316,1916,,HAMBLEY,,BLVD,,,,,,N,N,NULL,NULL,NULL,N,NULL,NULL,NULL,NULL,NULL,NULL,0.421,NULL,NULL,NULL,NULL,,NULL,0,0,2,2,N,N,25,NULL,98,9801,NULL,,Y,37.47751,-82.52125,N,NULL,NULL,NULL,NULL,NULL,NULL,NULL,NULL,5,3,2,6,1,5,6,3,1,3,N,NULL,Y,N,1916,1920,1920,N,NULL,49,,,N,,N,N,,NULL,NULL,2020,O,7.25E+11,098-CS-1222  -000,MEDIUM,098-CS-1222  -000,0.421,0,0,0,0,0,0,1,0,0,0,0,0,0,1,DAC,0,1,,
72508199,980100,2.02E+11,20200605,1404,,MAYO,N,TRL,US0023,US0023,0,098 US-23-10,US0023,N,N,NULL,NULL,NULL,N,NULL,NULL,NULL,NULL,NULL,NULL,31.6,NULL,NULL,NULL,NULL,,NULL,0,0,2,2,N,N,55,NULL,98,9801,NULL,,Y,37.53688,-82.60175,N,NULL,NULL,NULL,NULL,NULL,NULL,NULL,NULL,5,3,4,6,1,5,6,2,7,3,N,NULL,Y,N,1405,1416,1503,N,NULL,49,,1,N,,N,N,098-US-0023-10,NULL,NULL,2020,O,7.25E+11,098-US-0023  -010,HIGH,098-US-0023  -000,31.6,0,0,1,0,0,0,1,0,0,0,0,0,0,1,Non-DAC,1,0,195-0620,1
72531917,980100,2.02E+11,20200814,1718,,WOLFORD,,ST,,,,,,N,N,NULL,NULL,NULL,N,NULL,NULL,NULL,NULL,NULL,NULL,0.095,NULL,NULL,NULL,NULL,,NULL,0,0,2,2,N,Y,25,NULL,98,9801,NULL,,Y,37.48319,-82.518,N,NULL,NULL,NULL,NULL,NULL,NULL,NULL,NULL,2,3,1,6,1,1,2,2,6,3,N,NULL,Y,Y,1718,1721,,N,NULL,47,,,N,,N,N,,NULL,NULL,2020,O,7.25E+11,098-CS-1120  -000,MEDIUM,098-CS-1120  -000,0.095,0,0,0,0,0,0,0,0,0,0,0,0,0,1,DAC,1,0,195-1012,1
72738302,980100,2.02E+11,20220304,1421,,CASSIDY,,BLVD,,,0,098 CS-1191,CS1191,N,N,NULL,NULL,NULL,N,NULL,NULL,NULL,NULL,NULL,NULL,0.007,NULL,NULL,NULL,NULL,,NULL,4,0,2,2,N,N,55,NULL,98,9801,NULL,,Y,37.50375,-82.53226,N,NULL,NULL,NULL,NULL,NULL,NULL,NULL,NULL,1,3,4,6,1,1,2,2,7,3,Y,NULL,Y,Y,1421,1424,1541,N,NULL,40,,,N,,N,N,098-CS-1191-0,NULL,NULL,2022,C,7.27E+11,098-CS-1191  -000,HIGH,098-CS-1191  -000,0.007,0,0,0,0,0,0,1,0,0,0,0,1,0,1,Non-DAC,1,0,195-0861,1
72700453,370200,2021-470261,20211117,732,,US 23 SOUTH,,,,,,,,N,N,NULL,NULL,NULL,N,NULL,NULL,NULL,NULL,NULL,NULL,,NULL,NULL,NULL,NULL,NULL,NULL,0,0,2,2,N,N,55,NULL,98,9801,NULL,,Y,37.53652,-82.59937,N,NULL,NULL,NULL,NULL,NULL,NULL,NULL,NULL,8,3,4,6,1,1,2,2,7,3,N,NULL,Y,N,732,745,745,N,NULL,53,,,N,,N,N,,NULL,NULL,2021,O,7.27E+11,098-US-0023  -010,MEDIUM,098-US-0023  -000,31.478,0,0,0,0,0,0,1,0,0,0,0,1,0,1,Non-DAC,0,1,,
72791525,980100,2.02E+11,20220802,1340,,ELM,N,ST,,,,,,N,Y,HAMBLEY,,BLVD,N,NULL,NULL,NULL,NULL,NULL,NULL,,NULL,NULL,NULL,NULL,,NULL,0,0,2,2,N,N,25,NULL,98,9801,NULL,,Y,37.47704,-82.52175,N,NULL,NULL,NULL,NULL,NULL,NULL,NULL,NULL,1,3,3,6,1,1,2,2,7,3,N,NULL,Y,N,1340,1340,,N,NULL,10,,,N,,N,N,,NULL,NULL,2022,O,7.28E+11,098-CS-1107  -000,MEDIUM,098-CS-1107  -000,0,0,0,1,1,0,0,1,1,0,0,1,0,0,1,DAC,1,0,195-1126,1
72561462,980100,2.02E+11,20201105,819,,US23,,,US0023,US0023,0,098 US-23,US0023,N,N,NULL,NULL,NULL,N,NULL,NULL,NULL,NULL,NULL,NULL,27.311,NULL,NULL,NULL,NULL,,NULL,0,0,2,2,N,N,55,NULL,98,9801,NULL,,Y,37.5107,-82.54745,N,NULL,NULL,NULL,NULL,NULL,NULL,NULL,NULL,5,3,4,6,1,1,3,2,7,3,N,NULL,Y,N,819,822,,N,NULL,49,,1,N,,N,N,098-US-0023-0,NULL,NULL,2020,O,7.26E+11,098-US-0023  -000,HIGH,098-US-0023  -000,27.311,0,0,0,0,0,0,1,0,0,0,0,0,0,1,Non-DAC,0,1,,
72790209,980100,2.02E+11,20220729,2040,,US23,,,US0023,US0023,0,098 US-23,US0023,N,N,NULL,NULL,NULL,N,NULL,NULL,NULL,NULL,NULL,NULL,31.321,NULL,NULL,NULL,NULL,,NULL,0,0,1,1,N,N,55,NULL,98,9801,NULL,,Y,37.53653,-82.59654,N,NULL,NULL,NULL,NULL,NULL,NULL,NULL,NULL,9,3,4,3,1,5,3,6,7,3,N,NULL,Y,N,2040,2049,,Y,NULL,40,,1,N,,N,N,098-US-0023-0,NULL,NULL,2022,O,7.28E+11,098-US-0023  -000,HIGH,098-US-0023  -000,31.321,0,0,0,0,0,0,0,0,0,0,0,1,0,1,Non-DAC,0,1,,
72687783,980100,2.02E+11,20211025,1515,,HAMBLEY,,BLVD,,,0,098 CS-1222,CS1222,N,N,NULL,NULL,NULL,N,NULL,NULL,NULL,NULL,NULL,NULL,1.506,NULL,NULL,NULL,NULL,,NULL,0,0,2,2,N,N,35,NULL,98,9801,NULL,,Y,37.48309,-82.53049,N,NULL,NULL,NULL,NULL,NULL,NULL,NULL,NULL,5,3,2,6,1,5,3,2,6,3,N,NULL,Y,N,1515,1520,1536,N,NULL,49,,,N,,N,N,098-CS-1222-0,NULL,NULL,2021,O,7.27E+11,098-CS-1222  -000,HIGH,098-CS-1222  -000,1.506,0,0,1,0,0,0,1,0,0,0,0,0,0,1,DAC,1,0,195-1029,1
72823427,980100,2.02E+12,20221026,1643,,BAIRD,,AVE,KY1426,KY1426,0,098 KY-1426,KY1426,N,N,NULL,NULL,NULL,N,NULL,NULL,NULL,NULL,NULL,NULL,5.392,NULL,NULL,NULL,NULL,,NULL,0,0,3,3,N,N,25,NULL,98,9801,NULL,,Y,37.47328,-82.52705,N,NULL,NULL,NULL,NULL,NULL,NULL,NULL,NULL,4,3,2,6,1,1,3,2,1,3,N,NULL,Y,N,1643,1647,1719,N,NULL,70,,0,N,,N,N,098-KY-1426-0,NULL,NULL,2022,O,7.28E+11,098-KY-1426  -000,HIGH,098-KY-1426  -000,5.392,0,0,0,0,0,0,1,0,0,0,0,0,0,1,DAC,1,0,195-1174,1
72674759,980100,2.02E+11,20210921,930,,HAMBLEY,,BLVD,,,0,098 CS-1222,CS1222,N,N,NULL,NULL,NULL,N,NULL,NULL,NULL,NULL,NULL,NULL,0.501,NULL,NULL,NULL,NULL,,NULL,0,0,2,2,N,N,10,NULL,98,9801,NULL,,Y,37.47836,-82.52016,N,NULL,NULL,NULL,NULL,NULL,NULL,NULL,NULL,1,97,2,4,1,1,2,2,7,3,N,NULL,Y,N,1358,1358,,N,NULL,47,,,N,,N,N,098-CS-1222-0,NULL,NULL,2021,O,7.27E+11,098-CS-1222  -000,HIGH,098-CS-1222  -000,0.501,0,0,1,0,0,0,1,0,0,0,0,0,0,1,DAC,0,1,,
72579929,980100,2.02E+11,20201230,538,,US23,,,US0023,US0023,0,098 US-23,US0023,N,N,NULL,NULL,NULL,N,NULL,NULL,NULL,NULL,NULL,NULL,25.06,NULL,NULL,NULL,NULL,,NULL,0,0,1,1,N,N,55,NULL,98,9801,NULL,,Y,37.48887,-82.53952,N,NULL,NULL,NULL,NULL,NULL,NULL,NULL,NULL,9,3,4,6,1,1,2,6,1,3,N,NULL,Y,N,539,543,,N,NULL,38,,1,N,,N,N,098-US-0023-0,NULL,NULL,2020,O,7.26E+11,098-US-0023  -000,HIGH,098-US-0023  -000,25.06,0,0,0,0,0,0,0,0,0,0,0,0,0,1,Non-DAC,0,1,,
72557840,KSP0900,20-745692,20201017,1519,,US119,,,US0119,US0119,0,098 US-119-10,US0119,N,N,NULL,NULL,NULL,N,NULL,NULL,NULL,NULL,NULL,NULL,2.707,NULL,NULL,NULL,NULL,,NULL,0,0,2,2,N,N,55,NULL,98,9828,NULL,,Y,37.51417,-82.4869,N,NULL,NULL,NULL,NULL,NULL,NULL,NULL,NULL,5,3,2,4,1,1,2,2,7,3,N,NULL,Y,Y,1519,1519,1523,N,NULL,49,2,1,N,,N,N,098-US-0119-10,NULL,NULL,2020,O,7.26E+11,098-US-0119  -010,HIGH,098-US-0119  -000,2.707,0,0,0,0,0,0,1,0,0,0,0,0,0,1,DAC,1,0,195-0777,1
72724815,980100,2.02E+11,20220126,1157,,US23 CONNECTOR TO US460,,,US0023,US0023,0,098 US-23-71,US0023,N,N,NULL,NULL,NULL,N,NULL,NULL,NULL,NULL,NULL,NULL,0.007,NULL,NULL,NULL,NULL,,NULL,0,0,2,2,N,N,55,NULL,98,9801,NULL,,Y,37.43884,-82.50917,N,NULL,NULL,NULL,NULL,NULL,NULL,NULL,NULL,1,3,4,5,1,1,2,2,7,3,N,NULL,Y,N,1157,1205,1245,N,NULL,55,,1,N,,N,N,098-US-0023-71,NULL,NULL,2022,O,7.27E+11,098-US-0023  -071,HIGH,098-US-0023  -071,0.007,0,0,0,0,0,0,1,1,0,0,0,0,0,1,Non-DAC,1,0,195-1308,1
72596673,980100,2.02E+11,20210220,1736,,US23,,,US0023,US0023,0,098 US-23,US0023,N,N,NULL,NULL,NULL,N,NULL,NULL,NULL,NULL,NULL,NULL,32.117,NULL,NULL,NULL,NULL,,NULL,0,0,4,4,N,N,55,NULL,98,9801,NULL,,Y,37.53766,-82.61095,N,NULL,NULL,NULL,NULL,NULL,NULL,NULL,NULL,5,97,4,6,1,1,2,2,1,3,N,NULL,Y,Y,1736,1748,,N,NULL,47,,1,Y,,N,N,098-US-0023-0,NULL,NULL,2021,O,7.26E+11,098-US-0023  -000,HIGH,098-US-0023  -000,32.117,0,0,0,0,0,0,0,0,1,0,0,0,0,1,Non-DAC,1,0,195-0609,1
72706751,980100,2.02E+11,20211207,1408,,KY1460,,,KY1460,KY1460,0,098 KY-1460,KY1460,N,N,NULL,NULL,NULL,N,NULL,NULL,NULL,NULL,NULL,NULL,6.869,NULL,NULL,NULL,NULL,,NULL,0,0,2,2,N,N,25,NULL,98,9801,NULL,,Y,37.48409,-82.5428,N,NULL,NULL,NULL,NULL,NULL,NULL,NULL,NULL,5,3,2,6,97,5,3,2,6,3,N,NULL,Y,N,1408,1411,,N,NULL,49,16,0,Y,,N,N,098-KY-1460-0,NULL,NULL,2021,O,7.27E+11,098-KY-1460  -000,HIGH,098-KY-1460  -000,6.869,0,0,0,0,0,0,1,0,0,0,0,0,0,1,Non-DAC,0,1,,
72811922,980100,2.02E+11,20221002,1809,,CASSIDY,,BLVD,,,0,098 CS-1191,CS1191,N,N,NULL,NULL,NULL,N,NULL,NULL,NULL,NULL,NULL,NULL,0.261,NULL,NULL,NULL,NULL,,NULL,0,0,2,2,N,N,35,NULL,98,9801,NULL,,Y,37.50465,-82.53613,N,NULL,NULL,NULL,NULL,NULL,NULL,NULL,NULL,1,3,4,6,1,5,6,2,7,3,N,NULL,Y,N,1811,1814,1902,N,NULL,55,,,N,,N,Y,098-CS-1191-0,NULL,NULL,2022,O,7.28E+11,098-CS-1191  -000,HIGH,098-CS-1191  -000,0.261,0,0,0,0,0,0,0,0,0,0,0,1,1,1,Non-DAC,0,1,,
72763898,980100,2.02E+11,20220519,2318,,CHLOE,,RD,KY1460,KY1460,0,098 KY-1460,KY1460,N,N,NULL,NULL,NULL,N,NULL,NULL,NULL,NULL,NULL,NULL,4.124,NULL,NULL,NULL,NULL,,NULL,0,0,1,1,N,N,35,NULL,98,9801,NULL,,Y,37.47626,-82.4989,N,NULL,NULL,NULL,NULL,NULL,NULL,NULL,NULL,9,3,2,6,1,5,6,7,6,3,N,NULL,Y,N,2318,2321,,Y,NULL,40,,0,N,,N,N,098-KY-1460-0,NULL,NULL,2022,O,7.28E+11,098-KY-1460  -000,HIGH,098-KY-1460  -000,4.124,0,0,0,0,0,0,0,0,0,0,0,1,0,1,Non-DAC,0,1,,
72663025,980100,2.02E+11,20210825,1814,,HAMBLEY,,BLVD,,,,,,N,N,NULL,NULL,NULL,N,NULL,NULL,NULL,NULL,NULL,NULL,1.191,NULL,NULL,NULL,NULL,,NULL,0,0,2,2,N,N,35,NULL,98,9801,NULL,,Y,37.48539,-82.52507,N,NULL,NULL,NULL,NULL,NULL,NULL,NULL,NULL,5,3,2,6,1,5,3,2,1,3,N,NULL,Y,N,1814,1816,1816,N,NULL,49,,,N,,N,N,,NULL,NULL,2021,O,7.27E+11,098-CS-1222  -000,MEDIUM,098-CS-1222  -000,1.191,0,0,1,1,0,0,1,0,0,0,0,0,0,1,DAC,0,1,,
72483556,980100,2.02E+11,20200303,1717,,MAYO,N,TRL,US0023,US0023,,,,N,N,NULL,NULL,NULL,N,NULL,NULL,NULL,NULL,NULL,NULL,26.806,NULL,NULL,NULL,NULL,,NULL,0,0,2,2,N,N,55,NULL,98,9801,NULL,,Y,37.50916,-82.53799,N,NULL,NULL,NULL,NULL,NULL,NULL,NULL,NULL,5,3,6,6,1,1,2,2,1,3,N,NULL,Y,N,1717,1721,1721,N,NULL,49,,1,N,,N,N,,NULL,NULL,2020,O,7.25E+11,098-US-0023  -010,MEDIUM,098-US-0023  -000,26.806,0,0,0,0,0,0,1,0,0,0,0,0,0,1,Non-DAC,0,1,,
72544721,KSP0900,20-709555,20200922,855,,US23,,,US0023,US0023,0,098 US-23,US0023,N,Y,KY3218,,,N,NULL,NULL,NULL,NULL,NULL,NULL,31.595,NULL,NULL,NULL,NULL,,NULL,0,0,1,1,N,N,55,NULL,98,9801,NULL,,Y,37.53687,-82.60168,N,NULL,NULL,NULL,NULL,NULL,NULL,NULL,NULL,9,3,4,6,1,1,2,2,7,3,N,NULL,Y,N,857,857,905,N,NULL,3,,1,N,,N,N,098-US-0023-0,NULL,NULL,2020,O,7.25E+11,098-US-0023  -000,HIGH,098-US-0023  -000,31.595,0,0,0,0,0,0,0,0,0,0,1,0,0,1,Non-DAC,1,0,195-0620,1
72554027,980100,2.02E+11,20201017,709,,KY1426,,,KY1426,KY1426,,,,N,N,NULL,NULL,NULL,N,NULL,NULL,NULL,NULL,NULL,NULL,7.037,NULL,NULL,NULL,NULL,,NULL,1,0,1,1,N,N,45,NULL,98,9801,NULL,,Y,37.48728,-82.50755,N,NULL,NULL,NULL,NULL,NULL,NULL,NULL,NULL,9,4,2,5,1,1,2,3,1,3,N,NULL,Y,Y,709,713,,N,NULL,44,,0,N,,N,N,,NULL,NULL,2020,C,7.26E+11,098-KY-1426  -000,HIGH,098-KY-1426  -000,7.037,0,0,1,0,0,0,0,0,0,0,0,1,0,1,Non-DAC,0,1,,
72576639,980100,2.02E+11,20201217,1233,,CEDAR HILLS,,DR,KY3417,KY3417,0,098 KY-3417,KY3417,N,N,NULL,NULL,NULL,N,NULL,NULL,NULL,NULL,NULL,NULL,0.883,NULL,NULL,NULL,NULL,,NULL,0,0,3,3,N,N,35,NULL,98,9801,NULL,,Y,37.47396,-82.55717,N,NULL,NULL,NULL,NULL,NULL,NULL,NULL,NULL,5,3,2,6,1,5,3,2,6,3,N,NULL,Y,N,1233,1240,1323,Y,NULL,47,17,0,N,,N,N,098-KY-3417-0,NULL,NULL,2020,O,7.26E+11,098-KY-3417  -000,HIGH,098-KY-3417  -000,0.883,0,0,1,0,0,0,0,0,0,0,0,1,0,1,Non-DAC,1,0,195-1177,1
72595627,980100,2.02E+11,20201207,702,,US23,,,US0023,US0023,0,098 US-23,US0023,N,N,NULL,NULL,NULL,N,NULL,NULL,NULL,NULL,NULL,NULL,25.718,NULL,NULL,NULL,NULL,,NULL,0,1,2,2,N,N,55,NULL,98,9801,NULL,,Y,37.49564,-82.5312,N,NULL,NULL,NULL,NULL,NULL,NULL,NULL,NULL,1,3,4,6,1,5,3,6,1,3,Y,NULL,Y,Y,704,706,1102,N,NULL,55,,1,N,,N,Y,098-US-0023-0,NULL,NULL,2020,K,7.26E+11,098-US-0023  -000,HIGH,098-US-0023  -000,25.718,0,1,0,0,0,0,0,0,1,1,0,1,1,1,Non-DAC,0,1,,
72756653,980100,2.02E+11,20220423,1810,,BYPASS,N,RD,KY1460,KY1460,0,098 KY-1460,KY1460,N,N,NULL,NULL,NULL,N,NULL,NULL,NULL,NULL,NULL,NULL,5.192,NULL,NULL,NULL,NULL,,NULL,1,0,2,2,N,N,45,NULL,98,9801,NULL,,Y,37.48429,-82.51468,N,NULL,NULL,NULL,NULL,NULL,NULL,NULL,NULL,3,3,2,3,1,1,2,2,1,3,N,NULL,N,Y,1810,1811,1900,N,NULL,47,16,0,Y,,N,N,098-KY-1460-0,NULL,NULL,2022,B,7.28E+11,098-KY-1460  -000,HIGH,098-KY-1460  -000,5.192,0,0,0,1,0,0,0,0,1,0,0,0,0,1,DAC,0,1,,
72482412,980100,2.02E+11,20200225,1245,,JULIUS,,AVE,,,0,098 CS-1156,CS1156,N,N,NULL,NULL,NULL,N,NULL,NULL,NULL,NULL,NULL,NULL,0.032,NULL,NULL,NULL,NULL,,NULL,0,0,2,2,N,N,25,NULL,98,9801,NULL,,Y,37.47663,-82.52286,N,NULL,NULL,NULL,NULL,NULL,NULL,NULL,NULL,5,3,1,4,1,1,2,2,6,3,N,NULL,Y,N,1245,1247,1247,N,NULL,47,,,N,,N,N,098-CS-1156-0,NULL,NULL,2020,O,7.25E+11,098-CS-1156  -000,HIGH,098-CS-1156  -000,0.032,0,0,0,0,0,0,0,0,0,0,0,1,0,1,DAC,0,1,,
72709479,980100,2.02E+11,20211207,1601,,US23,,,US0023,US0023,0,098 US-23,US0023,N,N,NULL,NULL,NULL,N,NULL,NULL,NULL,NULL,NULL,NULL,23.053,NULL,NULL,NULL,NULL,,NULL,0,0,2,2,N,N,55,NULL,98,9801,NULL,,Y,37.46582,-82.52796,N,NULL,NULL,NULL,NULL,NULL,NULL,NULL,NULL,5,3,4,6,1,1,2,2,7,3,N,NULL,Y,N,1602,1603,1603,N,NULL,49,,1,N,,N,N,098-US-0023-0,NULL,NULL,2021,O,7.27E+11,098-US-0023  -000,HIGH,098-US-0023  -000,23.053,0,0,0,0,0,0,1,1,0,0,0,0,0,1,DAC,0,1,,
72585864,980100,2.02E+11,20210111,1142,,BAIRD,,AVE,KY1426,KY1426,0,098 KY-1426,KY1426,N,N,NULL,NULL,NULL,N,NULL,NULL,NULL,NULL,NULL,NULL,5.394,NULL,NULL,NULL,NULL,,NULL,0,0,3,3,N,N,55,NULL,98,9801,NULL,,Y,37.47328,-82.52711,N,NULL,NULL,NULL,NULL,NULL,NULL,NULL,NULL,1,3,2,6,1,1,2,2,1,3,N,NULL,Y,N,1143,1150,,N,NULL,55,,0,N,,N,N,098-KY-1426-0,NULL,NULL,2021,O,7.26E+11,098-KY-1426  -000,HIGH,098-KY-1426  -000,5.394,0,0,0,0,0,0,1,0,0,0,0,0,0,1,DAC,1,0,195-1174,1
72670182,980100,2.02E+11,20210913,1712,,HAMBLEY,,BLVD,,,0,098 CS-1222,CS1222,N,N,NULL,NULL,NULL,N,NULL,NULL,NULL,NULL,NULL,NULL,0.66,NULL,NULL,NULL,NULL,,NULL,0,0,4,4,N,N,25,NULL,98,9801,NULL,,Y,37.48047,-82.51905,N,NULL,NULL,NULL,NULL,NULL,NULL,NULL,NULL,5,3,2,6,1,1,2,2,7,3,N,NULL,Y,N,1713,1715,1800,N,NULL,49,,,Y,,N,N,098-CS-1222-0,NULL,NULL,2021,O,7.27E+11,098-CS-1222  -000,HIGH,098-CS-1222  -000,0.66,0,0,0,0,0,0,1,0,0,0,0,0,0,1,DAC,1,0,195-1079,1
72749161,980100,2.02E+11,20220410,1909,,US23 SOUTH,,,,,,,,N,N,NULL,NULL,NULL,N,NULL,NULL,NULL,NULL,NULL,NULL,,NULL,NULL,NULL,NULL,NULL,NULL,0,0,2,2,N,Y,55,NULL,98,9801,NULL,,Y,37.47297,-82.53516,N,NULL,NULL,NULL,NULL,NULL,NULL,NULL,NULL,8,3,1,3,1,1,2,2,1,3,N,NULL,Y,N,1909,1935,2026,N,NULL,53,,,N,,N,N,,NULL,NULL,2022,O,7.27E+11,098-US-0023  -131,MEDIUM,098-US-0023  -131,0.155,0,0,0,0,0,0,0,0,0,0,0,1,0,1,DAC,0,1,,
72671330,980100,2.02E+11,20210914,902,,BYPASS,N,RD,KY1460,KY1460,,,,N,Y,REDALE,,RD,N,NULL,NULL,NULL,NULL,NULL,NULL,5.779,NULL,NULL,NULL,NULL,,NULL,0,0,2,2,N,N,45,NULL,98,9801,NULL,,Y,37.48729,-82.5242,N,NULL,NULL,NULL,NULL,NULL,NULL,NULL,NULL,8,3,2,6,1,1,2,2,7,3,N,NULL,N,N,902,904,,N,NULL,19,16,0,N,,N,N,,NULL,NULL,2021,O,7.27E+11,098-KY-1460  -000,HIGH,098-KY-1460  -000,5.779,0,0,0,0,0,0,1,0,0,0,1,0,0,1,DAC,0,1,,
72715853,980100,2.02E+11,20211226,1838,,BAIRD,,AVE,KY1426,KY1426,0,098 KY-1426,KY1426,N,N,NULL,NULL,NULL,N,NULL,NULL,NULL,NULL,NULL,NULL,5.388,NULL,NULL,NULL,NULL,,NULL,0,0,2,2,N,N,25,NULL,98,9801,NULL,,Y,37.47305,-82.52707,N,NULL,NULL,NULL,NULL,NULL,NULL,NULL,NULL,1,3,2,6,1,1,3,7,1,3,N,NULL,Y,N,1838,1838,,N,NULL,55,,0,N,,N,N,098-KY-1426-0,NULL,NULL,2021,O,7.27E+11,098-KY-1426  -000,HIGH,098-KY-1426  -000,5.388,0,0,0,0,0,0,1,0,0,0,0,0,0,1,DAC,1,0,195-1174,1
72693794,980100,2.02E+11,20211103,1512,,SCOTT,,AVE,,,0,098 CS-1116,CS1116,N,N,NULL,NULL,NULL,N,NULL,NULL,NULL,NULL,NULL,NULL,0.131,NULL,NULL,NULL,NULL,,NULL,0,0,2,2,N,N,25,NULL,98,9801,NULL,,Y,37.48317,-82.51736,N,NULL,NULL,NULL,NULL,NULL,NULL,NULL,NULL,2,7,1,6,1,1,3,2,6,3,N,NULL,Y,N,1512,1512,1512,N,NULL,47,,,N,,N,N,098-CS-1116-0,NULL,NULL,2021,O,7.27E+11,098-CS-1116  -000,HIGH,098-CS-1116  -000,0.131,0,0,0,0,0,0,1,0,0,0,0,0,0,1,DAC,1,0,195-1017,1