MasterFile,AgencyORINumber,LocalCode,CollisionDate,CollisionTime,CollisionDayWeekCode,RoadwayName,RoadwayName_Direction_,RoadwayName_RoadwaySuffix_,RoadwayfromReport,CurrentRoadwayNumber,RoadwayNumberCoupletID,RSEUniqueGIS,RoadwayIdentifier,ParkingLotIndicator,IntersectionWith_Indicator_,IntersectionWith_NameRoadway_,IntersectionWith_Direction_,IntersectionWith_RoadwaySuffix_,BetweenStreets_Indicator_,BetweenStreets1_NameRoadway_,BetweenStreet1_Direction_,BetweenStreets1_RoadwaySuffix_,BetweenStreets2_NameRoadway_,BetweenStreets2_Direction_,BetweenStreets2_RoadwaySuffix_,Milepoint,ReportMilepointDeriveNumber,CurrentDerivedMiepointNumber,MilestoMilepoint,FeettoMilepoint,DirectionfromMilepoint_NSEW_,ValidMilepointIndicator,NumberInjured,NumberKilled,ofUnits,ofMotorVehicleUnits,Hit&RunIndicator,OneWayIndicator,SpeedLimitNumber,KilometersIndicator,CountyCode,CityCountyCode,MilesFromCity,DirectionFromCity_NSEW_,InCityLimitsIndicator,Latitude,Longitude,RampIndicator,RampFromIdentifier,RampFromDirCode,RampFromCoupletID,RSEUniqueGISRampFrom,RampToidentifier,RampToDirCode,RampToCoupletID,RSEUniqueGisRampTo,MannerofCollisionCode,LocationFirstEventCode,TotalLanes,RoadwayCharacterCode,RoadwaySurfaceCode,RoadwayConditionCode,WeatherCode,LightConditionCode,LandUseCode,SchoolBusRelatedCode,FirstAidSceneIndicator,CollDescPresentInd,InvestigationCompleteIndicator,PhotosTakenIndicator,TimeNotified,TimeArrived,TimeRoadwayOpened,PropertyDamageIndicator,DiagramPresentIndicator,DirectionalAnalysis,FunctionClassCode,NationalHwySysCode,EnforcementsIndicator,KARSCityCode,SecondaryCollisionIndicator,MedianCrossoverIndicator,RT_UNIQUE,MapIt,TimeLastLeft,YR,KABCO,MFNY,WorkingRID,RT_CONFIDENCE,KTC_RT,KTC_MP,Motorcyclist,Commercial Vehicle,Young Driver,Mature Driver,Pedestrian,Bicyclist,Distracted,Aggressive,Impaired,Unrestrained,Intersection,Roadway Departure,Median Cross-over,CityCrash,DACid,Intersection Crash,Segment Crash,Int_ID,CityIntersection
72555890,980100,2.02E+11,20201022,2002,,LYKINS,,CRK,,,0,098 CR-1377,CR1377,N,N,NULL,NULL,NULL,N,NULL,NULL,NULL,NULL,NULL,NULL,0.238,NULL,NULL,NULL,NULL,,NULL,0,0,2,2,N,N,15,NULL,98,9801,NULL,,Y,37.50478,-82.54825,N,NULL,NULL,NULL,NULL,NULL,NULL,NULL,NULL,2,97,1,6,1,1,2,8,5,3,N,NULL,Y,N,2006,2013,,N,NULL,47,,,N,,N,N,098-CR-1377-0,NULL,NULL,2020,O,7.26E+11,098-CS-1249  -000,MEDIUM,098-CS-1249  -000,0.238,0,0,0,0,0,0,1,0,0,0,0,0,0,1,Non-DAC,0,1,,
72563788,980100,2.02E+11,20201111,817,,,,,US0023,US0023,,,,N,N,NULL,NULL,NULL,N,NULL,NULL,NULL,NULL,NULL,NULL,0.009,NULL,NULL,NULL,NULL,NULL,NULL,0,0,1,1,N,N,55,NULL,98,9801,NULL,,Y,37.43663,-82.51089,Y,US0460,S,NULL,098 US-23-422,US0023,N,NULL,098 US-23-422,9,4,4,1,1,5,3,2,7,3,N,NULL,Y,N,817,827,827,Y,NULL,72,,1,N,,N,N,,NULL,NULL,2020,O,7.26E+11,098-US-0023  -422,MEDIUM,098-US-0023  -422,0.009,0,0,0,0,0,0,0,0,0,0,0,1,0,1,Non-DAC,1,0,195-2087,1
72711419,KSP0900,21-515422,20211219,1654,,CHLOE,,RD,KY1460,KY1460,0,098 KY-1460,KY1460,N,N,NULL,NULL,NULL,N,NULL,NULL,NULL,NULL,NULL,NULL,2.545,NULL,NULL,NULL,NULL,,NULL,0,0,1,1,N,N,45,NULL,98,9801,NULL,,Y,37.46624,-82.47868,N,NULL,NULL,NULL,NULL,NULL,NULL,NULL,NULL,9,3,2,4,1,1,3,2,7,3,N,NULL,Y,N,1654,1700,1730,N,NULL,44,,0,N,,N,N,098-KY-1460-0,NULL,NULL,2021,O,7.27E+11,098-KY-1460  -000,HIGH,098-KY-1460  -000,2.545,0,0,0,0,0,0,1,0,0,0,0,1,0,1,Non-DAC,0,1,,
72454939,980100,2.02E+11,20191204,1516,,US23,,,US0023,US0023,,,,N,N,NULL,NULL,NULL,N,NULL,NULL,NULL,NULL,NULL,NULL,22.901,NULL,NULL,NULL,NULL,,NULL,0,0,2,2,N,N,55,NULL,98,9801,NULL,,Y,37.46537,-82.52528,N,NULL,NULL,NULL,NULL,NULL,NULL,NULL,NULL,1,3,4,6,1,1,3,2,7,3,N,NULL,Y,N,1516,1520,1520,N,NULL,55,,1,N,,N,N,,NULL,NULL,2019,O,7.25E+11,098-US-0023  -000,MEDIUM,098-US-0023  -000,22.901,0,0,0,0,0,0,1,1,0,0,0,0,0,1,DAC,0,1,,
72475730,980100,2.02E+11,20200212,2255,,HAROLDS BRANCH,,RD,,,0,098 CS-1223,CS1223,N,N,NULL,NULL,NULL,N,NULL,NULL,NULL,NULL,NULL,NULL,0.512,NULL,NULL,NULL,NULL,,NULL,0,0,1,1,N,N,35,NULL,98,9801,NULL,,Y,37.46958,-82.51546,N,NULL,NULL,NULL,NULL,NULL,NULL,NULL,NULL,9,3,1,3,1,5,6,6,6,3,N,NULL,Y,N,2255,2300,,N,NULL,40,,,Y,,N,N,098-CS-1223-0,NULL,NULL,2020,O,7.25E+11,098-CS-1223  -000,HIGH,098-CS-1223  -000,0.512,0,0,0,0,0,0,0,0,1,0,0,1,0,1,Non-DAC,0,1,,
72512319,980100,2.02E+11,20200617,1413,,US23,,,US0023,US0023,0,098 US-23,US0023,N,N,NULL,NULL,NULL,N,NULL,NULL,NULL,NULL,NULL,NULL,27.476,NULL,NULL,NULL,NULL,,NULL,0,0,2,2,N,N,55,NULL,98,9807,NULL,,Y,37.51145,-82.55053,N,NULL,NULL,NULL,NULL,NULL,NULL,NULL,NULL,5,3,6,6,1,1,2,2,7,3,N,NULL,N,N,1414,1418,1455,N,NULL,70,,1,Y,,N,N,098-US-0023-0,NULL,NULL,2020,O,7.25E+11,098-US-0023  -000,HIGH,098-US-0023  -000,27.476,0,0,0,0,0,0,0,0,1,0,0,0,0,1,Non-DAC,1,0,195-0808,1
72540713,980100,2.02E+11,20200909,1616,,MAY HOLLOW,,RD,,,,,,N,N,NULL,NULL,NULL,N,NULL,NULL,NULL,NULL,NULL,NULL,0.251,NULL,NULL,NULL,NULL,,NULL,0,0,2,2,N,N,35,NULL,98,9801,NULL,,Y,37.49327,-82.50011,N,NULL,NULL,NULL,NULL,NULL,NULL,NULL,NULL,2,3,1,5,1,1,2,2,6,3,N,NULL,Y,N,1558,1605,1605,N,NULL,56,,,Y,,N,N,,NULL,NULL,2020,O,7.25E+11,098-CS-1080  -000,LOW,098-CS-1080  -000,0.251,0,0,0,0,0,0,1,0,0,0,0,0,0,1,Non-DAC,0,1,,
72517512,980100,2.02E+11,20200702,2320,,US23,,,US0023,US0023,,,,N,N,NULL,NULL,NULL,N,NULL,NULL,NULL,NULL,NULL,NULL,18.558,NULL,NULL,NULL,NULL,,NULL,0,0,1,1,N,N,55,NULL,98,9801,NULL,,Y,37.43636,-82.51183,N,NULL,NULL,NULL,NULL,NULL,NULL,NULL,NULL,9,3,4,6,2,1,2,6,7,3,N,NULL,Y,N,2320,2326,2326,N,NULL,38,,1,N,,N,N,,NULL,NULL,2020,O,7.25E+11,098-US-0023  -010,MEDIUM,098-US-0023  -000,18.558,0,0,0,0,0,0,0,0,0,0,0,0,0,1,Non-DAC,0,1,,
72532275,KSP0900,20-632292,20200803,1750,,US23,,,US0023,US0023,0,098 US-23-10,US0023,N,N,NULL,NULL,NULL,N,NULL,NULL,NULL,NULL,NULL,NULL,23.96,NULL,NULL,NULL,NULL,,NULL,0,0,1,1,N,N,55,NULL,98,9801,NULL,,Y,37.47527,-82.53799,N,NULL,NULL,NULL,NULL,NULL,NULL,NULL,NULL,9,5,4,6,1,1,2,2,7,3,N,NULL,Y,Y,1750,1750,1750,N,NULL,40,,1,N,,N,N,098-US-0023-10,NULL,NULL,2020,O,7.25E+11,098-US-0023  -010,HIGH,098-US-0023  -000,23.96,0,0,0,0,0,0,1,0,0,0,0,1,0,1,DAC,0,1,,
72622790,980100,2.02E+11,20210509,1020,,OWSLEY,,RD,KY1384,KY1384,0,098 KY-1384,KY1384,N,N,NULL,NULL,NULL,N,NULL,NULL,NULL,NULL,NULL,NULL,7.187,NULL,NULL,NULL,NULL,,NULL,0,0,2,2,N,N,45,NULL,98,9801,NULL,,Y,37.4805,-82.53633,N,NULL,NULL,NULL,NULL,NULL,NULL,NULL,NULL,4,3,4,6,1,1,2,2,7,3,N,NULL,Y,N,1020,1021,1101,N,NULL,70,16,0,N,,N,N,098-KY-1384-0,NULL,NULL,2021,O,7.26E+11,098-KY-1384  -000,HIGH,098-KY-1384  -000,7.187,0,0,0,1,0,0,0,1,0,0,0,0,0,1,DAC,0,1,,
72578909,980100,2.02E+11,20201210,1411,,US23,,,US0023,US0023,0,098 US-23,US0023,N,Y,KEYSER HEIGHTS,,DR,N,NULL,NULL,NULL,NULL,NULL,NULL,25.418,NULL,NULL,NULL,NULL,,NULL,0,0,2,2,N,N,55,NULL,98,9801,NULL,,Y,37.49226,-82.53463,N,NULL,NULL,NULL,NULL,NULL,NULL,NULL,NULL,8,3,4,6,1,1,2,2,7,3,N,NULL,Y,N,1411,1418,1418,N,NULL,19,,1,N,,N,N,098-US-0023-0,NULL,NULL,2020,O,7.26E+11,098-US-0023  -000,HIGH,098-US-0023  -000,25.418,0,0,0,0,0,0,1,1,0,0,1,0,0,1,Non-DAC,0,1,,
72851515,980100,2.02E+11,20230105,2114,,HUFFMAN,,AVE,,,0,098 CS-1123,CS1123,N,N,NULL,NULL,NULL,N,NULL,NULL,NULL,NULL,NULL,NULL,0.117,NULL,NULL,NULL,NULL,,NULL,0,0,2,2,N,N,15,NULL,98,9801,NULL,,Y,37.47788,-82.5188,N,NULL,NULL,NULL,NULL,NULL,NULL,NULL,NULL,8,3,3,6,1,1,2,6,7,3,N,NULL,N,N,2114,2116,2131,N,NULL,53,,,N,,N,N,098-CS-1123-0,NULL,NULL,2023,O,7.29E+11,098-CS-1123  -000,HIGH,098-CS-1123  -000,0.117,0,1,0,1,0,0,1,1,0,0,0,1,0,1,DAC,1,0,195-1110,1
72791590,980100,2.02E+11,20220808,1239,,US23,,,US0023,US0023,0,098 US-23,US0023,N,N,NULL,NULL,NULL,N,NULL,NULL,NULL,NULL,NULL,NULL,25.588,NULL,NULL,NULL,NULL,,NULL,0,0,2,2,N,N,55,NULL,98,9801,NULL,,Y,37.4941,-82.53255,N,NULL,NULL,NULL,NULL,NULL,NULL,NULL,NULL,5,3,4,6,1,1,2,2,7,3,N,NULL,Y,N,1239,1249,1249,N,NULL,49,,1,Y,,N,N,098-US-0023-0,NULL,NULL,2022,O,7.28E+11,098-US-0023  -000,HIGH,098-US-0023  -000,25.588,0,0,0,0,0,0,1,0,0,0,0,0,0,1,Non-DAC,0,1,,
72473795,980100,2.02E+11,20200205,1544,,US23,,,US0023,US0023,,,,N,N,NULL,NULL,NULL,N,NULL,NULL,NULL,NULL,NULL,NULL,26.051,NULL,NULL,NULL,NULL,,NULL,0,0,2,2,N,N,55,NULL,98,9801,NULL,,Y,37.50038,-82.53181,N,NULL,NULL,NULL,NULL,NULL,NULL,NULL,NULL,1,3,4,6,1,5,3,2,7,3,N,NULL,Y,N,1544,1547,1547,N,NULL,55,,1,N,,N,N,,NULL,NULL,2020,O,7.25E+11,098-US-0023  -010,MEDIUM,098-US-0023  -000,26.051,0,1,1,0,0,0,1,0,0,0,0,0,0,1,Non-DAC,0,1,,
72616866,980100,2.02E+11,20210421,1740,,BYPASS,S,RD,KY1426,KY1426,0,098 KY-1426,KY1426,N,N,NULL,NULL,NULL,N,NULL,NULL,NULL,NULL,NULL,NULL,6.556,NULL,NULL,NULL,NULL,,NULL,2,0,2,2,N,N,55,NULL,98,9801,NULL,,Y,37.48241,-82.51368,N,NULL,NULL,NULL,NULL,NULL,NULL,NULL,NULL,1,3,2,6,1,1,3,2,7,3,Y,NULL,Y,Y,1740,1742,1812,N,NULL,55,,0,N,,N,N,098-KY-1426-0,NULL,NULL,2021,C,7.26E+11,098-KY-1426  -000,HIGH,098-KY-1426  -000,6.556,0,0,1,1,0,0,1,1,0,0,0,0,0,1,DAC,1,0,195-1019,1
72761804,980100,2.02E+11,20220513,745,,COLLEGE,S,ST,,,0,098 CS-1152,CS1152,N,N,NULL,NULL,NULL,N,NULL,NULL,NULL,NULL,NULL,NULL,0.25,NULL,NULL,NULL,NULL,,NULL,0,0,2,2,N,N,15,NULL,98,9801,NULL,,Y,37.47481,-82.52515,N,NULL,NULL,NULL,NULL,NULL,NULL,NULL,NULL,7,3,1,1,1,1,2,2,6,3,N,NULL,Y,N,745,750,833,N,NULL,54,,,N,,N,N,098-CS-1152-0,NULL,NULL,2022,O,7.28E+11,098-CS-1152  -000,HIGH,098-CS-1152  -000,0.25,0,0,0,0,0,0,1,0,0,0,0,1,0,1,DAC,0,1,,
72429709,980100,2.02E+11,20191010,1701,,MAIN,,ST,,,0,098 CS-1112,CS1112,N,N,NULL,NULL,NULL,N,NULL,NULL,NULL,NULL,NULL,NULL,0.173,NULL,NULL,NULL,NULL,,NULL,1,0,1,1,N,N,15,NULL,98,9801,NULL,,Y,37.47995,-82.51713,N,NULL,NULL,NULL,NULL,NULL,NULL,NULL,NULL,9,3,2,6,1,1,2,2,1,3,Y,NULL,Y,Y,1701,1701,1809,N,NULL,39,,,N,,N,N,098-CS-1112-0,NULL,NULL,2019,A,7.24E+11,098-CS-1112  -000,HIGH,098-CS-1112  -000,0.173,0,0,0,0,0,0,0,0,0,1,0,0,0,1,DAC,0,1,,
72582720,980100,2.02E+11,20201231,101,,MAYO,N,TRL,US0023,US0023,0,098 US-23,US0023,N,N,NULL,NULL,NULL,N,NULL,NULL,NULL,NULL,NULL,NULL,25.794,NULL,NULL,NULL,NULL,,NULL,1,0,1,1,N,N,55,NULL,98,9801,NULL,,Y,37.4967,-82.53089,N,NULL,NULL,NULL,NULL,NULL,NULL,NULL,NULL,9,5,4,6,1,1,3,6,7,3,Y,NULL,Y,N,101,102,144,N,NULL,44,,1,Y,,N,N,098-US-0023-0,NULL,NULL,2020,C,7.26E+11,098-US-0023  -000,HIGH,098-US-0023  -000,25.794,0,0,0,0,0,0,0,0,1,1,0,1,0,1,Non-DAC,0,1,,
72801471,980100,2.02E+11,20220904,1229,,CASSIDY,,BLVD,,,,,,N,N,NULL,NULL,NULL,N,NULL,NULL,NULL,NULL,NULL,NULL,0.006,NULL,NULL,NULL,NULL,,NULL,3,0,2,2,N,N,55,NULL,98,9801,NULL,,Y,37.50375,-82.53226,N,NULL,NULL,NULL,NULL,NULL,NULL,NULL,NULL,1,3,4,6,1,1,2,2,1,3,N,NULL,N,Y,1230,1234,1307,N,NULL,55,,,N,,N,N,,NULL,NULL,2022,B,7.28E+11,098-CS-1191  -000,MEDIUM,098-CS-1191  -000,0.006,0,0,0,0,0,0,1,1,0,0,0,0,0,1,Non-DAC,1,0,195-0861,1
72832734,980100,2.02E+11,20221118,1316,,HAMBLEY,,BLVD,,,0,098 CS-1222,CS1222,N,N,NULL,NULL,NULL,N,NULL,NULL,NULL,NULL,NULL,NULL,0.631,NULL,NULL,NULL,NULL,,NULL,0,0,2,2,N,N,25,NULL,98,9801,NULL,,Y,37.48008,-82.51924,N,NULL,NULL,NULL,NULL,NULL,NULL,NULL,NULL,2,97,3,6,1,1,2,2,7,3,N,NULL,Y,N,1316,1327,1327,N,NULL,47,,,N,,N,N,098-CS-1222-0,NULL,NULL,2022,O,7.28E+11,098-CS-1222  -000,HIGH,098-CS-1222  -000,0.631,0,0,0,0,0,0,1,0,0,0,0,0,0,1,DAC,1,0,195-1083,1
72686584,980100,2.02E+11,20211023,1904,,US119,,,US0119,US0119,0,098 US-119,US0119,N,N,NULL,NULL,NULL,N,NULL,NULL,NULL,NULL,NULL,NULL,0.218,NULL,NULL,NULL,NULL,,NULL,0,0,1,1,N,N,55,NULL,98,9801,NULL,,Y,37.50463,-82.52827,N,NULL,NULL,NULL,NULL,NULL,NULL,NULL,NULL,9,3,2,6,1,1,2,6,1,3,N,NULL,Y,N,1904,1910,,N,NULL,38,2,1,N,,N,N,098-US-0119-0,NULL,NULL,2021,O,7.27E+11,098-US-0119  -000,HIGH,098-US-0119  -000,0.218,0,0,0,0,0,0,0,0,0,0,0,0,0,1,Non-DAC,0,1,,
72737128,980100,2.02E+11,20220303,947,,US23,,,US0023,US0023,0,098 US-23,US0023,N,N,NULL,NULL,NULL,N,NULL,NULL,NULL,NULL,NULL,NULL,27.311,NULL,NULL,NULL,NULL,,NULL,0,0,2,2,N,N,55,NULL,98,9801,NULL,,Y,37.51067,-82.54748,N,NULL,NULL,NULL,NULL,NULL,NULL,NULL,NULL,5,3,4,6,1,1,2,2,7,3,N,NULL,N,N,947,956,958,N,NULL,70,,1,N,,N,N,098-US-0023-0,NULL,NULL,2022,O,7.27E+11,098-US-0023  -000,HIGH,098-US-0023  -000,27.311,0,0,0,1,0,0,1,0,0,0,0,0,0,1,Non-DAC,0,1,,
72751205,980100,2.02E+11,20220415,1558,,US23,,,US0023,US0023,0,098 US-23,US0023,N,N,NULL,NULL,NULL,N,NULL,NULL,NULL,NULL,NULL,NULL,22.988,NULL,NULL,NULL,NULL,,NULL,0,0,2,2,N,N,55,NULL,98,9801,NULL,,Y,37.46553,-82.52681,N,NULL,NULL,NULL,NULL,NULL,NULL,NULL,NULL,5,3,4,6,1,1,2,2,7,3,N,NULL,Y,N,1558,1558,1559,N,NULL,70,,1,N,,N,N,098-US-0023-0,NULL,NULL,2022,O,7.28E+11,098-US-0023  -000,HIGH,098-US-0023  -000,22.988,0,0,0,0,0,0,1,0,0,0,0,0,0,1,DAC,1,0,195-1219,1
72585865,980100,2.02E+11,20210117,1124,,CASSIDY,,BLVD,,,0,098 CS-1191,CS1191,N,N,NULL,NULL,NULL,N,NULL,NULL,NULL,NULL,NULL,NULL,0.053,NULL,NULL,NULL,NULL,,NULL,0,0,2,2,N,N,15,NULL,98,9801,NULL,,Y,37.50368,-82.53301,N,NULL,NULL,NULL,NULL,NULL,NULL,NULL,NULL,2,97,1,6,1,1,2,2,1,3,N,NULL,Y,N,1116,1123,,N,NULL,56,,,N,,N,N,098-CS-1191-0,NULL,NULL,2021,O,7.26E+11,098-CS-1191  -000,HIGH,098-CS-1191  -000,0.053,0,0,0,0,0,0,1,0,0,0,0,0,0,1,Non-DAC,0,1,,
72672432,980100,2.02E+11,20210917,1223,,OWSLEY,,RD,KY1384,KY1384,0,098 KY-1384,KY1384,N,N,NULL,NULL,NULL,N,NULL,NULL,NULL,NULL,NULL,NULL,6.527,NULL,NULL,NULL,NULL,,NULL,0,0,2,2,N,N,35,NULL,98,9801,NULL,,Y,37.47703,-82.54698,N,NULL,NULL,NULL,NULL,NULL,NULL,NULL,NULL,5,3,2,4,1,1,2,2,6,3,N,NULL,Y,N,1223,1226,1250,N,NULL,49,17,0,Y,,N,N,098-KY-1384-0,NULL,NULL,2021,O,7.27E+11,098-KY-1384  -000,HIGH,098-KY-1384  -000,6.527,0,0,0,0,0,0,1,0,0,0,0,0,0,1,Non-DAC,0,1,,
72596033,980100,2.02E+11,20210219,1047,,BYPASS,S,RD,KY1426,KY1426,0,098 KY-1426,KY1426,N,N,NULL,NULL,NULL,N,NULL,NULL,NULL,NULL,NULL,NULL,5.674,NULL,NULL,NULL,NULL,,NULL,0,0,2,2,N,N,10,NULL,98,9801,NULL,,Y,37.4727,-82.52313,N,NULL,NULL,NULL,NULL,NULL,NULL,NULL,NULL,3,97,2,6,1,1,9,2,1,3,N,NULL,N,N,1047,1051,1105,N,NULL,47,,0,N,,N,N,098-KY-1426-0,NULL,NULL,2021,O,7.26E+11,098-KY-1426  -000,HIGH,098-KY-1426  -000,5.674,0,0,0,1,0,0,1,0,0,0,0,0,0,1,DAC,0,1,,
72557789,980100,2.02E+11,20201027,1419,,US119,,,US0119,US0119,0,098 US-119-10,US0119,N,N,NULL,NULL,NULL,N,NULL,NULL,NULL,NULL,NULL,NULL,2.511,NULL,NULL,NULL,NULL,,NULL,0,0,2,2,N,N,55,NULL,98,9801,NULL,,Y,37.51405,-82.49041,N,NULL,NULL,NULL,NULL,NULL,NULL,NULL,NULL,1,3,2,6,1,1,2,2,7,3,N,NULL,Y,N,1419,1427,,N,NULL,55,2,1,N,,N,N,098-US-0119-10,NULL,NULL,2020,O,7.26E+11,098-US-0119  -010,HIGH,098-US-0119  -000,2.511,0,0,0,0,0,0,0,0,0,0,0,0,0,1,DAC,0,1,,
72809742,980100,2.02E+11,20220927,1024,,2ND,,ST,,,0,098 CS-1117,CS1117,N,N,NULL,NULL,NULL,N,NULL,NULL,NULL,NULL,NULL,NULL,0.025,NULL,NULL,NULL,NULL,,NULL,0,0,2,2,N,Y,15,NULL,98,9801,NULL,,Y,37.48321,-82.51585,N,NULL,NULL,NULL,NULL,NULL,NULL,NULL,NULL,1,5,1,6,1,1,2,2,1,3,N,NULL,Y,N,1025,1031,1031,N,NULL,47,,,N,,N,N,098-CS-1117-0,NULL,NULL,2022,O,7.28E+11,098-CS-1117  -000,HIGH,098-CS-1117  -000,0.025,0,0,0,0,0,0,0,0,0,0,0,0,0,1,DAC,1,0,195-1025,1
72540787,980100,2.02E+11,20200905,2330,,US23,,,US0023,US0023,0,098 US-23,US0023,N,N,NULL,NULL,NULL,N,NULL,NULL,NULL,NULL,NULL,NULL,20.573,NULL,NULL,NULL,NULL,,NULL,1,0,1,1,N,N,55,NULL,98,9801,NULL,,Y,37.44355,-82.5189,N,NULL,NULL,NULL,NULL,NULL,NULL,NULL,NULL,9,5,4,3,1,1,2,5,1,3,N,NULL,Y,Y,2330,2336,25,Y,NULL,51,,1,Y,,N,N,098-US-0023-0,NULL,NULL,2020,C,7.25E+11,098-US-0023  -000,HIGH,098-US-0023  -000,20.573,0,0,1,0,0,0,0,0,1,1,0,1,0,1,Non-DAC,0,1,,
72538139,980100,2.02E+11,20200829,1400,,MAYO,S,TRL,US0023,US0023,,,,N,N,NULL,NULL,NULL,N,NULL,NULL,NULL,NULL,NULL,NULL,20.5,NULL,NULL,NULL,NULL,,NULL,0,0,1,1,N,N,55,NULL,98,9801,NULL,,Y,37.44417,-82.51794,N,NULL,NULL,NULL,NULL,NULL,NULL,NULL,NULL,9,3,4,3,1,1,2,2,1,3,N,NULL,N,N,1400,1407,1540,Y,NULL,70,,1,N,,N,N,,NULL,NULL,2020,O,7.25E+11,098-US-0023  -010,MEDIUM,098-US-0023  -000,20.5,0,0,0,0,0,0,0,0,0,0,0,1,0,1,Non-DAC,0,1,,
72697206,980100,2.02E+11,20211110,1507,,US23,,,US0023,US0023,0,098 US-23-10,US0023,N,N,NULL,NULL,NULL,N,NULL,NULL,NULL,NULL,NULL,NULL,22.288,NULL,NULL,NULL,NULL,,NULL,0,0,2,2,N,N,55,NULL,98,9801,NULL,,Y,37.46136,-82.51698,N,NULL,NULL,NULL,NULL,NULL,NULL,NULL,NULL,1,3,4,1,1,1,2,2,1,3,N,NULL,Y,N,1507,1512,1531,N,NULL,55,,1,N,,N,N,098-US-0023-10,NULL,NULL,2021,O,7.27E+11,098-US-0023  -010,HIGH,098-US-0023  -000,22.288,0,0,1,1,0,0,0,1,0,0,0,0,0,1,Non-DAC,0,1,,
72598608,980100,2.02E+11,20210222,949,,BAIRD,,AVE,KY1426,KY1426,0,098 KY-1426,KY1426,N,N,NULL,NULL,NULL,N,NULL,NULL,NULL,NULL,NULL,NULL,5.39,NULL,NULL,NULL,NULL,,NULL,0,0,2,2,N,N,55,NULL,98,9801,NULL,,Y,37.47334,-82.52714,N,NULL,NULL,NULL,NULL,NULL,NULL,NULL,NULL,1,3,2,6,1,1,2,2,1,3,N,NULL,Y,N,949,953,,N,NULL,55,,0,N,,N,N,098-KY-1426-0,NULL,NULL,2021,O,7.26E+11,098-KY-1426  -000,HIGH,098-KY-1426  -000,5.39,0,0,0,1,0,0,1,0,0,0,0,0,0,1,DAC,1,0,195-1174,1
72661076,980100,2.02E+11,20210820,1755,,BAIRD,,AVE,KY1426,KY1426,,,,N,N,NULL,NULL,NULL,N,NULL,NULL,NULL,NULL,NULL,NULL,5.389,NULL,NULL,NULL,NULL,,NULL,0,0,2,1,N,N,55,NULL,98,9801,NULL,,Y,37.4731,-82.52714,N,NULL,NULL,NULL,NULL,NULL,NULL,NULL,NULL,5,3,2,6,1,1,2,2,1,3,N,NULL,Y,N,1755,1600,1610,N,NULL,49,,0,Y,,N,N,,NULL,NULL,2021,O,7.27E+11,098-KY-1426  -000,MEDIUM,098-KY-1426  -000,5.389,0,0,0,0,0,0,1,0,0,0,0,0,0,1,DAC,1,0,195-1174,1
72463187,980100,2.02E+11,20200110,200,,KEYSER HEIGHTS,W,DR,,,0,098 CS-1188,CS1188,N,N,NULL,NULL,NULL,N,NULL,NULL,NULL,NULL,NULL,NULL,0.192,NULL,NULL,NULL,NULL,,NULL,0,0,2,2,N,N,15,NULL,98,9801,NULL,,Y,37.49099,-82.53316,N,NULL,NULL,NULL,NULL,NULL,NULL,NULL,NULL,2,3,2,6,1,1,3,5,6,3,N,NULL,Y,N,1714,1722,,N,NULL,47,,,N,,N,N,098-CS-1188-0,NULL,NULL,2020,O,7.25E+11,098-CS-1188  -000,HIGH,098-CS-1188  -000,0.192,0,0,0,0,0,0,1,0,0,0,0,0,0,1,Non-DAC,0,1,,
72531858,980100,2.02E+11,20200813,756,,US23,,,US0023,US0023,0,098 US-23,US0023,N,N,NULL,NULL,NULL,N,NULL,NULL,NULL,NULL,NULL,NULL,20.157,NULL,NULL,NULL,NULL,,NULL,1,0,3,3,N,N,55,NULL,98,9801,NULL,,Y,37.44791,-82.5143,N,NULL,NULL,NULL,NULL,NULL,NULL,NULL,NULL,5,3,4,6,1,1,3,2,7,3,Y,NULL,N,Y,802,804,804,N,NULL,49,,1,N,,N,N,098-US-0023-0,NULL,NULL,2020,C,7.25E+11,098-US-0023  -000,HIGH,098-US-0023  -000,20.157,0,0,0,0,0,0,0,0,0,0,0,0,0,1,Non-DAC,0,1,,
72582260,980100,2.02E+11,20201231,1716,,US23,,,US0023,US0023,,,,N,Y,OWSLEY,,RD,N,NULL,NULL,NULL,NULL,NULL,NULL,32.806,NULL,NULL,NULL,NULL,,NULL,3,0,2,2,N,N,55,NULL,98,9801,NULL,,Y,37.53174,-82.61946,N,NULL,NULL,NULL,NULL,NULL,NULL,NULL,NULL,1,3,4,6,1,5,6,3,7,3,Y,NULL,Y,Y,1716,1727,1831,N,NULL,10,,1,Y,,N,N,,NULL,NULL,2020,A,7.26E+11,098-US-0023  -010,MEDIUM,098-US-0023  -000,32.806,0,0,1,0,0,0,1,1,1,0,1,0,0,1,Non-DAC,1,0,195-0668,1
72795149,980100,2.02E+11,20220810,835,,US23,,,US0023,US0023,0,098 US-23-10,US0023,N,N,NULL,NULL,NULL,N,NULL,NULL,NULL,NULL,NULL,NULL,26.259,NULL,NULL,NULL,NULL,,NULL,0,0,2,2,Y,N,55,NULL,98,9801,NULL,,Y,37.5034,-82.53233,N,NULL,NULL,NULL,NULL,NULL,NULL,NULL,NULL,5,3,4,6,1,5,6,2,7,3,N,NULL,Y,N,843,843,843,N,NULL,49,,1,N,,N,N,098-US-0023-10,NULL,NULL,2022,O,7.28E+11,098-US-0023  -010,HIGH,098-US-0023  -000,26.259,0,0,0,0,0,0,0,0,0,0,0,0,0,1,Non-DAC,1,0,195-0861,1