MasterFile,AgencyORINumber,LocalCode,CollisionDate,CollisionTime,CollisionDayWeekCode,RoadwayName,RoadwayName_Direction_,RoadwayName_RoadwaySuffix_,RoadwayfromReport,CurrentRoadwayNumber,RoadwayNumberCoupletID,RSEUniqueGIS,RoadwayIdentifier,ParkingLotIndicator,IntersectionWith_Indicator_,IntersectionWith_NameRoadway_,IntersectionWith_Direction_,IntersectionWith_RoadwaySuffix_,BetweenStreets_Indicator_,BetweenStreets1_NameRoadway_,BetweenStreet1_Direction_,BetweenStreets1_RoadwaySuffix_,BetweenStreets2_NameRoadway_,BetweenStreets2_Direction_,BetweenStreets2_RoadwaySuffix_,Milepoint,ReportMilepointDeriveNumber,CurrentDerivedMiepointNumber,MilestoMilepoint,FeettoMilepoint,DirectionfromMilepoint_NSEW_,ValidMilepointIndicator,NumberInjured,NumberKilled,ofUnits,ofMotorVehicleUnits,Hit&RunIndicator,OneWayIndicator,SpeedLimitNumber,KilometersIndicator,CountyCode,CityCountyCode,MilesFromCity,DirectionFromCity_NSEW_,InCityLimitsIndicator,Latitude,Longitude,RampIndicator,RampFromIdentifier,RampFromDirCode,RampFromCoupletID,RSEUniqueGISRampFrom,RampToidentifier,RampToDirCode,RampToCoupletID,RSEUniqueGisRampTo,MannerofCollisionCode,LocationFirstEventCode,TotalLanes,RoadwayCharacterCode,RoadwaySurfaceCode,RoadwayConditionCode,WeatherCode,LightConditionCode,LandUseCode,SchoolBusRelatedCode,FirstAidSceneIndicator,CollDescPresentInd,InvestigationCompleteIndicator,PhotosTakenIndicator,TimeNotified,TimeArrived,TimeRoadwayOpened,PropertyDamageIndicator,DiagramPresentIndicator,DirectionalAnalysis,FunctionClassCode,NationalHwySysCode,EnforcementsIndicator,KARSCityCode,SecondaryCollisionIndicator,MedianCrossoverIndicator,RT_UNIQUE,MapIt,TimeLastLeft,YR,KABCO,MFNY,WorkingRID,RT_CONFIDENCE,KTC_RT,KTC_MP,Motorcyclist,Commercial Vehicle,Young Driver,Mature Driver,Pedestrian,Bicyclist,Distracted,Aggressive,Impaired,Unrestrained,Intersection,Roadway Departure,Median Cross-over,CityCrash,DACid,Intersection Crash,Segment Crash,Int_ID,CityIntersection
72736554,980100,2.02E+11,20220301,6,,TOWN MOUNTAIN,,RD,KY1426,KY1426,0,098 KY-1426,KY1426,N,N,NULL,NULL,NULL,N,NULL,NULL,NULL,NULL,NULL,NULL,8.171,NULL,NULL,NULL,NULL,,NULL,0,0,2,2,N,N,55,NULL,98,9801,NULL,,Y,37.49376,-82.49116,N,NULL,NULL,NULL,NULL,NULL,NULL,NULL,NULL,7,3,2,6,1,1,2,6,1,3,N,NULL,Y,N,6,15,15,N,NULL,54,,0,N,,N,N,098-KY-1426-0,NULL,NULL,2022,O,7.27E+11,098-KY-1426  -000,HIGH,098-KY-1426  -000,8.171,0,0,0,0,0,0,0,0,0,0,0,1,0,1,Non-DAC,0,1,,
72579271,980100,2.02E+11,20201226,1456,,US23,,,US0023,US0023,0,098 US-23-10,US0023,N,Y,US119,,,N,NULL,NULL,NULL,NULL,NULL,NULL,26.332,NULL,NULL,NULL,NULL,,NULL,1,0,2,2,N,N,55,NULL,98,9801,NULL,,Y,37.50376,-82.53214,N,NULL,NULL,NULL,NULL,NULL,NULL,NULL,NULL,5,3,4,6,1,5,3,2,7,3,N,NULL,Y,N,1456,1456,,N,NULL,35,,1,N,,N,N,098-US-0023-10,NULL,NULL,2020,C,7.26E+11,098-US-0023  -010,HIGH,098-US-0023  -000,26.332,0,0,0,0,0,0,1,0,0,0,1,0,0,1,Non-DAC,0,1,,
72578683,980100,2.02E+11,20201225,825,,,,,US0023,US0023,,,,N,N,NULL,NULL,NULL,N,NULL,NULL,NULL,NULL,NULL,NULL,0.033,NULL,NULL,NULL,NULL,NULL,NULL,0,0,1,1,N,N,55,NULL,98,9801,NULL,,Y,37.43682,-82.51057,Y,US0460,W,NULL,098 US-23-422,US0023,N,NULL,098 US-23-422,9,5,2,2,1,4,9,2,7,3,N,NULL,Y,N,825,841,,N,NULL,72,,1,N,,N,N,,NULL,NULL,2020,O,7.26E+11,098-US-0023  -422,MEDIUM,098-US-0023  -422,0.033,0,0,0,0,0,0,1,0,0,0,0,1,0,1,Non-DAC,1,0,195-2088,1
72598150,980100,2.02E+11,20210223,846,,BAIRD,,AVE,KY1426,KY1426,0,098 KY-1426,KY1426,N,N,NULL,NULL,NULL,N,NULL,NULL,NULL,NULL,NULL,NULL,5.389,NULL,NULL,NULL,NULL,,NULL,0,0,2,2,N,N,55,NULL,98,9801,NULL,,Y,37.47313,-82.52712,N,NULL,NULL,NULL,NULL,NULL,NULL,NULL,NULL,1,3,2,6,1,1,2,2,7,3,N,NULL,Y,N,846,849,916,N,NULL,55,,0,N,,N,N,098-KY-1426-0,NULL,NULL,2021,O,7.26E+11,098-KY-1426  -000,HIGH,098-KY-1426  -000,5.389,0,0,0,1,0,0,1,0,0,0,0,0,0,1,DAC,1,0,195-1174,1
72514604,980100,2.02E+11,20200625,930,,HAMBLEY,,BLVD,,,,,,N,N,NULL,NULL,NULL,N,NULL,NULL,NULL,NULL,NULL,NULL,0.305,NULL,NULL,NULL,NULL,,NULL,0,0,2,2,N,N,35,NULL,98,9801,NULL,,Y,37.47622,-82.52261,N,NULL,NULL,NULL,NULL,NULL,NULL,NULL,NULL,5,3,2,6,1,5,2,2,1,3,N,NULL,Y,N,930,931,934,N,NULL,49,,,N,,N,N,,NULL,NULL,2020,O,7.25E+11,098-CS-1222  -000,MEDIUM,098-CS-1222  -000,0.305,0,0,0,1,0,0,1,0,0,0,0,0,0,1,DAC,1,0,195-1141,1
72795530,980100,2.02E+11,20220814,1950,,US23,,,US0023,US0023,0,098 US-23-10,US0023,N,N,NULL,NULL,NULL,N,NULL,NULL,NULL,NULL,NULL,NULL,24.948,NULL,NULL,NULL,NULL,,NULL,0,0,1,1,N,N,55,NULL,98,9801,NULL,,Y,37.48779,-82.54105,N,NULL,NULL,NULL,NULL,NULL,NULL,NULL,NULL,9,3,4,3,1,5,6,2,6,3,N,NULL,Y,N,1950,1952,1952,N,NULL,70,,1,N,,N,N,098-US-0023-10,NULL,NULL,2022,O,7.28E+11,098-US-0023  -010,HIGH,098-US-0023  -000,24.948,1,0,0,0,0,0,0,0,0,0,0,1,0,1,Non-DAC,0,1,,
72644536,980100,2.02E+11,20210706,1352,,MAIN,,ST,,,0,098 CS-1112,CS1112,N,N,NULL,NULL,NULL,N,NULL,NULL,NULL,NULL,NULL,NULL,0.055,NULL,NULL,NULL,NULL,,NULL,0,0,4,4,N,N,15,NULL,98,9801,NULL,,Y,37.47845,-82.51814,N,NULL,NULL,NULL,NULL,NULL,NULL,NULL,NULL,8,5,2,6,1,1,2,2,1,3,N,NULL,Y,N,1352,1423,1444,N,NULL,47,,,N,,N,N,098-CS-1112-0,NULL,NULL,2021,O,7.26E+11,098-CS-1112  -000,HIGH,098-CS-1112  -000,0.055,0,0,0,0,0,0,0,0,0,0,0,0,0,1,DAC,1,0,195-1102,1
72602985,980100,2.02E+11,20210313,2030,,US23,,,US0023,US0023,0,098 US-23,US0023,N,N,NULL,NULL,NULL,N,NULL,NULL,NULL,NULL,NULL,NULL,19.342,NULL,NULL,NULL,NULL,,NULL,0,0,2,2,N,N,55,NULL,98,9801,NULL,,Y,37.44516,-82.50481,N,NULL,NULL,NULL,NULL,NULL,NULL,NULL,NULL,2,3,4,1,1,1,3,4,7,3,N,NULL,Y,N,2030,2041,,N,NULL,47,,1,Y,,N,N,098-US-0023-0,NULL,NULL,2021,O,7.26E+11,098-US-0023  -000,HIGH,098-US-0023  -000,19.342,0,0,0,0,0,0,0,0,1,0,0,0,0,1,Non-DAC,0,1,,
72540933,980100,2.02E+11,20200910,915,,2ND,,ST,,,0,098 CS-1117,CS1117,N,N,NULL,NULL,NULL,N,NULL,NULL,NULL,NULL,NULL,NULL,0.042,NULL,NULL,NULL,NULL,,NULL,0,0,2,2,N,N,15,NULL,98,9801,NULL,,Y,37.483,-82.51604,N,NULL,NULL,NULL,NULL,NULL,NULL,NULL,NULL,2,97,1,6,1,1,2,2,6,3,N,NULL,Y,N,940,955,955,N,NULL,56,,,Y,,N,N,098-CS-1117-0,NULL,NULL,2020,O,7.25E+11,098-CS-1117  -000,HIGH,098-CS-1117  -000,0.042,0,0,0,0,0,0,1,0,0,0,0,1,0,1,DAC,1,0,195-1037,1
72810821,980100,2.02E+11,20220928,1353,,OWSLEY,,RD,KY1384,KY1384,0,098 KY-1384,KY1384,N,N,NULL,NULL,NULL,N,NULL,NULL,NULL,NULL,NULL,NULL,6.779,NULL,NULL,NULL,NULL,,NULL,0,0,2,2,Y,N,45,NULL,98,9801,NULL,,Y,37.47914,-82.5433,N,NULL,NULL,NULL,NULL,NULL,NULL,NULL,NULL,8,3,4,6,1,1,2,2,7,3,N,NULL,Y,N,1353,1355,1355,N,NULL,53,17,0,Y,,N,N,098-KY-1384-0,NULL,NULL,2022,O,7.28E+11,098-KY-1384  -000,HIGH,098-KY-1384  -000,6.779,0,0,0,0,0,0,1,0,0,0,0,1,0,1,DAC,1,0,195-1101,1
72757442,980100,2.02E+11,20220503,1612,,US23,,,US0023,US0023,,,,N,N,NULL,NULL,NULL,N,NULL,NULL,NULL,NULL,NULL,NULL,27.312,NULL,NULL,NULL,NULL,,NULL,0,0,2,2,N,N,55,NULL,98,9801,NULL,,Y,37.51067,-82.54749,N,NULL,NULL,NULL,NULL,NULL,NULL,NULL,NULL,5,3,4,6,1,1,2,2,2,3,N,NULL,Y,N,1612,1623,1640,N,NULL,70,,1,N,,N,N,,NULL,NULL,2022,O,7.28E+11,098-US-0023  -000,MEDIUM,098-US-0023  -000,27.312,0,0,0,0,0,0,1,0,0,0,0,0,0,1,Non-DAC,0,1,,
72673858,980100,2.02E+11,20210921,1357,,US23 TURN LANE,,,US0023,US0023,0,098 US-23-20,US0023,N,N,NULL,NULL,NULL,N,NULL,NULL,NULL,NULL,NULL,NULL,0.008,NULL,NULL,NULL,NULL,,NULL,0,0,2,2,N,N,55,NULL,98,9801,NULL,,Y,37.50365,-82.53259,N,NULL,NULL,NULL,NULL,NULL,NULL,NULL,NULL,5,3,4,6,1,5,3,2,7,3,N,NULL,Y,N,1357,1415,1435,N,NULL,49,,1,N,,N,N,098-US-0023-20,NULL,NULL,2021,O,7.27E+11,098-US-0023  -020,HIGH,098-US-0023  -020,0.008,0,0,1,0,0,0,0,0,0,0,0,0,0,1,Non-DAC,1,0,195-0861,1
72883077,980100,2.02E+11,20230328,1704,,BAIRD,,AVE,KY1426,KY1426,0,098 KY-1426,KY1426,N,N,NULL,NULL,NULL,N,NULL,NULL,NULL,NULL,NULL,NULL,5.392,NULL,NULL,NULL,NULL,,NULL,0,0,2,2,N,N,35,NULL,98,9801,NULL,,Y,37.47321,-82.52708,N,NULL,NULL,NULL,NULL,NULL,NULL,NULL,NULL,4,3,2,6,1,1,2,2,1,3,N,NULL,Y,N,1704,1707,1720,N,NULL,70,,0,N,,N,N,098-KY-1426-0,NULL,NULL,2023,O,7.29E+11,098-KY-1426  -000,HIGH,098-KY-1426  -000,5.4,0,0,0,1,0,0,1,0,0,0,0,0,0,1,DAC,1,0,195-1174,1
72722860,980100,2.02E+11,20220114,1212,,US23,,,US0023,US0023,0,098 US-23,US0023,N,N,NULL,NULL,NULL,N,NULL,NULL,NULL,NULL,NULL,NULL,31.559,NULL,NULL,NULL,NULL,,NULL,0,0,2,2,N,N,55,NULL,98,9801,NULL,,Y,37.53688,-82.60082,N,NULL,NULL,NULL,NULL,NULL,NULL,NULL,NULL,5,3,4,6,1,1,3,2,7,3,N,NULL,Y,N,1212,1246,,N,NULL,49,,1,Y,,N,N,098-US-0023-0,NULL,NULL,2022,O,7.27E+11,098-US-0023  -000,HIGH,098-US-0023  -000,31.559,0,0,0,0,0,0,0,0,0,0,0,0,0,1,Non-DAC,0,1,,
72820357,980100,2.02E+11,20221024,1455,,SUMMIT,,DR,,,0,098 CS-1064,CS1064,N,N,NULL,NULL,NULL,N,NULL,NULL,NULL,NULL,NULL,NULL,0.017,NULL,NULL,NULL,NULL,,NULL,0,0,2,2,N,N,15,NULL,98,9801,NULL,,Y,37.47679,-82.51678,N,NULL,NULL,NULL,NULL,NULL,NULL,NULL,NULL,5,3,2,5,1,1,2,2,1,3,N,NULL,Y,N,1455,1500,1500,N,NULL,49,,,N,,N,N,098-CS-1064-0,NULL,NULL,2022,O,7.28E+11,098-CS-1064  -000,HIGH,098-CS-1064  -000,0.017,0,0,0,0,0,0,1,0,0,0,0,0,0,1,DAC,1,0,195-1125,1
72541700,980100,2.02E+11,20200830,517,,US23,,,US0023,US0023,0,098 US-23,US0023,N,N,NULL,NULL,NULL,N,NULL,NULL,NULL,NULL,NULL,NULL,30.886,NULL,NULL,NULL,NULL,,NULL,3,1,1,1,N,N,55,NULL,98,9801,NULL,,Y,37.54099,-82.59171,N,NULL,NULL,NULL,NULL,NULL,NULL,NULL,NULL,9,6,4,3,1,1,2,6,7,3,Y,NULL,Y,Y,517,525,1056,N,NULL,51,,1,N,,N,N,098-US-0023-0,NULL,NULL,2020,K,7.25E+11,098-US-0023  -000,HIGH,098-US-0023  -000,30.886,0,0,0,0,0,0,0,1,1,1,0,1,0,1,Non-DAC,0,1,,
72523098,KSP0900,20-610427,20200720,1843,,KY1426,,,KY1426,KY1426,0,098 KY-1426,KY1426,N,N,NULL,NULL,NULL,N,NULL,NULL,NULL,NULL,NULL,NULL,8.245,NULL,NULL,NULL,NULL,,NULL,0,0,2,2,N,N,55,NULL,98,9801,NULL,,Y,37.49486,-82.4911,N,NULL,NULL,NULL,NULL,NULL,NULL,NULL,NULL,8,3,2,4,1,1,3,2,6,3,N,NULL,Y,N,1925,2005,,N,NULL,53,,0,N,,N,N,098-KY-1426-0,NULL,NULL,2020,O,7.25E+11,098-KY-1426  -000,HIGH,098-KY-1426  -000,8.245,0,0,0,0,0,0,0,0,0,0,0,1,0,1,Non-DAC,0,1,,
72663378,980100,2.02E+11,20210825,1425,,HAMBLEY,,BLVD,,,0,098 CS-1222,CS1222,N,N,NULL,NULL,NULL,N,NULL,NULL,NULL,NULL,NULL,NULL,0.439,NULL,NULL,NULL,NULL,,NULL,0,0,2,2,N,N,15,NULL,98,9801,NULL,,Y,37.47772,-82.52106,N,NULL,NULL,NULL,NULL,NULL,NULL,NULL,NULL,8,97,1,6,2,1,2,2,3,3,N,NULL,Y,N,1426,1426,,N,NULL,47,,,N,,N,N,098-CS-1222-0,NULL,NULL,2021,O,7.27E+11,098-CS-1222  -000,HIGH,098-CS-1222  -000,0.439,0,0,1,0,0,0,0,0,0,0,0,0,0,1,DAC,0,1,,
72505085,980100,2.02E+11,20200527,841,,MAIN,,ST,,,0,098 CS-1112,CS1112,N,N,NULL,NULL,NULL,N,NULL,NULL,NULL,NULL,NULL,NULL,0.016,NULL,NULL,NULL,NULL,,NULL,0,0,2,2,N,Y,15,NULL,98,9801,NULL,,Y,37.47792,-82.51841,N,NULL,NULL,NULL,NULL,NULL,NULL,NULL,NULL,5,7,2,6,1,1,3,2,1,3,N,NULL,Y,N,841,842,842,N,NULL,47,,,N,,N,N,098-CS-1112-0,NULL,NULL,2020,O,7.25E+11,098-CS-1112  -000,HIGH,098-CS-1112  -000,0.016,0,0,0,1,0,0,1,0,0,0,0,0,0,1,DAC,1,0,195-1108,1
72495199,980100,2.02E+11,20200418,1354,,HUFFMAN,,AVE,,,0,098 CS-1123,CS1123,N,N,NULL,NULL,NULL,N,NULL,NULL,NULL,NULL,NULL,NULL,,NULL,NULL,NULL,NULL,NULL,NULL,0,0,1,1,N,N,15,NULL,98,9801,NULL,,Y,37.47839,-82.51975,N,NULL,NULL,NULL,NULL,NULL,NULL,NULL,NULL,9,6,2,6,1,1,3,2,1,3,N,NULL,Y,N,1354,1354,1355,Y,NULL,40,,,N,,N,N,098-CS-1123-0,NULL,NULL,2020,O,7.25E+11,098-CS-1123  -000,HIGH,098-CS-1123  -000,0.181,0,0,0,1,0,0,0,0,0,0,0,1,0,1,DAC,1,0,195-1105,1
72576444,980100,2.02E+11,20201217,1726,,HAMBLEY,,BLVD,,,0,098 CS-1222,CS1222,N,Y,DIVISION,,ST,N,NULL,NULL,NULL,NULL,NULL,NULL,0.663,NULL,NULL,NULL,NULL,,NULL,0,0,2,2,N,N,25,NULL,98,9801,NULL,,Y,37.48054,-82.51904,N,NULL,NULL,NULL,NULL,NULL,NULL,NULL,NULL,8,3,2,6,1,5,2,5,1,3,N,NULL,Y,N,1727,1728,1755,N,NULL,19,,,N,,N,N,098-CS-1222-0,NULL,NULL,2020,O,7.26E+11,098-CS-1222  -000,HIGH,098-CS-1222  -000,0.663,0,0,0,1,0,0,0,0,0,0,1,0,0,1,DAC,1,0,195-1079,1
72658668,980100,2.02E+11,20210811,1659,,CHLOE,,RD,KY1460,KY1460,0,098 KY-1460,KY1460,N,N,NULL,NULL,NULL,N,NULL,NULL,NULL,NULL,NULL,NULL,5.024,NULL,NULL,NULL,NULL,,NULL,0,0,2,2,N,N,45,NULL,98,9801,NULL,,Y,37.47754,-82.5155,N,NULL,NULL,NULL,NULL,NULL,NULL,NULL,NULL,7,3,2,4,1,1,2,2,7,3,N,NULL,Y,N,1659,1702,1743,N,NULL,54,,0,Y,,N,N,098-KY-1460-0,NULL,NULL,2021,O,7.27E+11,098-KY-1460  -000,HIGH,098-KY-1460  -000,5.024,0,0,0,0,0,0,0,0,1,1,0,1,0,1,Non-DAC,0,1,,
72532828,980100,2.02E+11,20200818,1530,,CASSIDY,,BLVD,,,,,,N,N,NULL,NULL,NULL,N,NULL,NULL,NULL,NULL,NULL,NULL,0.266,NULL,NULL,NULL,NULL,,NULL,0,0,2,2,N,N,25,NULL,98,9801,NULL,,Y,37.5047,-82.5362,N,NULL,NULL,NULL,NULL,NULL,NULL,NULL,NULL,1,3,4,6,1,1,2,2,7,3,N,NULL,N,N,1530,1531,1531,N,NULL,55,,,N,,N,N,,NULL,NULL,2020,O,7.25E+11,098-CS-1191  -000,MEDIUM,098-CS-1191  -000,0.266,0,0,0,0,0,0,1,0,0,0,0,0,0,1,Non-DAC,0,1,,
72818948,980100,2.02E+11,20221018,1153,,CHLOE,,RD,KY1460,KY1460,0,098 KY-1460,KY1460,N,N,NULL,NULL,NULL,N,NULL,NULL,NULL,NULL,NULL,NULL,3.859,NULL,NULL,NULL,NULL,,NULL,0,0,1,1,N,N,35,NULL,98,9801,NULL,,Y,37.47717,-82.4953,N,NULL,NULL,NULL,NULL,NULL,NULL,NULL,NULL,9,5,2,3,1,1,2,2,6,3,N,NULL,Y,Y,1154,1158,1305,Y,NULL,44,,0,N,,N,N,098-KY-1460-0,NULL,NULL,2022,O,7.28E+11,098-KY-1460  -000,HIGH,098-KY-1460  -000,3.859,0,0,0,0,0,0,0,0,0,0,0,1,0,1,Non-DAC,1,0,195-1113,1
72819538,980100,2.02E+11,20221021,1618,,US23,,,US0023,US0023,,,,N,N,NULL,NULL,NULL,N,NULL,NULL,NULL,NULL,NULL,NULL,27.403,NULL,NULL,NULL,NULL,,NULL,0,0,2,2,N,N,55,NULL,98,9807,NULL,,Y,37.51095,-82.54919,N,NULL,NULL,NULL,NULL,NULL,NULL,NULL,NULL,5,3,3,6,1,1,2,2,1,3,N,NULL,Y,N,1618,1626,1633,N,NULL,49,,1,N,,N,N,,NULL,NULL,2022,O,7.28E+11,098-US-0023  -010,MEDIUM,098-US-0023  -000,27.403,0,0,1,0,0,0,0,1,0,0,0,0,0,1,Non-DAC,1,0,195-0811,1
72438213,980100,2.02E+11,20191118,1225,,KY3496,,,KY3496,KY3496,,,,N,N,NULL,NULL,NULL,N,NULL,NULL,NULL,NULL,NULL,NULL,0.148,NULL,NULL,NULL,NULL,,NULL,0,0,2,2,N,N,35,NULL,98,9801,NULL,,Y,37.46624,-82.53032,N,NULL,NULL,NULL,NULL,NULL,NULL,NULL,NULL,1,3,2,3,1,1,2,2,1,3,N,NULL,Y,N,1226,1231,,N,NULL,55,16,0,N,,N,N,,NULL,NULL,2019,O,7.24E+11,098-KY-3496  -000,HIGH,098-KY-3496  -000,0.148,0,0,0,1,0,0,1,0,0,0,0,0,0,1,DAC,0,1,,
72725086,980100,2.02E+11,20220128,1518,,BAIRD,,AVE,KY1426,KY1426,,,,N,N,NULL,NULL,NULL,N,NULL,NULL,NULL,NULL,NULL,NULL,5.415,NULL,NULL,NULL,NULL,,NULL,1,0,1,1,N,N,25,NULL,98,9801,NULL,,Y,37.47299,-82.52704,N,NULL,NULL,NULL,NULL,NULL,NULL,NULL,NULL,9,97,4,6,1,5,9,2,1,3,Y,NULL,Y,Y,1518,1520,1520,N,NULL,40,,0,Y,,N,N,,NULL,NULL,2022,C,7.27E+11,098-KY-1426  -000,HIGH,098-KY-1426  -000,5.415,0,0,0,1,0,0,1,0,1,0,0,1,0,1,DAC,0,1,,
72594961,980100,2.02E+11,20210209,47,,HAMBLEY,,BLVD,,,,,,N,N,NULL,NULL,NULL,N,NULL,NULL,NULL,NULL,NULL,NULL,,NULL,NULL,NULL,NULL,NULL,NULL,0,0,1,1,N,N,35,NULL,98,9801,NULL,,Y,37.47563,-82.52454,N,NULL,NULL,NULL,NULL,NULL,NULL,NULL,NULL,9,97,2,6,1,1,2,5,1,3,N,NULL,Y,N,48,50,128,Y,NULL,40,,,Y,,N,N,,NULL,NULL,2021,O,7.26E+11,098-CS-1153  -000,MEDIUM,098-CS-1153  -000,0.191,0,0,0,0,0,0,0,0,1,0,0,1,0,1,DAC,1,0,195-1149,1
72606835,980100,2.02E+11,20210323,1544,,US23,,,US0023,US0023,,,,N,N,NULL,NULL,NULL,N,NULL,NULL,NULL,NULL,NULL,NULL,21.015,NULL,NULL,NULL,NULL,,NULL,0,0,2,2,N,N,55,NULL,98,9801,NULL,,Y,37.44522,-82.5256,N,NULL,NULL,NULL,NULL,NULL,NULL,NULL,NULL,8,3,4,6,1,1,2,2,1,3,N,NULL,Y,N,1544,1602,1602,N,NULL,53,,1,N,,N,N,,NULL,NULL,2021,O,7.26E+11,098-US-0023  -000,MEDIUM,098-US-0023  -000,21.015,0,0,1,0,0,0,1,0,0,0,0,1,0,1,Non-DAC,0,1,,
72518063,980100,2.02E+11,20200704,2243,,BYPASS,S,RD,KY1426,KY1426,,,,N,N,NULL,NULL,NULL,N,NULL,NULL,NULL,NULL,NULL,NULL,5.892,NULL,NULL,NULL,NULL,,NULL,0,0,3,3,N,N,45,NULL,98,9801,NULL,,Y,37.47436,-82.51974,N,NULL,NULL,NULL,NULL,NULL,NULL,NULL,NULL,5,3,2,6,1,1,3,5,7,3,N,NULL,Y,N,2243,2247,2314,N,NULL,70,,0,N,,N,N,,NULL,NULL,2020,O,7.25E+11,098-KY-1426  -000,HIGH,098-KY-1426  -000,5.892,0,0,1,0,0,0,1,0,0,0,0,0,0,1,DAC,0,1,,
72708332,980100,2.02E+11,20211203,50,,HAMBLEY,,BLVD,,,0,098 CS-1222,CS1222,N,N,NULL,NULL,NULL,N,NULL,NULL,NULL,NULL,NULL,NULL,0.168,NULL,NULL,NULL,NULL,,NULL,1,0,3,3,N,N,25,NULL,98,9801,NULL,,Y,37.47491,-82.52447,N,NULL,NULL,NULL,NULL,NULL,NULL,NULL,NULL,5,3,2,6,1,1,2,4,1,3,Y,NULL,Y,Y,50,54,,N,NULL,47,,,Y,,N,N,098-CS-1222-0,NULL,NULL,2021,C,7.27E+11,098-CS-1222  -000,HIGH,098-CS-1222  -000,0.168,0,0,0,0,0,0,0,0,0,0,0,0,0,1,DAC,0,1,,
72746034,980100,2.02E+11,20220331,1939,,CEMETERY,,RD,,,,,,N,N,NULL,NULL,NULL,N,NULL,NULL,NULL,NULL,NULL,NULL,0.145,NULL,NULL,NULL,NULL,,NULL,0,0,2,2,N,Y,25,NULL,98,9801,NULL,,Y,37.48031,-82.52086,N,NULL,NULL,NULL,NULL,NULL,NULL,NULL,NULL,2,3,1,6,1,1,2,2,8,3,N,NULL,Y,N,1939,1950,,N,NULL,56,,,N,,N,N,,NULL,NULL,2022,O,7.27E+11,098-CS-1167  -000,MEDIUM,098-CS-1167  -000,0.145,0,0,1,0,0,0,1,1,0,0,0,0,0,1,DAC,0,1,,
72476154,KSP0900,20-5590,20200211,2254,,US119,,,US0119,US0119,0,098 US-119-10,US0119,N,N,NULL,NULL,NULL,N,NULL,NULL,NULL,NULL,NULL,NULL,1.385,NULL,NULL,NULL,NULL,,NULL,1,0,1,1,N,N,55,NULL,98,9801,NULL,,Y,37.51122,-82.50962,N,NULL,NULL,NULL,NULL,NULL,NULL,NULL,NULL,9,2,4,1,1,5,10,7,7,3,N,NULL,Y,Y,2256,2306,2358,N,NULL,70,2,1,N,,N,Y,098-US-0119-10,NULL,NULL,2020,B,7.25E+11,098-US-0119  -010,HIGH,098-US-0119  -000,1.385,0,0,1,0,0,0,1,0,0,0,0,1,0,1,Non-DAC,0,1,,
72571957,980100,2.02E+11,20201201,1133,,KY3417,,,KY3417,KY3417,,,,N,N,NULL,NULL,NULL,N,NULL,NULL,NULL,NULL,NULL,NULL,0.565,NULL,NULL,NULL,NULL,,NULL,0,0,1,1,N,N,35,NULL,98,9801,NULL,,Y,37.4695,-82.55748,N,NULL,NULL,NULL,NULL,NULL,NULL,NULL,NULL,9,4,2,4,1,2,3,2,1,3,N,NULL,Y,N,1134,1138,1228,Y,NULL,51,17,0,N,,N,N,,NULL,NULL,2020,O,7.26E+11,098-KY-3417  -000,HIGH,098-KY-3417  -000,0.565,0,0,0,0,0,0,0,0,0,0,0,1,0,1,Non-DAC,0,1,,
72749399,980100,2.02E+11,20220404,1728,,US23,,,US0023,US0023,0,098 US-23,US0023,N,N,NULL,NULL,NULL,N,NULL,NULL,NULL,NULL,NULL,NULL,23.055,NULL,NULL,NULL,NULL,,NULL,1,0,2,2,N,N,55,NULL,98,9801,NULL,,Y,37.466,-82.52823,N,NULL,NULL,NULL,NULL,NULL,NULL,NULL,NULL,5,3,4,6,1,1,3,2,1,3,N,NULL,Y,Y,1728,1729,1729,N,NULL,49,,1,Y,,N,N,098-US-0023-0,NULL,NULL,2022,B,7.27E+11,098-US-0023  -000,HIGH,098-US-0023  -000,23.055,0,0,0,0,0,0,1,0,0,0,0,0,0,1,DAC,0,1,,
72791350,980100,2.02E+11,20220807,1459,,US23,,,US0023,US0023,0,098 US-23,US0023,N,N,NULL,NULL,NULL,N,NULL,NULL,NULL,NULL,NULL,NULL,26.281,NULL,NULL,NULL,NULL,,NULL,0,0,2,2,N,N,55,NULL,98,9801,NULL,,Y,37.50363,-82.53212,N,NULL,NULL,NULL,NULL,NULL,NULL,NULL,NULL,5,3,4,6,1,1,3,2,7,3,N,NULL,Y,N,1500,1507,1507,N,NULL,70,,1,N,,N,N,098-US-0023-0,NULL,NULL,2022,O,7.28E+11,098-US-0023  -000,HIGH,098-US-0023  -000,26.281,0,0,0,1,0,0,0,1,0,0,0,0,0,1,Non-DAC,0,1,,
72545277,980100,2.02E+11,20200923,1553,,HAROLDS BRANCH,,RD,,,0,098 CS-1223,CS1223,N,N,NULL,NULL,NULL,N,NULL,NULL,NULL,NULL,NULL,NULL,0.027,NULL,NULL,NULL,NULL,,NULL,0,0,2,2,N,N,35,NULL,98,9801,NULL,,Y,37.47249,-82.52245,N,NULL,NULL,NULL,NULL,NULL,NULL,NULL,NULL,5,3,3,6,1,1,3,2,7,3,N,NULL,Y,N,1553,1556,1611,N,NULL,49,,,N,,N,N,098-CS-1223-0,NULL,NULL,2020,O,7.25E+11,098-CS-1223  -000,HIGH,098-CS-1223  -000,0.027,0,0,0,1,0,0,1,0,0,0,0,0,0,1,Non-DAC,0,1,,