MasterFile,AgencyORINumber,LocalCode,CollisionDate,CollisionTime,CollisionDayWeekCode,RoadwayName,RoadwayName_Direction_,RoadwayName_RoadwaySuffix_,RoadwayfromReport,CurrentRoadwayNumber,RoadwayNumberCoupletID,RSEUniqueGIS,RoadwayIdentifier,ParkingLotIndicator,IntersectionWith_Indicator_,IntersectionWith_NameRoadway_,IntersectionWith_Direction_,IntersectionWith_RoadwaySuffix_,BetweenStreets_Indicator_,BetweenStreets1_NameRoadway_,BetweenStreet1_Direction_,BetweenStreets1_RoadwaySuffix_,BetweenStreets2_NameRoadway_,BetweenStreets2_Direction_,BetweenStreets2_RoadwaySuffix_,Milepoint,ReportMilepointDeriveNumber,CurrentDerivedMiepointNumber,MilestoMilepoint,FeettoMilepoint,DirectionfromMilepoint_NSEW_,ValidMilepointIndicator,NumberInjured,NumberKilled,ofUnits,ofMotorVehicleUnits,Hit&RunIndicator,OneWayIndicator,SpeedLimitNumber,KilometersIndicator,CountyCode,CityCountyCode,MilesFromCity,DirectionFromCity_NSEW_,InCityLimitsIndicator,Latitude,Longitude,RampIndicator,RampFromIdentifier,RampFromDirCode,RampFromCoupletID,RSEUniqueGISRampFrom,RampToidentifier,RampToDirCode,RampToCoupletID,RSEUniqueGisRampTo,MannerofCollisionCode,LocationFirstEventCode,TotalLanes,RoadwayCharacterCode,RoadwaySurfaceCode,RoadwayConditionCode,WeatherCode,LightConditionCode,LandUseCode,SchoolBusRelatedCode,FirstAidSceneIndicator,CollDescPresentInd,InvestigationCompleteIndicator,PhotosTakenIndicator,TimeNotified,TimeArrived,TimeRoadwayOpened,PropertyDamageIndicator,DiagramPresentIndicator,DirectionalAnalysis,FunctionClassCode,NationalHwySysCode,EnforcementsIndicator,KARSCityCode,SecondaryCollisionIndicator,MedianCrossoverIndicator,RT_UNIQUE,MapIt,TimeLastLeft,YR,KABCO,MFNY,WorkingRID,RT_CONFIDENCE,KTC_RT,KTC_MP,Motorcyclist,Commercial Vehicle,Young Driver,Mature Driver,Pedestrian,Bicyclist,Distracted,Aggressive,Impaired,Unrestrained,Intersection,Roadway Departure,Median Cross-over,CityCrash,DACid,Intersection Crash,Segment Crash,Int_ID,CityIntersection
72723010,980100,2.02E+11,20220119,1334,,KY1460,,,KY1460,KY1460,0,098 KY-1460,KY1460,N,N,NULL,NULL,NULL,N,NULL,NULL,NULL,NULL,NULL,NULL,6.825,NULL,NULL,NULL,NULL,,NULL,0,0,2,2,N,N,45,NULL,98,9801,NULL,,Y,37.48395,-82.54188,N,NULL,NULL,NULL,NULL,NULL,NULL,NULL,NULL,5,3,2,3,1,5,6,2,7,3,N,NULL,Y,N,1335,1338,1339,N,NULL,49,16,0,N,,N,N,098-KY-1460-0,NULL,NULL,2022,O,7.27E+11,098-KY-1460  -000,HIGH,098-KY-1460  -000,6.825,0,0,1,0,0,0,0,0,0,0,0,0,0,1,Non-DAC,1,0,195-1013,1
72487667,980100,2.02E+11,20200310,718,,US23,,,US0023,US0023,0,098 US-23,US0023,N,N,NULL,NULL,NULL,N,NULL,NULL,NULL,NULL,NULL,NULL,23.07,NULL,NULL,NULL,NULL,,NULL,0,0,2,2,N,N,55,NULL,98,9801,NULL,,Y,37.46597,-82.52819,N,NULL,NULL,NULL,NULL,NULL,NULL,NULL,NULL,5,3,4,6,1,5,3,2,7,3,N,NULL,Y,N,718,723,728,N,NULL,49,,1,N,,N,N,098-US-0023-0,NULL,NULL,2020,O,7.25E+11,098-US-0023  -000,HIGH,098-US-0023  -000,23.07,0,0,0,1,0,0,0,0,0,0,0,0,0,1,DAC,0,1,,
72687365,980100,2.02E+11,20211025,1615,,US23,,,,,,,,N,N,NULL,NULL,NULL,N,NULL,NULL,NULL,NULL,NULL,NULL,,NULL,NULL,NULL,NULL,NULL,NULL,1,0,2,2,N,N,55,NULL,98,9801,NULL,,Y,37.50315,-82.53208,N,NULL,NULL,NULL,NULL,NULL,NULL,NULL,NULL,1,3,4,6,1,5,2,2,1,3,N,NULL,Y,N,1615,1619,1625,N,NULL,55,,,N,,N,N,,NULL,NULL,2021,C,7.27E+11,098-US-0023  -000,MEDIUM,098-US-0023  -000,26.248,0,0,1,1,0,0,1,1,0,0,0,0,0,1,Non-DAC,1,0,195-0861,1
72696649,KSP0900,21-460682,20211110,804,,US23,,,US0023,US0023,0,098 US-23,US0023,N,N,NULL,NULL,NULL,N,NULL,NULL,NULL,NULL,NULL,NULL,18.161,NULL,NULL,NULL,NULL,,NULL,0,0,2,2,N,N,55,NULL,98,9801,NULL,,Y,37.43122,-82.51465,N,NULL,NULL,NULL,NULL,NULL,NULL,NULL,NULL,5,3,4,6,1,1,2,2,7,3,N,NULL,Y,N,804,850,804,N,NULL,49,,1,N,,N,N,098-US-0023-0,NULL,NULL,2021,O,7.27E+11,098-US-0023  -000,HIGH,098-US-0023  -000,18.161,0,0,0,0,0,0,0,1,0,0,0,0,0,1,Non-DAC,0,1,,
72582404,980100,2.02E+11,20210107,1350,,TOWN MTN ROAD,,,,,,,,N,N,NULL,NULL,NULL,N,NULL,NULL,NULL,NULL,NULL,NULL,,NULL,NULL,NULL,NULL,,NULL,0,0,2,2,N,N,45,NULL,98,9801,NULL,,Y,37.51331,-82.48769,N,NULL,NULL,NULL,NULL,NULL,NULL,NULL,NULL,5,3,2,6,1,1,3,2,7,3,N,NULL,Y,N,1350,1350,1400,N,NULL,49,,,N,,N,N,,NULL,NULL,2021,O,7.26E+11,098-KY-1426  -020,MEDIUM,098-KY-1426  -020,0.075,0,0,0,0,0,0,1,0,0,0,0,0,0,1,Non-DAC,1,0,195-0777,1
72501958,980100,2.02E+11,20200516,730,,CHLOE,,RD,KY1460,KY1460,,,,N,N,NULL,NULL,NULL,N,NULL,NULL,NULL,NULL,NULL,NULL,3.908,NULL,NULL,NULL,NULL,,NULL,0,0,1,1,N,N,45,NULL,98,9801,NULL,,Y,37.47694,-82.49514,N,NULL,NULL,NULL,NULL,NULL,NULL,NULL,NULL,9,3,2,3,1,1,3,2,6,3,N,NULL,N,N,730,730,730,N,NULL,40,,0,N,,N,N,,NULL,NULL,2020,O,7.25E+11,098-KY-1460  -000,HIGH,098-KY-1460  -000,3.908,0,0,0,0,0,0,1,0,0,0,0,1,0,1,Non-DAC,1,0,195-1119,1
72514376,980100,2.02E+11,20200623,951,,US23,,,US0023,US0023,0,098 US-23,US0023,N,N,NULL,NULL,NULL,N,NULL,NULL,NULL,NULL,NULL,NULL,22.934,NULL,NULL,NULL,NULL,,NULL,1,0,2,2,N,N,55,NULL,98,9801,NULL,,Y,37.46537,-82.526,N,NULL,NULL,NULL,NULL,NULL,NULL,NULL,NULL,5,3,4,6,1,1,3,2,7,3,Y,NULL,Y,Y,952,954,1054,N,NULL,70,,1,N,,N,N,098-US-0023-0,NULL,NULL,2020,C,7.25E+11,098-US-0023  -000,HIGH,098-US-0023  -000,22.934,0,1,0,0,0,0,1,0,0,0,0,0,0,1,DAC,0,1,,
72573381,980100,2.02E+11,20201209,1945,,MAYO,N,TRL,US0023,US0023,0,098 US-23,US0023,N,N,NULL,NULL,NULL,N,NULL,NULL,NULL,NULL,NULL,NULL,31.67,NULL,NULL,NULL,NULL,,NULL,0,0,1,1,N,N,55,NULL,98,9801,NULL,,Y,37.53713,-82.60283,N,NULL,NULL,NULL,NULL,NULL,NULL,NULL,NULL,9,3,4,6,1,1,2,7,7,3,N,NULL,Y,N,1945,1950,1950,N,NULL,38,,1,N,,N,N,098-US-0023-0,NULL,NULL,2020,O,7.26E+11,098-US-0023  -000,HIGH,098-US-0023  -000,31.67,0,0,0,0,0,0,0,0,0,0,0,0,0,1,Non-DAC,0,1,,
72712816,980100,2.02E+11,20211222,1250,,KY3496,,,KY3496,KY3496,,,,N,N,NULL,NULL,NULL,N,NULL,NULL,NULL,NULL,NULL,NULL,0.57,NULL,NULL,NULL,NULL,,NULL,0,0,2,2,N,N,35,NULL,98,9801,NULL,,Y,37.47108,-82.53339,N,NULL,NULL,NULL,NULL,NULL,NULL,NULL,NULL,5,3,2,3,1,1,2,2,7,3,N,NULL,Y,N,1251,1254,,N,NULL,49,16,0,N,,N,N,,NULL,NULL,2021,O,7.27E+11,098-KY-3496  -000,HIGH,098-KY-3496  -000,0.57,0,0,0,0,0,0,1,0,0,0,0,0,0,1,DAC,0,1,,
72712167,980100,2.02E+11,20211214,1746,,US23,,,US0023,US0023,,,,N,N,NULL,NULL,NULL,N,NULL,NULL,NULL,NULL,NULL,NULL,26.165,NULL,NULL,NULL,NULL,,NULL,2,0,3,3,N,N,55,NULL,98,9801,NULL,,Y,37.50198,-82.53213,N,NULL,NULL,NULL,NULL,NULL,NULL,NULL,NULL,5,3,4,6,1,1,2,5,7,3,N,NULL,Y,Y,1746,1752,1842,N,NULL,70,,1,N,,N,N,,NULL,NULL,2021,B,7.27E+11,098-US-0023  -010,MEDIUM,098-US-0023  -000,26.165,0,0,0,1,0,0,1,0,0,0,0,0,0,1,Non-DAC,1,0,195-0861,1
72565729,980100,2.02E+11,20201111,1054,,US23,,,US0023,US0023,,,,N,Y,CASSIDY,,BLVD,N,NULL,NULL,NULL,NULL,NULL,NULL,26.292,NULL,NULL,NULL,NULL,,NULL,2,0,2,2,N,N,55,NULL,98,9801,NULL,,Y,37.50376,-82.53237,N,NULL,NULL,NULL,NULL,NULL,NULL,NULL,NULL,5,3,4,6,1,5,6,2,7,3,Y,NULL,Y,Y,1054,1055,,N,NULL,35,,1,N,,N,N,,NULL,NULL,2020,C,7.26E+11,098-US-0023  -010,MEDIUM,098-US-0023  -000,26.292,0,1,0,0,0,0,0,1,0,0,1,0,0,1,Non-DAC,0,1,,
72446574,980100,2.02E+11,20191205,1258,,CASSIDY,,BLVD,,,0,098 CS-1191,CS1191,N,N,NULL,NULL,NULL,N,NULL,NULL,NULL,NULL,NULL,NULL,0.192,NULL,NULL,NULL,NULL,,NULL,0,0,2,2,Y,N,25,NULL,98,9801,NULL,,Y,37.50395,-82.53512,N,NULL,NULL,NULL,NULL,NULL,NULL,NULL,NULL,8,3,4,3,1,1,2,2,7,3,N,NULL,N,N,1258,1304,1304,N,NULL,53,,,N,,N,N,098-CS-1191-0,NULL,NULL,2019,O,7.24E+11,098-CS-1191  -000,HIGH,098-CS-1191  -000,0.192,0,0,0,0,0,0,1,0,0,0,0,1,0,1,Non-DAC,0,1,,
72469113,980100,2.02E+11,20200127,1223,,HAMBLEY,,BLVD,,,0,098 CS-1222,CS1222,N,N,NULL,NULL,NULL,N,NULL,NULL,NULL,NULL,NULL,NULL,0.04,NULL,NULL,NULL,NULL,,NULL,0,0,2,2,N,N,35,NULL,98,9801,NULL,,Y,37.47408,-82.52724,N,NULL,NULL,NULL,NULL,NULL,NULL,NULL,NULL,1,3,4,6,1,5,3,2,7,3,N,NULL,Y,N,1224,1225,1252,N,NULL,55,,,N,,N,N,098-CS-1222-0,NULL,NULL,2020,O,7.25E+11,098-CS-1222  -000,HIGH,098-CS-1222  -000,0.04,0,0,1,1,0,0,1,0,0,0,0,0,0,1,DAC,1,0,195-1167,1
72579582,980100,2.02E+11,20201223,2232,,BYPASS,S,RD,KY1426,KY1426,0,098 KY-1426,KY1426,N,N,NULL,NULL,NULL,N,NULL,NULL,NULL,NULL,NULL,NULL,6.027,NULL,NULL,NULL,NULL,,NULL,1,0,1,1,N,N,55,NULL,98,9801,NULL,,Y,37.47586,-82.51809,N,NULL,NULL,NULL,NULL,NULL,NULL,NULL,NULL,9,4,2,6,1,1,3,6,7,3,N,NULL,Y,Y,2332,2233,2310,N,NULL,44,,0,N,,N,N,098-KY-1426-0,NULL,NULL,2020,C,7.26E+11,098-KY-1426  -000,HIGH,098-KY-1426  -000,6.027,0,0,0,0,0,0,0,0,0,1,0,1,0,1,DAC,0,1,,
72570361,980100,2.02E+11,20201130,1127,,US23,,,US0023,US0023,,,,N,N,NULL,NULL,NULL,N,NULL,NULL,NULL,NULL,NULL,NULL,27.442,NULL,NULL,NULL,NULL,,NULL,0,0,2,2,N,N,55,NULL,98,9807,NULL,,Y,37.5111,-82.54993,N,NULL,NULL,NULL,NULL,NULL,NULL,NULL,NULL,5,3,6,6,1,5,2,2,7,3,N,NULL,N,N,1127,1137,1127,N,NULL,49,,1,N,,N,N,,NULL,NULL,2020,O,7.26E+11,098-US-0023  -010,MEDIUM,098-US-0023  -000,27.442,0,0,1,0,0,0,0,1,0,0,0,0,0,1,Non-DAC,0,1,,
72839795,980100,2.02E+11,20221130,938,,US23,,,US0023,US0023,0,098 US-23,US0023,N,N,NULL,NULL,NULL,N,NULL,NULL,NULL,NULL,NULL,NULL,23.06,NULL,NULL,NULL,NULL,,NULL,3,0,2,2,N,N,55,NULL,98,9801,NULL,,Y,37.46594,-82.52803,N,NULL,NULL,NULL,NULL,NULL,NULL,NULL,NULL,5,3,4,6,1,5,6,2,7,3,Y,NULL,Y,Y,938,941,1015,N,NULL,49,,1,N,,N,N,098-US-0023-0,NULL,NULL,2022,C,7.28E+11,098-US-0023  -000,HIGH,098-US-0023  -000,23.06,0,0,0,0,0,0,1,0,0,0,0,0,0,1,DAC,0,1,,
72797371,980100,2.02E+11,20220803,1228,,US23,,,US0023,US0023,0,098 US-23-10,US0023,N,Y,MAYO,,CIR,N,NULL,NULL,NULL,NULL,NULL,NULL,22.29,NULL,NULL,NULL,NULL,,NULL,1,0,2,2,N,N,55,NULL,98,9801,NULL,,Y,37.46134,-82.51697,N,NULL,NULL,NULL,NULL,NULL,NULL,NULL,NULL,5,3,4,6,1,1,2,2,7,3,Y,NULL,Y,Y,1228,1231,1231,N,NULL,14,,1,N,,N,N,098-US-0023-10,NULL,NULL,2022,C,7.28E+11,098-US-0023  -010,HIGH,098-US-0023  -000,22.29,0,0,0,1,0,0,1,0,0,0,1,0,0,1,Non-DAC,0,1,,
72799739,980100,2.02E+11,20220812,947,,US23,,,US0023,US0023,0,098 US-23,US0023,N,Y,US119 TURN LANE FROM US23 N,,,N,NULL,NULL,NULL,NULL,NULL,NULL,26.289,NULL,NULL,NULL,NULL,,NULL,0,0,2,2,N,N,55,NULL,98,9801,NULL,,Y,37.50374,-82.53215,N,NULL,NULL,NULL,NULL,NULL,NULL,NULL,NULL,1,3,4,6,1,1,2,2,7,3,N,NULL,Y,N,947,950,1020,N,NULL,10,,1,N,,N,N,098-US-0023-0,NULL,NULL,2022,O,7.28E+11,098-US-0023  -000,HIGH,098-US-0023  -000,26.289,0,0,0,1,0,0,1,1,0,0,1,0,0,1,Non-DAC,0,1,,
72803970,980100,2.02E+11,20220911,2132,,BYPASS,S,RD,KY1426,KY1426,0,098 KY-1426,KY1426,N,N,NULL,NULL,NULL,N,NULL,NULL,NULL,NULL,NULL,NULL,5.687,NULL,NULL,NULL,NULL,,NULL,0,0,2,2,N,N,55,NULL,98,9801,NULL,,Y,37.47276,-82.5229,N,NULL,NULL,NULL,NULL,NULL,NULL,NULL,NULL,5,3,2,6,1,5,3,5,7,3,N,NULL,Y,N,2133,2137,2149,N,NULL,49,,0,N,,N,N,098-KY-1426-0,NULL,NULL,2022,O,7.28E+11,098-KY-1426  -000,HIGH,098-KY-1426  -000,5.687,0,0,0,0,0,0,1,0,0,0,0,0,0,1,DAC,1,0,195-1178,1
72521198,980100,2.02E+11,20200715,821,,HAROLDS BRANCH,,RD,,,,,,N,N,NULL,NULL,NULL,N,NULL,NULL,NULL,NULL,NULL,NULL,0.238,NULL,NULL,NULL,NULL,,NULL,0,0,2,2,N,N,25,NULL,98,9801,NULL,,Y,37.46957,-82.51871,N,NULL,NULL,NULL,NULL,NULL,NULL,NULL,NULL,3,3,2,6,1,1,2,2,7,3,N,NULL,N,N,822,825,904,N,NULL,52,,,N,,N,N,,NULL,NULL,2020,O,7.25E+11,098-CS-1223  -000,LOW,098-CS-1223  -000,0.238,0,0,0,0,0,0,1,0,0,0,0,1,0,1,Non-DAC,0,1,,
72655982,980100,2.02E+11,20210806,1426,,US23,,,US0023,US0023,0,098 US-23-10,US0023,N,N,NULL,NULL,NULL,N,NULL,NULL,NULL,NULL,NULL,NULL,27.389,NULL,NULL,NULL,NULL,,NULL,0,0,2,2,N,N,55,NULL,98,9807,NULL,,Y,37.51086,-82.54903,N,NULL,NULL,NULL,NULL,NULL,NULL,NULL,NULL,5,3,4,6,1,1,2,2,7,3,N,NULL,Y,N,1427,1437,1437,N,NULL,49,,1,N,,N,N,098-US-0023-10,NULL,NULL,2021,O,7.27E+11,098-US-0023  -010,HIGH,098-US-0023  -000,27.389,0,0,0,1,0,0,1,0,0,0,0,0,0,1,Non-DAC,1,0,195-0811,1
72677877,KSP0900,21-406942,20211002,134,,HAROLDS BRANCH,,RD,,,0,098 CS-1223,CS1223,N,N,NULL,NULL,NULL,N,NULL,NULL,NULL,NULL,NULL,NULL,0.136,NULL,NULL,NULL,NULL,,NULL,1,0,1,1,N,N,5,NULL,98,9801,NULL,,Y,37.47109,-82.52155,N,NULL,NULL,NULL,NULL,NULL,NULL,NULL,NULL,9,97,1,5,97,11,2,7,4,3,N,NULL,Y,N,346,350,350,N,NULL,70,,,N,,N,N,098-CS-1223-0,NULL,NULL,2021,B,7.27E+11,098-CS-1223  -000,HIGH,098-CS-1223  -000,0.136,0,0,1,0,0,0,0,0,1,0,0,1,0,1,Non-DAC,0,1,,
72533411,KSP0900,20-638292,20200807,1654,,US23,,,US0023,US0023,0,098 US-23,US0023,N,N,NULL,NULL,NULL,N,NULL,NULL,NULL,NULL,NULL,NULL,23.871,NULL,NULL,NULL,NULL,,NULL,0,0,3,3,N,N,55,NULL,98,9801,NULL,,Y,37.47458,-82.53709,N,NULL,NULL,NULL,NULL,NULL,NULL,NULL,NULL,5,3,4,6,1,1,2,2,7,3,N,NULL,Y,N,1654,1657,,N,NULL,49,,1,N,,N,N,098-US-0023-0,NULL,NULL,2020,O,7.25E+11,098-US-0023  -000,HIGH,098-US-0023  -000,23.871,0,0,0,0,0,0,0,0,0,0,0,0,0,1,DAC,0,1,,
72653416,980100,2.02E+11,20210723,1739,,KY3496,,,KY3496,KY3496,0,098 KY-3496,KY3496,N,N,NULL,NULL,NULL,N,NULL,NULL,NULL,NULL,NULL,NULL,0.241,NULL,NULL,NULL,NULL,,NULL,1,0,2,2,N,N,35,NULL,98,9801,NULL,,Y,37.46688,-82.53181,N,NULL,NULL,NULL,NULL,NULL,NULL,NULL,NULL,5,3,2,6,1,1,2,2,1,3,Y,NULL,Y,Y,1739,1745,1844,N,NULL,49,16,0,N,,N,N,098-KY-3496-0,NULL,NULL,2021,B,7.27E+11,098-KY-3496  -000,HIGH,098-KY-3496  -000,0.241,0,0,0,1,0,0,1,0,0,0,0,0,0,1,DAC,0,1,,
72720067,980100,2.02E+11,20220112,1212,,CASSIDY,,BLVD,,,0,098 CS-1191,CS1191,N,N,NULL,NULL,NULL,N,NULL,NULL,NULL,NULL,NULL,NULL,0.242,NULL,NULL,NULL,NULL,,NULL,0,0,2,2,N,N,15,NULL,98,9801,NULL,,Y,37.50449,-82.53583,N,NULL,NULL,NULL,NULL,NULL,NULL,NULL,NULL,1,3,3,6,1,1,2,2,1,3,N,NULL,Y,N,1213,1223,1223,N,NULL,55,,,N,,N,N,098-CS-1191-0,NULL,NULL,2022,O,7.27E+11,098-CS-1191  -000,HIGH,098-CS-1191  -000,0.242,0,0,0,1,0,0,1,0,0,0,0,0,0,1,Non-DAC,0,1,,
72494431,980100,2.02E+11,20200411,616,,CHLOE,,RD,KY1460,KY1460,,,,N,N,NULL,NULL,NULL,N,NULL,NULL,NULL,NULL,NULL,NULL,3.414,NULL,NULL,NULL,NULL,,NULL,0,0,1,1,N,N,45,NULL,98,9801,NULL,,Y,37.47499,-82.48728,N,NULL,NULL,NULL,NULL,NULL,NULL,NULL,NULL,9,3,2,6,1,1,2,6,6,1,N,NULL,Y,N,616,618,735,N,NULL,40,,0,N,,N,N,,NULL,NULL,2020,O,7.25E+11,098-KY-1460  -000,HIGH,098-KY-1460  -000,3.414,0,0,0,1,0,0,0,0,0,1,0,1,0,1,Non-DAC,0,1,,
72699518,KSP0900,21-469765,20211116,1835,,OWSLEY,,RD,KY1384,KY1384,0,098 KY-1384,KY1384,N,N,NULL,NULL,NULL,N,NULL,NULL,NULL,NULL,NULL,NULL,5.402,NULL,NULL,NULL,NULL,,NULL,0,0,1,1,N,N,35,NULL,98,9801,NULL,,Y,37.48179,-82.56426,N,NULL,NULL,NULL,NULL,NULL,NULL,NULL,NULL,9,3,2,4,1,1,2,6,7,3,N,NULL,Y,N,1842,1925,,N,NULL,40,17,0,N,,N,N,098-KY-1384-0,NULL,NULL,2021,O,7.27E+11,098-KY-1384  -000,HIGH,098-KY-1384  -000,5.402,0,0,0,0,0,0,0,0,0,0,0,1,0,1,Non-DAC,0,1,,
72631506,KSP0900,21-218409,20210528,2015,,US23,,,US0023,US0023,0,098 US-23,US0023,N,N,NULL,NULL,NULL,N,NULL,NULL,NULL,NULL,NULL,NULL,29.564,NULL,NULL,NULL,NULL,,NULL,1,0,2,2,Y,N,55,NULL,98,9807,NULL,,Y,37.53108,-82.57665,N,NULL,NULL,NULL,NULL,NULL,NULL,NULL,NULL,5,3,6,6,1,1,2,2,7,3,N,NULL,Y,Y,2015,2020,2035,N,NULL,49,,1,N,,N,N,098-US-0023-0,NULL,NULL,2021,B,7.26E+11,098-US-0023  -000,HIGH,098-US-0023  -000,29.564,0,0,0,0,0,0,1,0,0,0,0,0,0,1,Non-DAC,1,0,195-0664,1
72700833,980100,2.02E+11,20211123,1822,,US23,,,US0023,US0023,0,098 US-23,US0023,N,N,NULL,NULL,NULL,N,NULL,NULL,NULL,NULL,NULL,NULL,26.626,NULL,NULL,NULL,NULL,,NULL,0,0,2,2,Y,N,55,NULL,98,9801,NULL,,Y,37.5078,-82.53523,N,NULL,NULL,NULL,NULL,NULL,NULL,NULL,NULL,8,3,6,3,1,1,2,6,7,3,N,NULL,Y,N,1822,1829,1822,N,NULL,53,,1,N,,N,N,098-US-0023-0,NULL,NULL,2021,O,7.27E+11,098-US-0023  -000,HIGH,098-US-0023  -000,26.626,0,1,0,0,0,0,0,0,0,0,0,1,0,1,Non-DAC,0,1,,
72698282,980100,2.02E+11,20211110,1445,,US23,,,US0023,US0023,0,098 US-23,US0023,N,N,NULL,NULL,NULL,N,NULL,NULL,NULL,NULL,NULL,NULL,26.282,NULL,NULL,NULL,NULL,,NULL,0,0,2,2,N,N,55,NULL,98,9801,NULL,,Y,37.50364,-82.53214,N,NULL,NULL,NULL,NULL,NULL,NULL,NULL,NULL,5,3,4,6,1,1,2,2,7,3,N,NULL,Y,N,1445,1445,1445,N,NULL,49,,1,N,,N,N,098-US-0023-0,NULL,NULL,2021,O,7.27E+11,098-US-0023  -000,HIGH,098-US-0023  -000,26.282,0,0,1,0,0,0,0,0,0,0,0,0,0,1,Non-DAC,0,1,,
72678020,980100,2.02E+11,20211001,1633,,CASSIDY,,BLVD,,,0,098 CS-1191,CS1191,N,N,NULL,NULL,NULL,N,NULL,NULL,NULL,NULL,NULL,NULL,0.007,NULL,NULL,NULL,NULL,,NULL,0,0,2,2,N,N,55,NULL,98,9801,NULL,,Y,37.50375,-82.53226,N,NULL,NULL,NULL,NULL,NULL,NULL,NULL,NULL,5,3,4,6,1,1,2,2,1,3,N,NULL,Y,N,1633,1640,1716,N,NULL,49,,,N,,N,N,098-CS-1191-0,NULL,NULL,2021,O,7.27E+11,098-CS-1191  -000,HIGH,098-CS-1191  -000,0.007,0,1,0,0,0,0,1,0,0,0,0,0,0,1,Non-DAC,1,0,195-0861,1
72511749,980100,2.02E+11,20200614,1821,,THOMPSON,,RD,,,,,,N,N,NULL,NULL,NULL,N,NULL,NULL,NULL,NULL,NULL,NULL,0.424,NULL,NULL,NULL,NULL,,NULL,0,0,2,2,N,N,45,NULL,98,9801,NULL,,Y,37.50639,-82.54498,N,NULL,NULL,NULL,NULL,NULL,NULL,NULL,NULL,1,3,2,3,1,5,3,2,7,3,N,NULL,Y,N,1821,1829,1829,N,NULL,55,,,N,,N,N,,NULL,NULL,2020,O,7.25E+11,098-CS-1215  -000,MEDIUM,098-CS-1215  -000,0.424,0,0,0,0,0,0,1,0,0,0,0,0,0,1,Non-DAC,1,0,195-0839,1
72487091,980100,2.02E+11,20200311,756,,US23,,,US0023,US0023,,,,N,N,NULL,NULL,NULL,N,NULL,NULL,NULL,NULL,NULL,NULL,31.568,NULL,NULL,NULL,NULL,,NULL,0,0,2,2,N,N,55,NULL,98,9801,NULL,,Y,37.53688,-82.601,N,NULL,NULL,NULL,NULL,NULL,NULL,NULL,NULL,5,3,4,6,1,1,3,1,7,3,N,NULL,N,N,756,812,,N,NULL,49,,1,N,,N,N,,NULL,NULL,2020,O,7.25E+11,098-US-0023  -000,MEDIUM,098-US-0023  -000,31.568,0,0,0,0,0,0,0,1,0,0,0,0,0,1,Non-DAC,1,0,195-0620,1
72686390,980100,2.02E+11,20211022,1324,,US23,,,US0023,US0023,,,,N,N,NULL,NULL,NULL,N,NULL,NULL,NULL,NULL,NULL,NULL,19.038,NULL,NULL,NULL,NULL,,NULL,0,0,2,2,N,N,55,NULL,98,9801,NULL,,Y,37.44165,-82.50656,N,NULL,NULL,NULL,NULL,NULL,NULL,NULL,NULL,8,3,4,6,1,1,3,2,1,3,N,NULL,Y,N,1324,1324,,N,NULL,53,,1,N,,N,N,,NULL,NULL,2021,O,7.27E+11,098-US-0023  -010,MEDIUM,098-US-0023  -000,19.038,0,0,0,1,0,0,1,1,0,0,0,1,0,1,Non-DAC,0,1,,
72555282,980100,2.02E+11,20201021,946,,HAROLDS BRANCH,,RD,,,0,098 CS-1223,CS1223,N,N,NULL,NULL,NULL,N,NULL,NULL,NULL,NULL,NULL,NULL,0.059,NULL,NULL,NULL,NULL,,NULL,0,0,1,1,N,Y,5,NULL,98,9801,NULL,,Y,37.47207,-82.52223,N,NULL,NULL,NULL,NULL,NULL,NULL,NULL,NULL,9,97,1,3,2,1,2,2,1,3,N,NULL,Y,Y,946,950,1004,Y,NULL,40,,,N,,N,N,098-CS-1223-0,NULL,NULL,2020,O,7.26E+11,098-CS-1223  -000,HIGH,098-CS-1223  -000,0.059,0,0,0,0,0,0,0,0,0,0,0,1,0,1,Non-DAC,0,1,,
72588103,980100,2.02E+11,20210122,1326,,US23,,,US0023,US0023,,,,N,N,NULL,NULL,NULL,N,NULL,NULL,NULL,NULL,NULL,NULL,23.055,NULL,NULL,NULL,NULL,,NULL,6,0,3,3,N,N,55,NULL,98,9801,NULL,,Y,37.4659,-82.52794,N,NULL,NULL,NULL,NULL,NULL,NULL,NULL,NULL,5,3,4,6,1,1,2,2,7,3,Y,NULL,N,Y,1326,1332,1407,N,NULL,49,,1,N,,N,N,,NULL,NULL,2021,C,7.26E+11,098-US-0023  -000,MEDIUM,098-US-0023  -000,23.055,0,0,0,1,0,0,1,0,0,0,0,0,0,1,DAC,0,1,,
72544005,KSP0900,20-698321,20200914,1746,,KY3218,,,KY3218,KY3218,0,098 KY-3218,KY3218,N,N,NULL,NULL,NULL,N,NULL,NULL,NULL,NULL,NULL,NULL,3.072,NULL,NULL,NULL,NULL,,NULL,0,0,2,2,N,N,55,NULL,98,9801,NULL,,Y,37.56003,-82.55866,N,NULL,NULL,NULL,NULL,NULL,NULL,NULL,NULL,5,3,2,6,1,1,2,2,7,3,N,NULL,Y,N,1753,1824,1840,N,NULL,49,8,0,N,,N,N,098-KY-3218-0,NULL,NULL,2020,O,7.25E+11,098-KY-3218  -000,HIGH,098-KY-3218  -000,3.072,0,0,1,0,0,0,0,0,0,0,0,0,0,1,Non-DAC,0,1,,