MasterFile,AgencyORINumber,LocalCode,CollisionDate,CollisionTime,CollisionDayWeekCode,RoadwayName,RoadwayName_Direction_,RoadwayName_RoadwaySuffix_,RoadwayfromReport,CurrentRoadwayNumber,RoadwayNumberCoupletID,RSEUniqueGIS,RoadwayIdentifier,ParkingLotIndicator,IntersectionWith_Indicator_,IntersectionWith_NameRoadway_,IntersectionWith_Direction_,IntersectionWith_RoadwaySuffix_,BetweenStreets_Indicator_,BetweenStreets1_NameRoadway_,BetweenStreet1_Direction_,BetweenStreets1_RoadwaySuffix_,BetweenStreets2_NameRoadway_,BetweenStreets2_Direction_,BetweenStreets2_RoadwaySuffix_,Milepoint,ReportMilepointDeriveNumber,CurrentDerivedMiepointNumber,MilestoMilepoint,FeettoMilepoint,DirectionfromMilepoint_NSEW_,ValidMilepointIndicator,NumberInjured,NumberKilled,ofUnits,ofMotorVehicleUnits,Hit&RunIndicator,OneWayIndicator,SpeedLimitNumber,KilometersIndicator,CountyCode,CityCountyCode,MilesFromCity,DirectionFromCity_NSEW_,InCityLimitsIndicator,Latitude,Longitude,RampIndicator,RampFromIdentifier,RampFromDirCode,RampFromCoupletID,RSEUniqueGISRampFrom,RampToidentifier,RampToDirCode,RampToCoupletID,RSEUniqueGisRampTo,MannerofCollisionCode,LocationFirstEventCode,TotalLanes,RoadwayCharacterCode,RoadwaySurfaceCode,RoadwayConditionCode,WeatherCode,LightConditionCode,LandUseCode,SchoolBusRelatedCode,FirstAidSceneIndicator,CollDescPresentInd,InvestigationCompleteIndicator,PhotosTakenIndicator,TimeNotified,TimeArrived,TimeRoadwayOpened,PropertyDamageIndicator,DiagramPresentIndicator,DirectionalAnalysis,FunctionClassCode,NationalHwySysCode,EnforcementsIndicator,KARSCityCode,SecondaryCollisionIndicator,MedianCrossoverIndicator,RT_UNIQUE,MapIt,TimeLastLeft,YR,KABCO,MFNY,WorkingRID,RT_CONFIDENCE,KTC_RT,KTC_MP,Motorcyclist,Commercial Vehicle,Young Driver,Mature Driver,Pedestrian,Bicyclist,Distracted,Aggressive,Impaired,Unrestrained,Intersection,Roadway Departure,Median Cross-over,CityCrash,DACid,Intersection Crash,Segment Crash,Int_ID,CityIntersection
72486292,980100,2.02E+11,20200304,740,,US23,,,US0023,US0023,,,,N,N,NULL,NULL,NULL,N,NULL,NULL,NULL,NULL,NULL,NULL,27.358,NULL,NULL,NULL,NULL,,NULL,0,0,2,2,N,N,55,NULL,98,9801,NULL,,Y,37.51086,-82.54839,N,NULL,NULL,NULL,NULL,NULL,NULL,NULL,NULL,5,3,6,6,1,1,2,2,7,1,N,NULL,Y,N,740,751,816,N,NULL,49,,1,N,,N,N,,NULL,NULL,2020,O,7.25E+11,098-US-0023  -000,MEDIUM,098-US-0023  -000,27.358,0,0,0,0,0,0,1,0,0,0,0,0,0,1,Non-DAC,1,0,195-0811,1
72545390,980100,2.02E+11,20200923,654,,BYPASS,S,RD,KY1426,KY1426,0,098 KY-1426,KY1426,N,N,NULL,NULL,NULL,N,NULL,NULL,NULL,NULL,NULL,NULL,5.562,NULL,NULL,NULL,NULL,,NULL,0,0,3,3,N,N,55,NULL,98,9801,NULL,,Y,37.47233,-82.52512,N,NULL,NULL,NULL,NULL,NULL,NULL,NULL,NULL,5,3,2,6,1,1,2,5,1,3,N,NULL,Y,N,654,700,708,N,NULL,49,,0,N,,N,N,098-KY-1426-0,NULL,NULL,2020,O,7.25E+11,098-KY-1426  -000,HIGH,098-KY-1426  -000,5.562,0,0,0,0,0,0,1,0,0,0,0,0,0,1,DAC,0,1,,
72750975,980100,2.02E+11,20220408,1321,,CASSIDY,,BLVD,,,0,098 CS-1191,CS1191,N,N,NULL,NULL,NULL,N,NULL,NULL,NULL,NULL,NULL,NULL,0.062,NULL,NULL,NULL,NULL,,NULL,2,0,2,2,N,N,35,NULL,98,9801,NULL,,Y,37.50368,-82.53316,N,NULL,NULL,NULL,NULL,NULL,NULL,NULL,NULL,1,3,3,6,1,5,8,2,1,3,Y,NULL,Y,Y,1321,1328,1349,N,NULL,55,,,N,,N,N,098-CS-1191-0,NULL,NULL,2022,B,7.28E+11,098-CS-1191  -000,HIGH,098-CS-1191  -000,0.062,0,0,0,1,0,0,1,0,0,0,0,0,0,1,Non-DAC,0,1,,
72655259,980100,2.02E+11,20210805,1455,,US23,,,US0023,US0023,0,098 US-23,US0023,N,N,NULL,NULL,NULL,N,NULL,NULL,NULL,NULL,NULL,NULL,22.392,NULL,NULL,NULL,NULL,,NULL,1,0,2,2,N,N,55,NULL,98,9801,NULL,,Y,37.46267,-82.51748,N,NULL,NULL,NULL,NULL,NULL,NULL,NULL,NULL,1,3,4,6,1,1,2,2,7,3,N,NULL,Y,Y,1455,1459,1552,N,NULL,55,,1,N,,N,N,098-US-0023-0,NULL,NULL,2021,B,7.27E+11,098-US-0023  -000,HIGH,098-US-0023  -000,22.392,0,0,0,1,0,0,1,0,0,0,0,0,0,1,Non-DAC,0,1,,
72737354,KSP0900,22-79497,20220304,1300,,US119,,,US0119,US0119,0,098 US-119-10,US0119,N,N,NULL,NULL,NULL,N,NULL,NULL,NULL,NULL,NULL,NULL,1.198,NULL,NULL,NULL,NULL,,NULL,1,0,1,1,N,N,55,NULL,98,9801,8,N,N,37.50915,-82.51213,N,NULL,NULL,NULL,NULL,NULL,NULL,NULL,NULL,9,3,2,6,1,1,2,2,6,3,N,NULL,Y,Y,1302,1308,,N,NULL,44,2,1,N,,N,Y,098-US-0119-10,NULL,NULL,2022,C,7.27E+11,098-US-0119  -010,HIGH,098-US-0119  -000,1.198,0,0,0,0,0,0,0,0,0,0,0,1,0,1,Non-DAC,0,1,,
72709187,980100,2.02E+11,20211212,2231,,US23,,,US0023,US0023,,,,N,N,NULL,NULL,NULL,N,NULL,NULL,NULL,NULL,NULL,NULL,27.375,NULL,NULL,NULL,NULL,,NULL,2,0,2,2,N,N,55,NULL,98,9801,NULL,,Y,37.51085,-82.54896,N,NULL,NULL,NULL,NULL,NULL,NULL,NULL,NULL,5,3,4,6,1,1,2,5,1,3,N,NULL,Y,Y,2231,2236,2339,N,NULL,49,,1,N,,N,N,,NULL,NULL,2021,C,7.27E+11,098-US-0023  -010,MEDIUM,098-US-0023  -000,27.375,0,0,0,0,0,0,0,0,0,0,0,1,0,1,Non-DAC,1,0,195-0811,1
72720066,980100,2.02E+11,20220111,1147,,CASSIDY,,BLVD,,,0,098 CS-1191,CS1191,N,N,NULL,NULL,NULL,N,NULL,NULL,NULL,NULL,NULL,NULL,0.311,NULL,NULL,NULL,NULL,,NULL,0,0,2,2,N,N,15,NULL,98,9801,NULL,,Y,37.50518,-82.53706,N,NULL,NULL,NULL,NULL,NULL,NULL,NULL,NULL,1,3,2,6,1,1,2,2,1,3,N,NULL,Y,N,1148,1149,1151,N,NULL,55,,,N,,N,N,098-CS-1191-0,NULL,NULL,2022,O,7.27E+11,098-CS-1191  -000,HIGH,098-CS-1191  -000,0.311,0,0,0,0,0,0,0,0,0,0,0,0,0,1,Non-DAC,0,1,,
72474083,980100,2.02E+11,20200209,1226,,MYRA BARNES,,AVE,,,,,,N,N,NULL,NULL,NULL,N,NULL,NULL,NULL,NULL,NULL,NULL,0.073,NULL,NULL,NULL,NULL,,NULL,0,0,2,2,Y,N,15,NULL,98,9801,NULL,,Y,37.48373,-82.53085,N,NULL,NULL,NULL,NULL,NULL,NULL,NULL,NULL,6,7,1,6,1,1,3,5,6,3,N,NULL,N,N,1226,1230,1230,N,NULL,47,,,N,,N,N,,NULL,NULL,2020,O,7.25E+11,098-CS-1150  -000,MEDIUM,098-CS-1150  -000,0.073,0,0,0,0,0,0,0,0,0,0,0,0,0,1,DAC,0,1,,
72555495,KSP0900,20-724040,20201002,1430,,US119,,,US0119,US0119,0,098 US-119,US0119,N,N,NULL,NULL,NULL,N,NULL,NULL,NULL,NULL,NULL,NULL,0.671,NULL,NULL,NULL,NULL,,NULL,0,0,2,2,Y,N,55,NULL,98,9801,NULL,,Y,37.50738,-82.5208,N,NULL,NULL,NULL,NULL,NULL,NULL,NULL,NULL,2,97,2,6,1,1,2,2,7,3,N,NULL,Y,N,1430,1500,,N,NULL,47,2,1,N,,N,N,098-US-0119-0,NULL,NULL,2020,O,7.26E+11,098-US-0119  -000,HIGH,098-US-0119  -000,0.671,0,0,0,0,0,0,0,0,0,0,0,0,0,1,Non-DAC,0,1,,
72682366,980100,2.02E+11,20211012,1549,,US23,,,US0023,US0023,0,098 US-23-10,US0023,N,N,NULL,NULL,NULL,N,NULL,NULL,NULL,NULL,NULL,NULL,29.619,NULL,NULL,NULL,NULL,,NULL,1,0,3,3,N,N,55,NULL,98,9801,1,N,N,37.53127,-82.57684,N,NULL,NULL,NULL,NULL,NULL,NULL,NULL,NULL,8,3,5,6,1,1,2,2,1,3,Y,NULL,Y,Y,1549,1553,1643,N,NULL,53,,1,N,,N,N,098-US-0023-10,NULL,NULL,2021,B,7.27E+11,098-US-0023  -010,HIGH,098-US-0023  -000,29.619,0,0,0,1,0,0,1,0,0,0,0,1,0,1,Non-DAC,0,1,,
72569024,980100,2.02E+11,20201119,1100,,CHLOE,,RD,KY1460,KY1460,0,098 KY-1460,KY1460,N,N,NULL,NULL,NULL,N,NULL,NULL,NULL,NULL,NULL,NULL,3.924,NULL,NULL,NULL,NULL,,NULL,1,0,1,1,N,N,35,NULL,98,9801,NULL,,Y,37.47687,-82.49538,N,NULL,NULL,NULL,NULL,NULL,NULL,NULL,NULL,9,5,2,3,1,1,3,2,6,3,Y,NULL,Y,Y,1100,1101,1135,N,NULL,51,,0,Y,,N,N,098-KY-1460-0,NULL,NULL,2020,A,7.26E+11,098-KY-1460  -000,HIGH,098-KY-1460  -000,3.924,0,0,0,0,0,0,0,0,1,1,0,1,0,1,Non-DAC,1,0,195-1119,1
72760628,980100,2.02E+11,20220512,820,,SCOTT,,AVE,,,0,098 CS-1116,CS1116,N,N,NULL,NULL,NULL,N,NULL,NULL,NULL,NULL,NULL,NULL,0.211,NULL,NULL,NULL,NULL,,NULL,0,0,2,2,N,N,25,NULL,98,9801,NULL,,Y,37.48381,-82.51859,N,NULL,NULL,NULL,NULL,NULL,NULL,NULL,NULL,1,3,1,6,1,1,2,2,6,3,N,NULL,Y,N,820,824,,N,NULL,55,,,N,,N,N,098-CS-1116-0,NULL,NULL,2022,O,7.28E+11,098-CS-1116  -000,HIGH,098-CS-1116  -000,0.211,0,0,0,0,0,0,0,0,0,0,0,0,0,1,DAC,1,0,195-1001,1
72865377,980100,2.02E+11,20230214,1946,,US23,,,US0023,US0023,0,098 US-23,US0023,N,N,NULL,NULL,NULL,N,NULL,NULL,NULL,NULL,NULL,NULL,30.396,NULL,NULL,NULL,NULL,,NULL,0,0,2,2,N,N,55,NULL,98,9801,NULL,,Y,37.54176,-82.58347,N,NULL,NULL,NULL,NULL,NULL,NULL,NULL,NULL,8,3,4,3,1,1,2,6,7,3,N,NULL,Y,N,1946,1951,1951,N,NULL,53,,1,N,,N,N,098-US-0023-0,NULL,NULL,2023,O,7.29E+11,098-US-0023  -000,HIGH,098-US-0023  -000,30.376,0,0,0,1,0,0,1,0,0,0,0,1,0,1,Non-DAC,1,0,195-0573,1
72527628,980500,2020AR036,20200803,1316,,BROAD BOTTOM ROAD,,,,,,,,N,N,NULL,NULL,NULL,N,NULL,NULL,NULL,NULL,NULL,NULL,,NULL,NULL,NULL,NULL,NULL,NULL,0,0,2,2,N,N,25,NULL,98,9807,NULL,,Y,37.53079,-82.57916,N,NULL,NULL,NULL,NULL,NULL,NULL,NULL,NULL,1,3,2,6,1,1,2,2,6,3,Y,NULL,Y,Y,1320,1322,1347,N,NULL,55,,,Y,,N,N,,NULL,NULL,2020,O,7.25E+11,098-CR-1426G -000,MEDIUM,098-CR-1426G -000,0.002,0,0,0,1,0,0,1,0,0,0,0,0,0,1,Non-DAC,1,0,195-0667,1
72647461,980100,2.02E+11,20210712,1738,,US23,,,US0023,US0023,0,098 US-23-10,US0023,N,N,NULL,NULL,NULL,N,NULL,NULL,NULL,NULL,NULL,NULL,20.967,NULL,NULL,NULL,NULL,,NULL,3,0,3,3,N,N,55,NULL,98,9801,NULL,,Y,37.44453,-82.52535,N,NULL,NULL,NULL,NULL,NULL,NULL,NULL,NULL,1,3,4,3,1,1,3,2,1,3,Y,NULL,Y,Y,1739,1741,1833,N,NULL,55,,1,N,,N,N,098-US-0023-10,NULL,NULL,2021,C,7.26E+11,098-US-0023  -010,HIGH,098-US-0023  -000,20.967,0,1,1,0,0,0,1,0,0,0,0,0,0,1,Non-DAC,0,1,,
72700449,980100,2.02E+11,20211116,1300,,HAROLDS BRANCH,,RD,,,0,098 CS-1223,CS1223,N,N,NULL,NULL,NULL,N,NULL,NULL,NULL,NULL,NULL,NULL,0.58,NULL,NULL,NULL,NULL,,NULL,0,0,1,1,N,N,15,NULL,98,9801,NULL,,Y,37.46941,-82.51424,N,NULL,NULL,NULL,NULL,NULL,NULL,NULL,NULL,9,5,1,6,1,1,2,2,6,3,N,NULL,Y,Y,1300,1304,1323,Y,NULL,40,,,N,,N,N,098-CS-1223-0,NULL,NULL,2021,O,7.27E+11,098-CS-1223  -000,HIGH,098-CS-1223  -000,0.58,0,0,0,0,0,0,1,0,0,0,0,1,0,1,Non-DAC,0,1,,
72810839,980100,2.02E+11,20220929,1735,,HUFFMAN,,AVE,,,0,098 CS-1123,CS1123,N,N,NULL,NULL,NULL,N,NULL,NULL,NULL,NULL,NULL,NULL,0.155,NULL,NULL,NULL,NULL,,NULL,0,0,2,2,N,N,25,NULL,98,9801,NULL,,Y,37.47823,-82.51933,N,NULL,NULL,NULL,NULL,NULL,NULL,NULL,NULL,4,3,2,6,1,1,2,2,3,3,N,NULL,Y,N,1735,1742,1817,N,NULL,70,,,Y,,N,N,098-CS-1123-0,NULL,NULL,2022,O,7.28E+11,098-CS-1123  -000,HIGH,098-CS-1123  -000,0.155,0,0,1,0,0,0,1,0,0,0,0,0,0,1,DAC,1,0,195-1106,1
72552293,980100,2.02E+11,20201013,1505,,US23,,,US0023,US0023,0,098 US-23-10,US0023,N,N,NULL,NULL,NULL,N,NULL,NULL,NULL,NULL,NULL,NULL,26.259,NULL,NULL,NULL,NULL,,NULL,0,0,2,2,N,N,55,NULL,98,9801,NULL,,Y,37.50332,-82.53231,N,NULL,NULL,NULL,NULL,NULL,NULL,NULL,NULL,8,3,4,6,1,1,2,2,7,3,N,NULL,Y,N,1505,1509,,N,NULL,53,,1,N,,N,N,098-US-0023-10,NULL,NULL,2020,O,7.26E+11,098-US-0023  -010,HIGH,098-US-0023  -000,26.259,0,0,0,0,0,0,0,0,0,0,0,1,0,1,Non-DAC,1,0,195-0861,1
72685967,980100,2.02E+11,20211015,1229,,BAIRD,,AVE,KY1426,KY1426,0,098 KY-1426,KY1426,N,N,NULL,NULL,NULL,N,NULL,NULL,NULL,NULL,NULL,NULL,5.386,NULL,NULL,NULL,NULL,,NULL,4,0,2,2,N,N,15,NULL,98,9801,NULL,,Y,37.47281,-82.52699,N,NULL,NULL,NULL,NULL,NULL,NULL,NULL,NULL,1,3,2,6,1,1,2,2,7,3,Y,NULL,Y,Y,1230,1238,1257,N,NULL,55,,0,N,,N,N,098-KY-1426-0,NULL,NULL,2021,C,7.27E+11,098-KY-1426  -000,HIGH,098-KY-1426  -000,5.386,0,0,0,0,0,0,1,0,0,0,0,0,0,1,DAC,1,0,195-1174,1
72546103,980100,2.02E+11,20200925,2218,,US119,,,US0119,US0119,,,,N,N,NULL,NULL,NULL,N,NULL,NULL,NULL,NULL,NULL,NULL,0.095,NULL,NULL,NULL,NULL,,NULL,0,0,2,2,N,N,55,NULL,98,9801,NULL,,Y,37.50397,-82.53042,N,NULL,NULL,NULL,NULL,NULL,NULL,NULL,NULL,8,3,4,6,1,1,2,5,1,3,N,NULL,Y,N,2218,2223,2250,N,NULL,53,2,1,N,,N,N,,NULL,NULL,2020,O,7.25E+11,098-US-0119  -010,MEDIUM,098-US-0119  -000,0.095,0,0,0,0,0,0,1,0,0,0,0,1,0,1,Non-DAC,0,1,,
72460544,980100,2.02E+11,20200106,1554,,US23,,,US0023,US0023,0,098 US-23,US0023,N,N,NULL,NULL,NULL,N,NULL,NULL,NULL,NULL,NULL,NULL,26.914,NULL,NULL,NULL,NULL,,NULL,5,0,2,2,N,N,55,NULL,98,9801,NULL,,Y,37.50996,-82.53954,N,NULL,NULL,NULL,NULL,NULL,NULL,NULL,NULL,1,3,4,6,1,1,2,2,7,3,Y,NULL,Y,Y,1554,1557,1634,N,NULL,55,,1,N,,N,N,098-US-0023-0,NULL,NULL,2020,C,7.25E+11,098-US-0023  -000,HIGH,098-US-0023  -000,26.914,0,0,0,0,0,0,1,0,0,0,0,0,0,1,Non-DAC,0,1,,
72516841,980100,2.02E+11,20200627,1842,,US23,,,US0023,US0023,0,098 US-23-10,US0023,N,N,NULL,NULL,NULL,N,NULL,NULL,NULL,NULL,NULL,NULL,26.276,NULL,NULL,NULL,NULL,,NULL,0,0,2,2,N,N,55,NULL,98,9801,NULL,,Y,37.50355,-82.53235,N,NULL,NULL,NULL,NULL,NULL,NULL,NULL,NULL,8,3,4,6,1,1,2,2,1,3,N,NULL,Y,N,1842,1847,,N,NULL,53,,1,N,,N,N,098-US-0023-10,NULL,NULL,2020,O,7.25E+11,098-US-0023  -010,HIGH,098-US-0023  -000,26.276,0,0,1,0,0,0,1,1,0,0,0,1,0,1,Non-DAC,0,1,,
72548954,980100,2.02E+11,20201001,1849,,GARRED,,ST,,,0,098 CS-1174,CS1174,N,N,NULL,NULL,NULL,N,NULL,NULL,NULL,NULL,NULL,NULL,0.183,NULL,NULL,NULL,NULL,,NULL,0,0,2,2,N,N,35,NULL,98,9801,NULL,,Y,37.48397,-82.52843,N,NULL,NULL,NULL,NULL,NULL,NULL,NULL,NULL,2,7,2,5,1,1,2,2,6,3,N,NULL,Y,N,1849,1858,,N,NULL,47,,,Y,,N,N,098-CS-1174-0,NULL,NULL,2020,O,7.25E+11,098-CS-1174  -000,HIGH,098-CS-1174  -000,0.183,0,0,0,0,0,0,1,0,0,1,0,0,0,1,DAC,0,1,,
72504178,980100,2.02E+11,20200524,1621,,THOMPSON,,RD,,,,,,N,N,NULL,NULL,NULL,N,NULL,NULL,NULL,NULL,NULL,NULL,0.5,NULL,NULL,NULL,NULL,,NULL,0,0,2,2,N,N,10,NULL,98,9801,NULL,,Y,37.50602,-82.54368,N,NULL,NULL,NULL,NULL,NULL,NULL,NULL,NULL,1,97,1,6,1,1,2,2,1,3,N,NULL,Y,N,1621,1630,,N,NULL,55,,,N,,N,N,,NULL,NULL,2020,O,7.25E+11,098-CS-1215  -000,MEDIUM,098-CS-1215  -000,0.5,0,0,0,0,0,0,1,0,0,0,0,0,0,1,Non-DAC,0,1,,
72492163,980100,2.02E+11,20200331,2047,,CHLOE,,RD,KY1460,KY1460,0,098 KY-1460,KY1460,N,N,NULL,NULL,NULL,N,NULL,NULL,NULL,NULL,NULL,NULL,2.737,NULL,NULL,NULL,NULL,,NULL,1,0,1,1,N,N,35,NULL,98,9801,NULL,,Y,37.46885,-82.47852,N,NULL,NULL,NULL,NULL,NULL,NULL,NULL,NULL,9,3,2,2,1,5,6,6,7,3,Y,NULL,Y,Y,2047,2047,2151,N,NULL,44,,0,Y,,N,N,098-KY-1460-0,NULL,NULL,2020,C,7.25E+11,098-KY-1460  -000,HIGH,098-KY-1460  -000,2.737,0,0,0,0,0,0,1,1,0,1,0,1,0,1,Non-DAC,0,1,,
72799770,980000,22-08-003,20220824,2100,,US23,,,US0023,US0023,0,098 US-23,US0023,N,N,NULL,NULL,NULL,N,NULL,NULL,NULL,NULL,NULL,NULL,26.223,NULL,NULL,NULL,NULL,,NULL,0,0,2,2,N,N,45,NULL,98,9801,NULL,,Y,37.50327,-82.53228,N,NULL,NULL,NULL,NULL,NULL,NULL,NULL,NULL,5,3,4,6,1,1,2,5,7,3,N,NULL,N,N,2100,2100,2105,N,NULL,49,,1,N,,N,N,098-US-0023-0,NULL,NULL,2022,O,7.28E+11,098-US-0023  -000,HIGH,098-US-0023  -000,26.223,0,0,0,1,0,0,1,0,0,0,0,0,0,1,Non-DAC,1,0,195-0861,1
72602025,980100,2.02E+11,20210226,1640,,US23,,,US0023,US0023,,,,N,N,NULL,NULL,NULL,N,NULL,NULL,NULL,NULL,NULL,NULL,19.547,NULL,NULL,NULL,NULL,,NULL,1,0,3,3,N,N,55,NULL,98,9801,NULL,,Y,37.44808,-82.50529,N,NULL,NULL,NULL,NULL,NULL,NULL,NULL,NULL,1,3,4,3,1,5,6,2,7,3,Y,NULL,Y,Y,1422,1422,1444,N,NULL,55,,1,N,,N,N,,NULL,NULL,2021,C,7.26E+11,098-US-0023  -010,MEDIUM,098-US-0023  -000,19.547,0,1,0,0,0,0,0,0,0,0,0,0,0,1,Non-DAC,0,1,,
72811921,980100,2.02E+11,20221001,1716,,US23,,,US0023,US0023,0,098 US-23,US0023,N,N,NULL,NULL,NULL,N,NULL,NULL,NULL,NULL,NULL,NULL,23.11,NULL,NULL,NULL,NULL,,NULL,1,0,1,1,N,N,55,NULL,98,9801,NULL,,Y,37.46611,-82.52883,N,NULL,NULL,NULL,NULL,NULL,NULL,NULL,NULL,9,3,4,6,1,5,6,2,7,3,Y,NULL,Y,Y,1716,1718,1740,N,NULL,70,,1,N,,N,N,098-US-0023-0,NULL,NULL,2022,C,7.28E+11,098-US-0023  -000,HIGH,098-US-0023  -000,23.11,0,0,0,0,0,0,0,0,0,0,0,1,0,1,DAC,0,1,,
72866050,980500,2023AR005,20230214,1620,,BROAD BOTTOM,,RD,,,,,,N,Y,MOSSY BOTTOM,,LN,N,NULL,NULL,NULL,NULL,NULL,NULL,0.13,NULL,NULL,NULL,NULL,,NULL,0,0,2,2,N,N,35,NULL,98,9801,NULL,,Y,37.53074,-82.57911,N,NULL,NULL,NULL,NULL,NULL,NULL,NULL,NULL,8,3,2,6,1,1,2,2,6,3,N,NULL,Y,Y,1620,1630,1700,N,NULL,19,,,N,,N,N,,NULL,NULL,2023,O,7.29E+11,098-CR-1419  -000,MEDIUM,098-CR-1419  -000,0.132,0,0,1,0,0,0,1,0,0,0,1,0,0,1,Non-DAC,1,0,195-0667,1
72563862,980100,2.02E+11,20201110,1331,,KY1426,,,KY1426,KY1426,,,,N,N,NULL,NULL,NULL,N,NULL,NULL,NULL,NULL,NULL,NULL,8.83,NULL,NULL,NULL,NULL,,NULL,3,0,2,2,N,N,35,NULL,98,9801,NULL,,Y,37.50286,-82.48975,N,NULL,NULL,NULL,NULL,NULL,NULL,NULL,NULL,5,3,2,4,1,1,2,2,7,3,Y,NULL,N,Y,1331,1334,,N,NULL,70,,0,N,,N,N,,NULL,NULL,2020,C,7.26E+11,098-KY-1426  -000,HIGH,098-KY-1426  -000,8.83,0,0,0,1,0,0,1,0,0,0,0,0,0,1,Non-DAC,0,1,,
72556804,980100,2.02E+11,20201024,1523,,TOWN MOUNTAIN,,RD,KY1426,KY1426,0,098 KY-1426,KY1426,N,N,NULL,NULL,NULL,N,NULL,NULL,NULL,NULL,NULL,NULL,8.557,NULL,NULL,NULL,NULL,,NULL,1,0,1,1,N,N,45,NULL,98,9801,NULL,,Y,37.49923,-82.49062,N,NULL,NULL,NULL,NULL,NULL,NULL,NULL,NULL,9,3,2,1,1,5,3,2,7,3,Y,NULL,Y,Y,1525,1533,1634,N,NULL,44,,0,Y,,N,N,098-KY-1426-0,NULL,NULL,2020,C,7.26E+11,098-KY-1426  -000,HIGH,098-KY-1426  -000,8.557,0,0,0,0,0,0,1,1,0,1,0,1,0,1,Non-DAC,0,1,,
72574753,980100,2.02E+11,20201214,801,,BYPASS,S,RD,KY1426,KY1426,,,,N,N,NULL,NULL,NULL,N,NULL,NULL,NULL,NULL,NULL,NULL,5.956,NULL,NULL,NULL,NULL,,NULL,0,0,2,2,N,N,35,NULL,98,9801,NULL,,Y,37.47501,-82.51886,N,NULL,NULL,NULL,NULL,NULL,NULL,NULL,NULL,5,3,2,6,1,5,6,2,1,3,N,NULL,N,N,801,808,854,N,NULL,49,,0,N,,N,N,,NULL,NULL,2020,O,7.26E+11,098-KY-1426  -000,HIGH,098-KY-1426  -000,5.956,0,0,0,1,0,0,1,0,0,0,0,0,0,1,DAC,0,1,,
72818696,980100,2.02E+11,20221004,1300,,3RD,,ST,,,0,098 CS-1118,CS1118,N,N,NULL,NULL,NULL,N,NULL,NULL,NULL,NULL,NULL,NULL,0.104,NULL,NULL,NULL,NULL,,NULL,0,0,1,1,N,N,25,NULL,98,9801,NULL,,Y,37.48244,-82.51785,N,NULL,NULL,NULL,NULL,NULL,NULL,NULL,NULL,9,3,1,6,1,1,2,2,6,3,N,NULL,Y,N,900,930,930,Y,NULL,70,,,N,,N,N,098-CS-1118-0,NULL,NULL,2022,O,7.28E+11,098-CS-1118  -000,HIGH,098-CS-1118  -000,0.104,0,1,0,0,0,0,0,0,0,0,0,0,0,1,DAC,1,0,195-1041,1
72643091,980100,2.02E+11,20210702,1559,,US23 TURN LANE,,,US0023,US0023,0,098 US-23-21,US0023,N,N,NULL,NULL,NULL,N,NULL,NULL,NULL,NULL,NULL,NULL,0.021,NULL,NULL,NULL,NULL,,NULL,0,0,2,2,N,N,55,NULL,98,9801,NULL,,Y,37.50354,-82.53238,N,NULL,NULL,NULL,NULL,NULL,NULL,NULL,NULL,5,3,4,6,1,1,2,2,7,3,N,NULL,Y,N,1559,1602,1602,N,NULL,49,,1,N,,N,N,098-US-0023-21,NULL,NULL,2021,O,7.26E+11,098-US-0023  -021,HIGH,098-US-0023  -021,0.021,0,0,0,0,0,0,1,0,0,0,0,0,0,1,Non-DAC,1,0,195-0861,1
72543660,980100,2.02E+11,20200916,2340,,SUMMIT,,DR,,,0,098 CS-1064,CS1064,N,N,NULL,NULL,NULL,N,NULL,NULL,NULL,NULL,NULL,NULL,0.809,NULL,NULL,NULL,NULL,,NULL,0,0,1,1,N,N,45,NULL,98,9801,NULL,,Y,37.47298,-82.50722,N,NULL,NULL,NULL,NULL,NULL,NULL,NULL,NULL,9,5,2,1,1,1,2,6,7,3,N,NULL,Y,N,2159,2206,2349,N,NULL,51,,,N,,N,N,098-CS-1064-0,NULL,NULL,2020,O,7.25E+11,098-CS-1064  -000,HIGH,098-CS-1064  -000,0.809,0,0,0,0,0,0,1,0,0,0,0,1,0,1,Non-DAC,0,1,,
72481964,980100,2.02E+11,20200228,1540,,BYPASS,S,RD,KY1426,KY1426,0,098 KY-1426,KY1426,N,N,NULL,NULL,NULL,N,NULL,NULL,NULL,NULL,NULL,NULL,6.04,NULL,NULL,NULL,NULL,,NULL,0,0,2,2,N,N,45,NULL,98,9801,NULL,,Y,37.47601,-82.51793,N,NULL,NULL,NULL,NULL,NULL,NULL,NULL,NULL,1,3,3,6,1,1,2,2,1,3,N,NULL,Y,N,1540,1545,1550,N,NULL,55,,0,N,,N,N,098-KY-1426-0,NULL,NULL,2020,O,7.25E+11,098-KY-1426  -000,HIGH,098-KY-1426  -000,6.04,0,0,0,1,0,0,1,0,0,0,0,0,0,1,DAC,0,1,,
72571324,980100,2.02E+11,20201203,650,,US23,,,US0023,US0023,0,098 US-23,US0023,N,N,NULL,NULL,NULL,N,NULL,NULL,NULL,NULL,NULL,NULL,21.538,NULL,NULL,NULL,NULL,,NULL,0,0,2,2,N,N,55,NULL,98,9801,NULL,,Y,37.45185,-82.52351,N,NULL,NULL,NULL,NULL,NULL,NULL,NULL,NULL,1,3,4,6,1,1,3,1,1,3,N,NULL,Y,Y,650,657,741,N,NULL,55,,1,N,,N,N,098-US-0023-0,NULL,NULL,2020,O,7.26E+11,098-US-0023  -000,HIGH,098-US-0023  -000,21.538,0,0,0,0,0,0,1,0,0,0,0,0,0,1,Non-DAC,1,0,195-1272,1