MasterFile,AgencyORINumber,LocalCode,CollisionDate,CollisionTime,CollisionDayWeekCode,RoadwayName,RoadwayName_Direction_,RoadwayName_RoadwaySuffix_,RoadwayfromReport,CurrentRoadwayNumber,RoadwayNumberCoupletID,RSEUniqueGIS,RoadwayIdentifier,ParkingLotIndicator,IntersectionWith_Indicator_,IntersectionWith_NameRoadway_,IntersectionWith_Direction_,IntersectionWith_RoadwaySuffix_,BetweenStreets_Indicator_,BetweenStreets1_NameRoadway_,BetweenStreet1_Direction_,BetweenStreets1_RoadwaySuffix_,BetweenStreets2_NameRoadway_,BetweenStreets2_Direction_,BetweenStreets2_RoadwaySuffix_,Milepoint,ReportMilepointDeriveNumber,CurrentDerivedMiepointNumber,MilestoMilepoint,FeettoMilepoint,DirectionfromMilepoint_NSEW_,ValidMilepointIndicator,NumberInjured,NumberKilled,ofUnits,ofMotorVehicleUnits,Hit&RunIndicator,OneWayIndicator,SpeedLimitNumber,KilometersIndicator,CountyCode,CityCountyCode,MilesFromCity,DirectionFromCity_NSEW_,InCityLimitsIndicator,Latitude,Longitude,RampIndicator,RampFromIdentifier,RampFromDirCode,RampFromCoupletID,RSEUniqueGISRampFrom,RampToidentifier,RampToDirCode,RampToCoupletID,RSEUniqueGisRampTo,MannerofCollisionCode,LocationFirstEventCode,TotalLanes,RoadwayCharacterCode,RoadwaySurfaceCode,RoadwayConditionCode,WeatherCode,LightConditionCode,LandUseCode,SchoolBusRelatedCode,FirstAidSceneIndicator,CollDescPresentInd,InvestigationCompleteIndicator,PhotosTakenIndicator,TimeNotified,TimeArrived,TimeRoadwayOpened,PropertyDamageIndicator,DiagramPresentIndicator,DirectionalAnalysis,FunctionClassCode,NationalHwySysCode,EnforcementsIndicator,KARSCityCode,SecondaryCollisionIndicator,MedianCrossoverIndicator,RT_UNIQUE,MapIt,TimeLastLeft,YR,KABCO,MFNY,WorkingRID,RT_CONFIDENCE,KTC_RT,KTC_MP,Motorcyclist,Commercial Vehicle,Young Driver,Mature Driver,Pedestrian,Bicyclist,Distracted,Aggressive,Impaired,Unrestrained,Intersection,Roadway Departure,Median Cross-over,CityCrash,DACid,Intersection Crash,Segment Crash,Int_ID,CityIntersection
72771388,980100,2.02E+11,20220609,1100,,OWSLEY,,RD,KY1384,KY1384,0,098 KY-1384,KY1384,N,N,NULL,NULL,NULL,N,NULL,NULL,NULL,NULL,NULL,NULL,7.448,NULL,NULL,NULL,NULL,,NULL,0,0,2,2,N,N,45,NULL,98,9801,NULL,,Y,37.48263,-82.53395,N,NULL,NULL,NULL,NULL,NULL,NULL,NULL,NULL,2,3,4,6,1,1,2,2,7,3,N,NULL,N,N,1100,1106,,N,NULL,56,16,0,N,,N,N,098-KY-1384-0,NULL,NULL,2022,O,7.28E+11,098-KY-1384  -000,HIGH,098-KY-1384  -000,7.448,0,0,0,0,0,0,1,0,0,0,0,0,0,1,DAC,1,0,195-1052,1
72718440,980100,2.02E+11,20220104,715,,CHLOE,,RD,KY1460,KY1460,0,098 KY-1460,KY1460,N,N,NULL,NULL,NULL,N,NULL,NULL,NULL,NULL,NULL,NULL,3.732,NULL,NULL,NULL,NULL,,NULL,0,0,2,2,N,N,35,NULL,98,9801,NULL,,Y,37.47738,-82.49208,N,NULL,NULL,NULL,NULL,NULL,NULL,NULL,NULL,1,3,2,5,1,2,2,1,7,3,N,NULL,Y,N,715,717,903,N,NULL,55,,0,N,,N,N,098-KY-1460-0,NULL,NULL,2022,O,7.27E+11,098-KY-1460  -000,HIGH,098-KY-1460  -000,3.732,0,0,0,0,0,0,0,0,0,1,0,1,0,1,Non-DAC,0,1,,
72740330,980100,2.02E+11,20220308,715,,KY3417,,,KY3417,KY3417,0,098 KY-3417,KY3417,N,N,NULL,NULL,NULL,N,NULL,NULL,NULL,NULL,NULL,NULL,0.469,NULL,NULL,NULL,NULL,,NULL,0,0,2,2,N,N,35,NULL,98,9801,NULL,,Y,37.46805,-82.55755,N,NULL,NULL,NULL,NULL,NULL,NULL,NULL,NULL,7,3,2,2,1,1,2,2,7,3,N,NULL,Y,N,713,720,,N,NULL,54,17,0,N,,N,N,098-KY-3417-0,NULL,NULL,2022,O,7.27E+11,098-KY-3417  -000,HIGH,098-KY-3417  -000,0.469,0,0,0,0,0,0,0,0,0,0,0,1,0,1,Non-DAC,0,1,,
72790130,980100,2.02E+11,20220623,2257,,CHLOE,,RD,KY1460,KY1460,0,098 KY-1460,KY1460,N,N,NULL,NULL,NULL,N,NULL,NULL,NULL,NULL,NULL,NULL,4.598,NULL,NULL,NULL,NULL,,NULL,1,0,3,2,N,N,35,NULL,98,9801,NULL,,Y,37.47744,-82.50742,N,NULL,NULL,NULL,NULL,NULL,NULL,NULL,NULL,1,3,2,6,1,1,2,6,7,3,N,NULL,N,Y,2257,2259,126,N,NULL,36,,0,N,,Y,N,098-KY-1460-0,NULL,NULL,2022,A,7.28E+11,098-KY-1460  -000,HIGH,098-KY-1460  -000,4.598,0,0,1,0,1,0,0,0,0,0,0,0,0,1,Non-DAC,0,1,,
72502003,KSP0900,20-17595,20200511,1000,,GRACE,,AVE,,,0,098 CS-1128,CS1128,N,N,NULL,NULL,NULL,N,NULL,NULL,NULL,NULL,NULL,NULL,0.027,NULL,NULL,NULL,NULL,,NULL,0,0,2,2,Y,N,55,NULL,98,9849,NULL,,Y,37.47927,-82.51819,N,NULL,NULL,NULL,NULL,NULL,NULL,NULL,NULL,5,97,,6,1,1,2,2,7,3,N,NULL,N,N,1000,1000,1000,N,NULL,47,,,N,,N,N,098-CS-1128-0,NULL,NULL,2020,O,7.25E+11,098-CS-1128  -000,HIGH,098-CS-1128  -000,0.027,0,0,0,1,0,0,0,0,0,0,0,0,0,1,DAC,0,1,,
72435499,980100,2.02E+11,20191107,1254,,BAIRD,,AVE,KY1426,KY1426,0,098 KY-1426,KY1426,N,N,NULL,NULL,NULL,N,NULL,NULL,NULL,NULL,NULL,NULL,5.392,NULL,NULL,NULL,NULL,,NULL,0,0,2,2,N,N,15,NULL,98,9801,NULL,,Y,37.47322,-82.52715,N,NULL,NULL,NULL,NULL,NULL,NULL,NULL,NULL,8,97,2,6,1,5,6,2,1,3,N,NULL,Y,N,1258,1258,1300,N,NULL,53,,0,N,,N,N,098-KY-1426-0,NULL,NULL,2019,O,7.24E+11,098-KY-1426  -000,HIGH,098-KY-1426  -000,5.392,0,0,0,1,0,0,0,0,0,0,0,1,0,1,DAC,1,0,195-1174,1
72532729,980100,2.02E+11,20200813,1400,,REDALE,,RD,,,0,098 CS-1244,CS1244,N,N,NULL,NULL,NULL,N,NULL,NULL,NULL,NULL,NULL,NULL,0.103,NULL,NULL,NULL,NULL,,NULL,0,0,3,3,N,N,15,NULL,98,9801,NULL,,Y,37.48727,-82.52597,N,NULL,NULL,NULL,NULL,NULL,NULL,NULL,NULL,1,97,1,6,1,1,2,2,7,3,N,NULL,N,N,1400,1403,1403,N,NULL,47,,,N,,N,N,098-CS-1244-0,NULL,NULL,2020,O,7.25E+11,098-CS-1244  -000,HIGH,098-CS-1244  -000,0.103,0,0,0,0,0,0,0,0,0,0,0,0,0,1,DAC,0,1,,
72765919,980100,2.02E+11,20220526,901,,KY1426,,,KY1426,KY1426,0,098 KY-1426,KY1426,N,N,NULL,NULL,NULL,N,NULL,NULL,NULL,NULL,NULL,NULL,7.575,NULL,NULL,NULL,NULL,,NULL,0,0,2,2,N,N,45,NULL,98,9801,NULL,,Y,37.49027,-82.49807,N,NULL,NULL,NULL,NULL,NULL,NULL,NULL,NULL,5,3,2,6,1,5,3,2,7,3,N,NULL,Y,N,901,911,911,N,NULL,49,,0,N,,N,N,098-KY-1426-0,NULL,NULL,2022,O,7.28E+11,098-KY-1426  -000,HIGH,098-KY-1426  -000,7.575,0,0,0,0,0,0,0,0,0,0,0,0,0,1,Non-DAC,1,0,195-0929,1
72771814,980100,2.02E+11,20220604,731,,HAROLDS BRANCH,,RD,,,0,098 CS-1223,CS1223,N,N,NULL,NULL,NULL,N,NULL,NULL,NULL,NULL,NULL,NULL,0.111,NULL,NULL,NULL,NULL,,NULL,0,0,2,2,N,N,15,NULL,98,9801,NULL,,Y,37.47142,-82.52177,N,NULL,NULL,NULL,NULL,NULL,NULL,NULL,NULL,8,3,2,6,2,1,2,2,1,3,N,NULL,Y,N,731,734,,N,NULL,47,,,N,,N,N,098-CS-1223-0,NULL,NULL,2022,O,7.28E+11,098-CS-1223  -000,HIGH,098-CS-1223  -000,0.111,0,0,0,0,0,0,1,0,0,0,0,0,0,1,Non-DAC,0,1,,
72601303,980100,2.02E+11,20210305,1459,,US23,,,US0023,US0023,,,,N,N,NULL,NULL,NULL,N,NULL,NULL,NULL,NULL,NULL,NULL,19.488,NULL,NULL,NULL,NULL,,NULL,0,0,2,2,N,N,55,NULL,98,9801,NULL,,Y,37.44732,-82.50491,N,NULL,NULL,NULL,NULL,NULL,NULL,NULL,NULL,5,3,4,6,1,1,2,2,1,3,N,NULL,Y,N,1459,1508,1518,N,NULL,49,,1,N,,N,N,,NULL,NULL,2021,O,7.26E+11,098-US-0023  -010,MEDIUM,098-US-0023  -000,19.488,0,0,0,1,0,0,1,0,0,0,0,0,0,1,Non-DAC,0,1,,
72449045,980100,2.02E+11,20191209,1159,,HAROLDS BRANCH,,RD,,,0,098 CS-1223,CS1223,N,N,NULL,NULL,NULL,N,NULL,NULL,NULL,NULL,NULL,NULL,0.077,NULL,NULL,NULL,NULL,,NULL,0,0,2,2,N,N,25,NULL,98,9801,NULL,,Y,37.47186,-82.52204,N,NULL,NULL,NULL,NULL,NULL,NULL,NULL,NULL,5,3,3,6,2,1,2,2,1,3,N,NULL,Y,N,1159,1203,1224,N,NULL,49,,,N,,N,N,098-CS-1223-0,NULL,NULL,2019,O,7.24E+11,098-CS-1223  -000,HIGH,098-CS-1223  -000,0.077,0,0,0,0,0,0,1,0,0,0,0,0,0,1,Non-DAC,0,1,,
72656376,980100,2.02E+11,20210728,1849,,US119 TURN LANE,,,US0119,US0119,0,098 US-119-21,US0119,N,N,NULL,NULL,NULL,N,NULL,NULL,NULL,NULL,NULL,NULL,0.018,NULL,NULL,NULL,NULL,,NULL,0,0,2,2,N,N,55,NULL,98,9801,NULL,,Y,37.50385,-82.53217,N,NULL,NULL,NULL,NULL,NULL,NULL,NULL,NULL,5,3,2,6,1,1,2,2,1,3,N,NULL,Y,N,1849,1854,,N,NULL,49,2,1,N,,N,N,098-US-0119-21,NULL,NULL,2021,O,7.27E+11,098-US-0119  -021,HIGH,098-US-0119  -021,0.018,0,0,0,0,0,0,0,0,0,0,0,0,0,1,Non-DAC,1,0,195-0861,1
72593572,980100,2.02E+11,20210209,1047,,HAMBLEY,,BLVD,,,0,098 CS-1222,CS1222,N,N,NULL,NULL,NULL,N,NULL,NULL,NULL,NULL,NULL,NULL,1.68,NULL,NULL,NULL,NULL,,NULL,0,0,2,2,N,N,35,NULL,98,9801,NULL,,Y,37.48198,-82.53281,N,NULL,NULL,NULL,NULL,NULL,NULL,NULL,NULL,8,3,2,6,1,5,3,2,7,3,N,NULL,Y,N,1047,1053,1055,N,NULL,53,,,N,,N,N,098-CS-1222-0,NULL,NULL,2021,O,7.26E+11,098-CS-1222  -000,HIGH,098-CS-1222  -000,1.68,0,0,0,0,0,0,1,0,0,0,0,1,0,1,DAC,1,0,195-1064,1
72480944,980500,2020AR016,20200224,1900,,TIGER,,WAY,,,0,,TIGER WAY,N,N,NULL,NULL,NULL,N,NULL,NULL,NULL,NULL,NULL,NULL,,NULL,NULL,NULL,NULL,,NULL,0,0,2,2,N,N,15,NULL,98,9807,10,SW,N,37.51494,-82.50182,N,NULL,NULL,NULL,NULL,NULL,NULL,NULL,NULL,8,3,2,2,1,6,6,2,7,3,N,NULL,Y,Y,1900,1905,,N,NULL,53,,,N,,N,N,,NULL,NULL,2020,O,7.25E+11,098-US-0119  -010,MEDIUM,098-US-0119  -000,1.823,0,0,1,0,0,0,0,1,0,0,0,1,0,1,Non-DAC,0,1,,
72852275,980100,2.02E+11,20230105,1521,,US23,,,US0023,US0023,0,098 US-23,US0023,N,N,NULL,NULL,NULL,N,NULL,NULL,NULL,NULL,NULL,NULL,25.398,NULL,NULL,NULL,NULL,,NULL,0,0,2,2,N,N,55,NULL,98,9801,NULL,,Y,37.49262,-82.53446,N,NULL,NULL,NULL,NULL,NULL,NULL,NULL,NULL,5,3,4,6,1,1,2,2,7,3,N,NULL,Y,N,1524,1526,1526,N,NULL,49,,1,N,,N,N,098-US-0023-0,NULL,NULL,2023,O,7.29E+11,098-US-0023  -000,HIGH,098-US-0023  -000,25.381,0,0,1,0,0,0,0,0,0,0,0,0,0,1,Non-DAC,0,1,,
72628619,980100,2.02E+11,20210523,413,,,,,US0023,US0023,,,,N,N,NULL,NULL,NULL,N,NULL,NULL,NULL,NULL,NULL,NULL,0.359,NULL,NULL,NULL,NULL,,NULL,1,0,1,1,N,N,45,NULL,98,9801,NULL,,Y,37.47375,-82.53154,Y,US0023,S,NULL,098 US-23-131,KY1426,E,NULL,098 US-23-131,9,5,1,6,1,1,2,5,6,3,Y,NULL,Y,Y,326,329,354,N,NULL,85,,1,Y,,N,N,,NULL,NULL,2021,C,7.26E+11,098-US-0023  -131,HIGH,098-US-0023  -131,0.359,0,0,0,0,0,0,1,0,1,0,0,1,0,1,DAC,0,1,,
72782809,980100,2.02E+11,20220629,854,,DIVISION,,ST,,,0,098 CS-1130,CS1130,N,N,NULL,NULL,NULL,N,NULL,NULL,NULL,NULL,NULL,NULL,0.131,NULL,NULL,NULL,NULL,,NULL,0,0,2,2,N,N,15,NULL,98,9801,NULL,,Y,37.47932,-82.5172,N,NULL,NULL,NULL,NULL,NULL,NULL,NULL,NULL,8,97,1,6,1,1,2,2,7,3,N,NULL,Y,N,854,921,921,N,NULL,47,,,N,,N,N,098-CS-1130-0,NULL,NULL,2022,O,7.28E+11,098-CS-1130  -000,HIGH,098-CS-1130  -000,0.131,0,0,1,0,0,0,1,0,0,0,0,0,0,1,DAC,1,0,195-1087,1
72787284,980100,2.02E+11,20220727,927,,OWSLEY,,RD,KY1384,KY1384,0,098 KY-1384,KY1384,N,N,NULL,NULL,NULL,N,NULL,NULL,NULL,NULL,NULL,NULL,5.81,NULL,NULL,NULL,NULL,,NULL,0,0,1,1,N,N,35,NULL,98,9801,NULL,,Y,37.47768,-82.55916,N,NULL,NULL,NULL,NULL,NULL,NULL,NULL,NULL,9,3,2,6,1,5,3,2,7,3,N,NULL,Y,N,927,935,935,N,NULL,38,17,0,N,,N,N,098-KY-1384-0,NULL,NULL,2022,O,7.28E+11,098-KY-1384  -000,HIGH,098-KY-1384  -000,5.81,0,0,0,0,0,0,0,0,0,0,0,0,0,1,Non-DAC,0,1,,
72797641,980100,2.02E+11,20220816,1422,,US23,,,US0023,US0023,0,098 US-23,US0023,N,N,NULL,NULL,NULL,N,NULL,NULL,NULL,NULL,NULL,NULL,22.405,NULL,NULL,NULL,NULL,,NULL,1,0,3,3,N,N,45,NULL,98,9801,NULL,,Y,37.46278,-82.51767,N,NULL,NULL,NULL,NULL,NULL,NULL,NULL,NULL,1,3,4,6,1,1,2,2,7,3,Y,NULL,Y,Y,1422,1425,1531,N,NULL,55,,1,N,,N,N,098-US-0023-0,NULL,NULL,2022,C,7.28E+11,098-US-0023  -000,HIGH,098-US-0023  -000,22.405,0,1,0,1,0,0,1,0,0,0,0,0,0,1,Non-DAC,0,1,,
72767535,980100,2.02E+11,20220523,1446,,US460,,,US0460,US0460,0,098 US-460,US0460,N,N,NULL,NULL,NULL,N,NULL,NULL,NULL,NULL,NULL,NULL,0.033,NULL,NULL,NULL,NULL,,NULL,0,0,2,2,N,N,55,NULL,98,9801,NULL,,Y,37.44152,-82.50688,N,NULL,NULL,NULL,NULL,NULL,NULL,NULL,NULL,7,3,2,6,1,5,6,2,1,3,N,NULL,Y,N,1446,1454,,N,NULL,54,,1,N,,N,N,098-US-0460-0,NULL,NULL,2022,O,7.28E+11,098-US-0460  -000,HIGH,098-US-0460  -000,0.033,0,0,0,0,0,0,1,0,0,0,0,1,0,1,Non-DAC,0,1,,
72770984,980100,2.02E+11,20220608,1713,,US23,,,US0023,US0023,0,098 US-23,US0023,N,N,NULL,NULL,NULL,N,NULL,NULL,NULL,NULL,NULL,NULL,23.011,NULL,NULL,NULL,NULL,,NULL,0,0,3,3,N,N,55,NULL,98,9801,NULL,,Y,37.46575,-82.52717,N,NULL,NULL,NULL,NULL,NULL,NULL,NULL,NULL,5,3,4,6,1,1,2,2,2,3,N,NULL,Y,N,1713,1719,1806,N,NULL,49,,1,Y,,N,N,098-US-0023-0,NULL,NULL,2022,O,7.28E+11,098-US-0023  -000,HIGH,098-US-0023  -000,23.011,0,0,0,1,0,0,1,0,0,0,0,0,0,1,DAC,1,0,195-1219,1
72709931,980100,2.02E+11,20211212,1530,,US23,,,US0023,US0023,0,098 US-23,US0023,N,N,NULL,NULL,NULL,N,NULL,NULL,NULL,NULL,NULL,NULL,23.028,NULL,NULL,NULL,NULL,,NULL,2,0,3,3,N,N,55,NULL,98,9801,NULL,,Y,37.4657,-82.52752,N,NULL,NULL,NULL,NULL,NULL,NULL,NULL,NULL,3,3,4,6,1,1,2,2,1,3,N,NULL,Y,Y,1530,1534,,N,NULL,52,,1,N,,N,N,098-US-0023-0,NULL,NULL,2021,C,7.27E+11,098-US-0023  -000,HIGH,098-US-0023  -000,23.028,0,0,0,0,0,0,1,1,0,0,0,1,0,1,DAC,0,1,,
72629180,980100,2.02E+11,20210520,1152,,US23,,,US0023,US0023,,,,N,N,NULL,NULL,NULL,N,NULL,NULL,NULL,NULL,NULL,NULL,25.737,NULL,NULL,NULL,NULL,,NULL,1,0,2,2,N,N,55,NULL,98,9801,NULL,,Y,37.4959,-82.53105,N,NULL,NULL,NULL,NULL,NULL,NULL,NULL,NULL,1,3,4,6,1,1,2,2,1,3,N,NULL,Y,Y,1153,1158,1246,N,NULL,55,,1,N,,N,N,,NULL,NULL,2021,B,7.26E+11,098-US-0023  -000,MEDIUM,098-US-0023  -000,25.737,0,0,0,1,0,0,1,0,0,0,0,0,0,1,Non-DAC,0,1,,
72618843,980100,2.02E+11,20210428,941,,US23,,,US0023,US0023,0,098 US-23,US0023,N,N,NULL,NULL,NULL,N,NULL,NULL,NULL,NULL,NULL,NULL,26.286,NULL,NULL,NULL,NULL,,NULL,0,0,2,2,Y,N,55,NULL,98,9801,NULL,,Y,37.5037,-82.53215,N,NULL,NULL,NULL,NULL,NULL,NULL,NULL,NULL,5,3,4,6,1,1,2,2,7,3,N,NULL,Y,N,941,954,954,N,NULL,49,,1,N,,N,N,098-US-0023-0,NULL,NULL,2021,O,7.26E+11,098-US-0023  -000,HIGH,098-US-0023  -000,26.286,0,0,0,0,0,0,0,0,0,0,0,0,0,1,Non-DAC,0,1,,
72691888,980100,2.02E+11,20211103,1612,,US23,,,US0023,US0023,0,098 US-23,US0023,N,N,NULL,NULL,NULL,N,NULL,NULL,NULL,NULL,NULL,NULL,30.533,NULL,NULL,NULL,NULL,,NULL,0,0,2,2,N,N,55,NULL,98,9801,NULL,,Y,37.54261,-82.58553,N,NULL,NULL,NULL,NULL,NULL,NULL,NULL,NULL,5,3,4,6,1,1,2,2,1,3,N,NULL,Y,N,1612,1631,1647,N,NULL,49,,1,N,,N,N,098-US-0023-0,NULL,NULL,2021,O,7.27E+11,098-US-0023  -000,HIGH,098-US-0023  -000,30.533,0,0,0,0,0,0,1,0,0,0,0,0,0,1,Non-DAC,0,1,,
72559715,980100,2.02E+11,20201027,1441,,HAMBLEY,,BLVD,,,0,098 CS-1222,CS1222,N,N,NULL,NULL,NULL,N,NULL,NULL,NULL,NULL,NULL,NULL,0.63,NULL,NULL,NULL,NULL,,NULL,0,0,4,4,N,N,35,NULL,98,9801,NULL,,Y,37.48006,-82.51923,N,NULL,NULL,NULL,NULL,NULL,NULL,NULL,NULL,8,3,2,6,1,1,2,2,1,3,N,NULL,N,N,1442,1443,1530,N,NULL,53,,,N,,N,N,098-CS-1222-0,NULL,NULL,2020,O,7.26E+11,098-CS-1222  -000,HIGH,098-CS-1222  -000,0.63,0,0,0,0,0,0,1,0,0,0,0,1,0,1,DAC,1,0,195-1083,1
72521116,980100,2.02E+11,20200714,1622,,BYPASS,S,RD,KY1426,KY1426,0,098 KY-1426,KY1426,N,N,NULL,NULL,NULL,N,NULL,NULL,NULL,NULL,NULL,NULL,5.616,NULL,NULL,NULL,NULL,,NULL,0,0,2,2,N,N,45,NULL,98,9801,NULL,,Y,37.4725,-82.52418,N,NULL,NULL,NULL,NULL,NULL,NULL,NULL,NULL,5,3,2,6,1,1,2,2,7,3,N,NULL,Y,N,1622,1636,1636,N,NULL,70,,0,N,,N,N,098-KY-1426-0,NULL,NULL,2020,O,7.25E+11,098-KY-1426  -000,HIGH,098-KY-1426  -000,5.616,0,0,0,0,0,0,1,0,0,0,0,0,0,1,DAC,0,1,,
72601691,980100,2.02E+11,20210309,1913,,HAMBLEY,,BLVD,,,,,,N,N,NULL,NULL,NULL,N,NULL,NULL,NULL,NULL,NULL,NULL,0.023,NULL,NULL,NULL,NULL,,NULL,0,0,2,2,Y,N,35,NULL,98,9801,NULL,,Y,37.47411,-82.52689,N,NULL,NULL,NULL,NULL,NULL,NULL,NULL,NULL,1,3,2,6,1,1,2,3,1,3,N,NULL,Y,N,1913,1913,,N,NULL,55,,,Y,,N,N,,NULL,NULL,2021,O,7.26E+11,098-CS-1222  -000,MEDIUM,098-CS-1222  -000,0.023,0,0,0,1,0,0,1,1,0,0,0,0,0,1,DAC,1,0,195-1167,1
72672839,980100,2.02E+11,20210920,639,,MAYO,S,TRL,US0023,US0023,0,098 US-23-10,US0023,N,N,NULL,NULL,NULL,N,NULL,NULL,NULL,NULL,NULL,NULL,22.938,NULL,NULL,NULL,NULL,,NULL,0,0,2,2,N,N,55,NULL,98,9801,NULL,,Y,37.46539,-82.52599,N,NULL,NULL,NULL,NULL,NULL,NULL,NULL,NULL,4,3,4,6,1,1,2,5,1,3,N,NULL,Y,N,639,642,642,N,NULL,70,,1,N,,N,N,098-US-0023-10,NULL,NULL,2021,O,7.27E+11,098-US-0023  -010,HIGH,098-US-0023  -000,22.938,0,0,0,0,0,0,1,1,0,0,0,0,0,1,DAC,0,1,,
72832732,980100,2.02E+11,20221111,713,,US23,,,US0023,US0023,0,098 US-23,US0023,N,N,NULL,NULL,NULL,N,NULL,NULL,NULL,NULL,NULL,NULL,23.057,NULL,NULL,NULL,NULL,,NULL,1,0,3,3,N,N,55,NULL,98,9801,NULL,,Y,37.46586,-82.52803,N,NULL,NULL,NULL,NULL,NULL,NULL,NULL,NULL,1,3,4,6,1,5,6,2,7,3,Y,NULL,Y,Y,714,719,1031,Y,NULL,55,,1,N,,N,N,098-US-0023-0,NULL,NULL,2022,A,7.28E+11,098-US-0023  -000,HIGH,098-US-0023  -000,23.057,0,1,0,0,0,0,1,0,0,0,0,1,0,1,DAC,0,1,,
72770983,980100,2.02E+11,20220609,1616,,BAIRD,,AVE,KY1426,KY1426,,,,N,N,NULL,NULL,NULL,N,NULL,NULL,NULL,NULL,NULL,NULL,5.394,NULL,NULL,NULL,NULL,,NULL,0,0,2,2,N,N,25,NULL,98,9801,NULL,,Y,37.47328,-82.52709,N,NULL,NULL,NULL,NULL,NULL,NULL,NULL,NULL,1,3,2,6,1,1,2,2,6,3,N,NULL,Y,N,1616,1620,1642,N,NULL,55,,0,N,,N,N,,NULL,NULL,2022,O,7.28E+11,098-KY-1426  -000,HIGH,098-KY-1426  -000,5.394,0,0,0,1,0,0,1,0,0,0,0,0,0,1,DAC,1,0,195-1174,1
72713286,980100,2.02E+11,20211223,1330,,KY1426,,,KY1426,KY1426,0,098 KY-1426,KY1426,N,N,NULL,NULL,NULL,N,NULL,NULL,NULL,NULL,NULL,NULL,6.92,NULL,NULL,NULL,NULL,,NULL,0,0,2,2,N,N,55,NULL,98,9801,NULL,,Y,37.48628,-82.50907,N,NULL,NULL,NULL,NULL,NULL,NULL,NULL,NULL,5,3,2,6,1,1,2,2,7,3,N,NULL,Y,N,1331,1334,1346,N,NULL,49,,0,N,,N,N,098-KY-1426-0,NULL,NULL,2021,O,7.27E+11,098-KY-1426  -000,HIGH,098-KY-1426  -000,6.92,0,0,0,0,0,0,0,0,0,0,0,0,0,1,Non-DAC,1,0,195-0950,1
72592387,980100,2.02E+11,20210208,1342,,CASSIDY,,BLVD,,,,,,N,N,NULL,NULL,NULL,N,NULL,NULL,NULL,NULL,NULL,NULL,0.392,NULL,NULL,NULL,NULL,,NULL,0,0,2,2,N,N,25,NULL,98,9801,NULL,,Y,37.50478,-82.53847,N,NULL,NULL,NULL,NULL,NULL,NULL,NULL,NULL,1,3,2,6,1,1,2,2,1,3,N,NULL,Y,N,1342,1345,,N,NULL,55,,,N,,N,N,,NULL,NULL,2021,O,7.26E+11,098-CS-1191  -000,MEDIUM,098-CS-1191  -000,0.392,0,0,0,1,0,0,1,0,0,0,0,0,0,1,Non-DAC,0,1,,
72478687,980100,2.02E+11,20200218,1232,,HAMBLEY,,BLVD,,,,,,N,Y,KY1426,,,N,NULL,NULL,NULL,NULL,NULL,NULL,,NULL,NULL,NULL,NULL,,NULL,0,0,2,2,N,N,35,NULL,98,9801,NULL,,Y,37.47402,-82.5273,N,NULL,NULL,NULL,NULL,NULL,NULL,NULL,NULL,4,3,4,6,1,5,6,2,7,3,N,NULL,N,N,1232,1237,,N,NULL,16,,,Y,,N,N,,NULL,NULL,2020,O,7.25E+11,098-CS-1222  -000,MEDIUM,098-CS-1222  -000,0,0,0,0,0,0,0,1,1,0,0,1,0,0,1,DAC,1,0,195-1167,1
72521115,980100,2.02E+11,20200713,1656,,HIBBARD,,ST,,,,,,N,N,NULL,NULL,NULL,N,NULL,NULL,NULL,NULL,NULL,NULL,,NULL,NULL,NULL,NULL,NULL,NULL,0,0,2,2,N,N,15,NULL,98,9801,NULL,,Y,37.47308,-82.52643,N,NULL,NULL,NULL,NULL,NULL,NULL,NULL,NULL,5,97,1,6,1,1,2,2,1,3,N,NULL,Y,N,1656,1706,1706,N,NULL,70,,,N,,N,N,,NULL,NULL,2020,O,7.25E+11,098-CS-1053  -000,MEDIUM,098-CS-1053  -000,0.016,0,0,1,1,0,0,1,0,0,0,0,0,0,1,DAC,1,0,195-1172,1
72819995,980100,2.02E+11,20221019,909,,CEDAR HILLS,,RD,KY1426,KY1426,0,098 KY-1426,KY1426,N,N,NULL,NULL,NULL,N,NULL,NULL,NULL,NULL,NULL,NULL,4.638,NULL,NULL,NULL,NULL,,NULL,0,0,2,2,N,N,35,NULL,98,9801,NULL,,Y,37.46205,-82.52663,N,NULL,NULL,NULL,NULL,NULL,NULL,NULL,NULL,1,3,2,3,1,1,2,2,7,3,N,NULL,Y,N,909,909,935,N,NULL,55,,0,Y,,N,N,098-KY-1426-0,NULL,NULL,2022,O,7.28E+11,098-KY-1426  -000,HIGH,098-KY-1426  -000,4.638,0,0,0,0,0,0,1,0,1,0,0,1,0,1,Non-DAC,0,1,,
72659576,980100,2.02E+11,20210810,1637,,US23,,,US0023,US0023,0,098 US-23,US0023,N,N,NULL,NULL,NULL,N,NULL,NULL,NULL,NULL,NULL,NULL,25.721,NULL,NULL,NULL,NULL,,NULL,0,0,2,2,N,N,55,NULL,98,9801,NULL,,Y,37.49567,-82.53115,N,NULL,NULL,NULL,NULL,NULL,NULL,NULL,NULL,5,3,4,6,1,1,2,2,1,3,N,NULL,Y,N,1657,1705,,N,NULL,49,,1,N,,N,N,098-US-0023-0,NULL,NULL,2021,O,7.27E+11,098-US-0023  -000,HIGH,098-US-0023  -000,25.721,0,0,0,0,0,0,1,0,0,0,0,0,0,1,Non-DAC,0,1,,