MasterFile,AgencyORINumber,LocalCode,CollisionDate,CollisionTime,CollisionDayWeekCode,RoadwayName,RoadwayName_Direction_,RoadwayName_RoadwaySuffix_,RoadwayfromReport,CurrentRoadwayNumber,RoadwayNumberCoupletID,RSEUniqueGIS,RoadwayIdentifier,ParkingLotIndicator,IntersectionWith_Indicator_,IntersectionWith_NameRoadway_,IntersectionWith_Direction_,IntersectionWith_RoadwaySuffix_,BetweenStreets_Indicator_,BetweenStreets1_NameRoadway_,BetweenStreet1_Direction_,BetweenStreets1_RoadwaySuffix_,BetweenStreets2_NameRoadway_,BetweenStreets2_Direction_,BetweenStreets2_RoadwaySuffix_,Milepoint,ReportMilepointDeriveNumber,CurrentDerivedMiepointNumber,MilestoMilepoint,FeettoMilepoint,DirectionfromMilepoint_NSEW_,ValidMilepointIndicator,NumberInjured,NumberKilled,ofUnits,ofMotorVehicleUnits,Hit&RunIndicator,OneWayIndicator,SpeedLimitNumber,KilometersIndicator,CountyCode,CityCountyCode,MilesFromCity,DirectionFromCity_NSEW_,InCityLimitsIndicator,Latitude,Longitude,RampIndicator,RampFromIdentifier,RampFromDirCode,RampFromCoupletID,RSEUniqueGISRampFrom,RampToidentifier,RampToDirCode,RampToCoupletID,RSEUniqueGisRampTo,MannerofCollisionCode,LocationFirstEventCode,TotalLanes,RoadwayCharacterCode,RoadwaySurfaceCode,RoadwayConditionCode,WeatherCode,LightConditionCode,LandUseCode,SchoolBusRelatedCode,FirstAidSceneIndicator,CollDescPresentInd,InvestigationCompleteIndicator,PhotosTakenIndicator,TimeNotified,TimeArrived,TimeRoadwayOpened,PropertyDamageIndicator,DiagramPresentIndicator,DirectionalAnalysis,FunctionClassCode,NationalHwySysCode,EnforcementsIndicator,KARSCityCode,SecondaryCollisionIndicator,MedianCrossoverIndicator,RT_UNIQUE,MapIt,TimeLastLeft,YR,KABCO,MFNY,WorkingRID,RT_CONFIDENCE,KTC_RT,KTC_MP,Motorcyclist,Commercial Vehicle,Young Driver,Mature Driver,Pedestrian,Bicyclist,Distracted,Aggressive,Impaired,Unrestrained,Intersection,Roadway Departure,Median Cross-over,CityCrash,DACid,Intersection Crash,Segment Crash,Int_ID,CityIntersection
72547897,980100,2.02E+11,20200930,1322,,US23,,,US0023,US0023,0,098 US-23,US0023,N,N,NULL,NULL,NULL,N,NULL,NULL,NULL,NULL,NULL,NULL,23.052,NULL,NULL,NULL,NULL,,NULL,2,0,2,2,N,N,55,NULL,98,9801,NULL,,Y,37.46584,-82.52792,N,NULL,NULL,NULL,NULL,NULL,NULL,NULL,NULL,3,3,4,6,1,1,2,2,1,3,Y,NULL,Y,Y,1322,1327,1408,N,NULL,52,,1,N,,N,N,098-US-0023-0,NULL,NULL,2020,B,7.25E+11,098-US-0023  -000,HIGH,098-US-0023  -000,23.052,0,0,0,1,0,0,0,0,0,0,0,1,0,1,DAC,0,1,,
72480998,980100,2.02E+11,20200226,1900,,CHLOE,,RD,KY1460,KY1460,,,,N,N,NULL,NULL,NULL,N,NULL,NULL,NULL,NULL,NULL,NULL,4.908,NULL,NULL,NULL,NULL,,NULL,0,0,2,2,Y,N,45,NULL,98,9801,NULL,,Y,37.47773,-82.5133,N,NULL,NULL,NULL,NULL,NULL,NULL,NULL,NULL,7,3,,,1,5,6,7,1,3,N,NULL,Y,N,1900,1900,1900,N,NULL,54,,0,N,,N,N,,NULL,NULL,2020,O,7.25E+11,098-KY-1460  -000,HIGH,098-KY-1460  -000,4.908,0,0,0,0,0,0,0,0,0,0,0,1,0,1,Non-DAC,0,1,,
72796456,980100,2.02E+11,20220807,1531,,BILLUPS,,DR,,,0,098 CS-1221,CS1221,N,N,NULL,NULL,NULL,N,NULL,NULL,NULL,NULL,NULL,NULL,0.21,NULL,NULL,NULL,NULL,,NULL,0,0,1,1,N,N,15,NULL,98,9801,NULL,,Y,37.50854,-82.55224,N,NULL,NULL,NULL,NULL,NULL,NULL,NULL,NULL,9,3,2,6,1,1,2,2,1,3,N,NULL,Y,N,1533,1544,,N,NULL,44,,,N,,N,N,098-CS-1221-0,NULL,NULL,2022,O,7.28E+11,098-CS-1221  -000,HIGH,098-CS-1221  -000,0.21,0,0,0,1,0,0,0,0,0,0,0,1,0,1,Non-DAC,1,0,195-0826,1
72800546,980100,2.02E+11,20220818,1539,,US23,,,US0023,US0023,0,098 US-23-10,US0023,N,N,NULL,NULL,NULL,N,NULL,NULL,NULL,NULL,NULL,NULL,25.057,NULL,NULL,NULL,NULL,,NULL,0,0,2,2,N,N,55,NULL,98,9801,NULL,,Y,37.48894,-82.5397,N,NULL,NULL,NULL,NULL,NULL,NULL,NULL,NULL,8,3,4,6,1,1,2,2,7,3,N,NULL,Y,N,1539,1539,1609,N,NULL,53,,1,N,,N,N,098-US-0023-10,NULL,NULL,2022,O,7.28E+11,098-US-0023  -010,HIGH,098-US-0023  -000,25.057,0,0,1,0,0,0,1,1,0,0,0,1,0,1,Non-DAC,0,1,,
72546084,KSP0900,20-682554,20200904,1740,,US119,,,US0119,US0119,0,098 US-119,US0119,N,N,NULL,NULL,NULL,N,NULL,NULL,NULL,NULL,NULL,NULL,0.49,NULL,NULL,NULL,NULL,,NULL,0,0,2,2,Y,N,55,NULL,98,9801,NULL,,Y,37.50861,-82.52576,N,NULL,NULL,NULL,NULL,NULL,NULL,NULL,NULL,2,97,2,6,1,5,2,2,7,3,N,NULL,Y,N,1740,1744,,N,NULL,47,2,1,N,,N,N,098-US-0119-0,NULL,NULL,2020,O,7.25E+11,098-US-0119  -000,HIGH,098-US-0119  -000,0.49,0,0,0,0,0,0,0,0,0,0,0,0,0,1,Non-DAC,0,1,,
72740480,980100,2.02E+11,20220313,2056,,CEDAR HILLS,,RD,KY1426,KY1426,0,098 KY-1426,KY1426,N,N,NULL,NULL,NULL,N,NULL,NULL,NULL,NULL,NULL,NULL,4.776,NULL,NULL,NULL,NULL,,NULL,0,0,2,1,N,N,35,NULL,98,9801,NULL,,Y,37.46365,-82.52574,N,NULL,NULL,NULL,NULL,NULL,NULL,NULL,NULL,9,97,2,6,3,8,2,5,7,3,N,NULL,Y,N,2056,2057,2250,N,NULL,91,,0,Y,,N,N,098-KY-1426-0,NULL,NULL,2022,O,7.27E+11,098-KY-1426  -000,HIGH,098-KY-1426  -000,4.776,0,0,0,0,0,0,0,0,1,0,0,0,0,1,Non-DAC,1,0,195-1236,1
72481436,980100,2.02E+11,20200227,1614,,THOMPSON,,RD,,,0,098 CS-1215,CS1215,N,N,NULL,NULL,NULL,N,NULL,NULL,NULL,NULL,NULL,NULL,0.502,NULL,NULL,NULL,NULL,,NULL,0,0,2,2,N,N,35,NULL,98,9801,NULL,,Y,37.50612,-82.54359,N,NULL,NULL,NULL,NULL,NULL,NULL,NULL,NULL,8,3,3,6,1,1,2,2,1,3,N,NULL,Y,N,1614,1625,1637,N,NULL,53,,,N,,N,N,098-CS-1215-0,NULL,NULL,2020,O,7.25E+11,098-CS-1215  -000,HIGH,098-CS-1215  -000,0.502,0,0,0,1,0,0,1,0,0,0,0,1,0,1,Non-DAC,0,1,,
72569933,980100,2.02E+11,20201121,1627,,US23,,,US0023,US0023,,,,N,N,NULL,NULL,NULL,N,NULL,NULL,NULL,NULL,NULL,NULL,20.567,NULL,NULL,NULL,NULL,,NULL,2,0,2,2,N,N,55,NULL,98,9801,NULL,,Y,37.44358,-82.5188,N,NULL,NULL,NULL,NULL,NULL,NULL,NULL,NULL,1,3,4,3,1,1,2,2,7,3,Y,NULL,Y,Y,1627,1634,1710,N,NULL,55,,1,N,,N,N,,NULL,NULL,2020,C,7.26E+11,098-US-0023  -000,MEDIUM,098-US-0023  -000,20.567,0,0,0,1,0,0,1,0,0,0,0,0,0,1,Non-DAC,0,1,,
72495402,980100,2.02E+11,20200413,1156,,US23,,,US0023,US0023,0,098 US-23,US0023,N,N,NULL,NULL,NULL,N,NULL,NULL,NULL,NULL,NULL,NULL,20.604,NULL,NULL,NULL,NULL,,NULL,2,0,2,2,N,N,55,NULL,98,9801,NULL,,Y,37.44327,-82.51935,N,NULL,NULL,NULL,NULL,NULL,NULL,NULL,NULL,1,3,4,6,1,5,3,2,7,3,Y,NULL,Y,Y,1157,1203,1235,N,NULL,55,,1,N,,N,N,098-US-0023-0,NULL,NULL,2020,C,7.25E+11,098-US-0023  -000,HIGH,098-US-0023  -000,20.604,0,0,0,1,0,0,1,0,0,0,0,0,0,1,Non-DAC,1,0,195-1300,1
72587137,980100,2.02E+11,20210123,1303,,US23,,,US0023,US0023,0,098 US-23-10,US0023,N,N,NULL,NULL,NULL,N,NULL,NULL,NULL,NULL,NULL,NULL,26.26,NULL,NULL,NULL,NULL,,NULL,0,0,2,2,N,N,55,NULL,98,9801,NULL,,Y,37.50334,-82.5323,N,NULL,NULL,NULL,NULL,NULL,NULL,NULL,NULL,8,3,4,6,1,1,2,2,7,3,N,NULL,Y,N,1303,1309,1309,N,NULL,53,,1,N,,N,N,098-US-0023-10,NULL,NULL,2021,O,7.26E+11,098-US-0023  -010,HIGH,098-US-0023  -000,26.26,0,0,0,1,0,0,0,0,0,0,0,1,0,1,Non-DAC,1,0,195-0861,1
72635039,980100,2.02E+11,20210611,932,,HAMBLEY,,BLVD,,,0,098 CS-1222,CS1222,N,N,NULL,NULL,NULL,N,NULL,NULL,NULL,NULL,NULL,NULL,1.632,NULL,NULL,NULL,NULL,,NULL,0,0,2,2,N,N,35,NULL,98,9801,NULL,,Y,37.48185,-82.53268,N,NULL,NULL,NULL,NULL,NULL,NULL,NULL,NULL,8,3,2,6,1,1,3,2,7,3,N,NULL,Y,N,932,933,935,N,NULL,53,,,N,,N,N,098-CS-1222-0,NULL,NULL,2021,O,7.26E+11,098-CS-1222  -000,HIGH,098-CS-1222  -000,1.632,0,0,0,0,0,0,1,0,0,0,0,1,0,1,DAC,1,0,195-1055,1
72517863,980100,2.02E+11,20200703,1119,,OWSLEY,,RD,KY1384,KY1384,,,,N,N,NULL,NULL,NULL,N,NULL,NULL,NULL,NULL,NULL,NULL,6.799,NULL,NULL,NULL,NULL,,NULL,0,0,2,2,N,N,35,NULL,98,9801,NULL,,Y,37.47931,-82.54302,N,NULL,NULL,NULL,NULL,NULL,NULL,NULL,NULL,4,3,4,6,1,1,2,2,6,3,N,NULL,Y,N,1119,1124,1216,N,NULL,70,17,0,N,,N,N,,NULL,NULL,2020,O,7.25E+11,098-KY-1384  -000,MEDIUM,098-KY-1384  -000,6.799,0,0,0,1,0,0,1,0,0,0,0,0,0,1,DAC,1,0,195-1101,1
72825219,980100,2.02E+11,20221105,230,,US23,,,US0023,US0023,0,098 US-23,US0023,N,N,NULL,NULL,NULL,N,NULL,NULL,NULL,NULL,NULL,NULL,27.034,NULL,NULL,NULL,NULL,,NULL,0,0,1,1,N,N,55,NULL,98,9801,NULL,,Y,37.51046,-82.54188,N,NULL,NULL,NULL,NULL,NULL,NULL,NULL,NULL,9,3,4,6,1,1,3,6,1,3,N,NULL,Y,N,230,238,238,N,NULL,38,,1,N,,N,N,098-US-0023-0,NULL,NULL,2022,O,7.28E+11,098-US-0023  -000,HIGH,098-US-0023  -000,27.034,0,0,0,0,0,0,0,0,0,0,0,0,0,1,Non-DAC,0,1,,
72610235,980100,2.02E+11,20210401,2009,,CASSIDY,,BLVD,,,0,098 CS-1191,CS1191,N,N,NULL,NULL,NULL,N,NULL,NULL,NULL,NULL,NULL,NULL,0.087,NULL,NULL,NULL,NULL,,NULL,0,0,2,2,N,N,5,NULL,98,9801,NULL,,Y,37.50362,-82.53354,N,NULL,NULL,NULL,NULL,NULL,NULL,NULL,NULL,5,97,2,6,1,1,3,7,1,3,N,NULL,Y,N,2009,2010,,N,NULL,49,,,Y,,N,N,098-CS-1191-0,NULL,NULL,2021,O,7.26E+11,098-CS-1191  -000,HIGH,098-CS-1191  -000,0.087,0,0,0,0,0,0,1,0,1,0,0,0,0,1,Non-DAC,0,1,,
72570691,980000,20-11-010,20201130,1740,,US23,,,US0023,US0023,0,098 US-23-10,US0023,N,N,NULL,NULL,NULL,N,NULL,NULL,NULL,NULL,NULL,NULL,17.681,NULL,NULL,NULL,NULL,,NULL,0,0,2,2,N,N,55,NULL,98,9886,0.6,S,N,37.42468,-82.51705,N,NULL,NULL,NULL,NULL,NULL,NULL,NULL,NULL,3,3,4,6,1,5,1,6,7,3,N,NULL,Y,Y,1744,1744,1823,N,NULL,52,,1,N,,N,Y,098-US-0023-10,NULL,NULL,2020,O,7.26E+11,098-US-0023  -010,HIGH,098-US-0023  -000,17.681,0,0,0,0,0,0,1,1,0,0,0,1,1,1,Non-DAC,1,0,195-1359,1
72593613,980100,2.02E+11,20210204,1828,,US23,,,US0023,US0023,,,,N,N,NULL,NULL,NULL,N,NULL,NULL,NULL,NULL,NULL,NULL,31.096,NULL,NULL,NULL,NULL,,NULL,1,0,1,1,N,N,55,NULL,98,9801,NULL,,Y,37.53857,-82.59393,N,NULL,NULL,NULL,NULL,NULL,NULL,NULL,NULL,9,3,4,3,1,5,3,6,7,3,Y,NULL,Y,Y,1831,1838,,N,NULL,40,,1,Y,,N,N,,NULL,NULL,2021,B,7.26E+11,098-US-0023  -000,MEDIUM,098-US-0023  -000,31.096,0,0,0,0,0,0,1,0,0,0,0,1,0,1,Non-DAC,0,1,,
72590550,980100,2.02E+11,20210202,1154,,WOODLAND HILL,,DR,,,0,098 CS-1223,CS1223,N,N,NULL,NULL,NULL,N,NULL,NULL,NULL,NULL,NULL,NULL,,NULL,NULL,NULL,NULL,NULL,NULL,0,0,1,1,N,N,5,NULL,98,9801,NULL,,Y,37.46904,-82.49283,N,NULL,NULL,NULL,NULL,NULL,NULL,NULL,NULL,9,4,1,4,1,4,3,2,6,3,N,NULL,Y,N,1154,1203,1203,N,NULL,44,,,N,,N,N,098-CS-1223-0,NULL,NULL,2021,O,7.26E+11,098-CS-1223  -000,HIGH,098-CS-1223  -000,2.006,0,0,0,0,0,0,0,0,0,0,0,1,0,1,Non-DAC,0,1,,
72530708,980100,2.02E+11,20200810,821,,US23,,,US0023,US0023,,,,N,N,NULL,NULL,NULL,N,NULL,NULL,NULL,NULL,NULL,NULL,22.057,NULL,NULL,NULL,NULL,,NULL,0,0,3,3,N,N,55,NULL,98,9801,NULL,,Y,37.4581,-82.51733,N,NULL,NULL,NULL,NULL,NULL,NULL,NULL,NULL,5,3,4,6,1,1,2,2,2,3,N,NULL,Y,N,821,821,824,N,NULL,49,,1,N,,N,N,,NULL,NULL,2020,O,7.25E+11,098-US-0023  -000,MEDIUM,098-US-0023  -000,22.057,0,0,0,0,0,0,0,1,0,0,0,0,0,1,Non-DAC,0,1,,
72567389,980100,2.02E+11,20201119,1554,,BYPASS,S,RD,KY1426,KY1426,,,,N,N,NULL,NULL,NULL,N,NULL,NULL,NULL,NULL,NULL,NULL,6.544,NULL,NULL,NULL,NULL,,NULL,0,0,2,1,N,N,45,NULL,98,9801,NULL,,Y,37.48228,-82.51382,N,NULL,NULL,NULL,NULL,NULL,NULL,NULL,NULL,1,3,3,6,1,1,2,2,7,3,N,NULL,Y,N,1554,1601,1628,N,NULL,55,,0,N,,N,N,,NULL,NULL,2020,O,7.26E+11,098-KY-1426  -000,HIGH,098-KY-1426  -000,6.544,0,0,0,0,0,0,1,0,0,0,0,0,0,1,DAC,0,1,,
72815475,KSP0900,22-389339,20221008,1703,,CEDAR HILLS,,RD,KY1426,KY1426,0,098 KY-1426,KY1426,N,N,NULL,NULL,NULL,N,NULL,NULL,NULL,NULL,NULL,NULL,4.699,NULL,NULL,NULL,NULL,,NULL,1,0,1,1,N,N,55,NULL,98,9801,NULL,,Y,37.46271,-82.52608,N,NULL,NULL,NULL,NULL,NULL,NULL,NULL,NULL,9,3,2,6,1,1,2,2,7,3,N,NULL,Y,Y,1703,1740,1820,N,NULL,70,,0,N,,N,N,098-KY-1426-0,NULL,NULL,2022,B,7.28E+11,098-KY-1426  -000,HIGH,098-KY-1426  -000,4.699,0,0,0,1,0,0,0,0,0,0,0,1,0,1,Non-DAC,0,1,,
72713697,KSP0900,21-517738,20211221,1346,,US119,,,US0119,US0119,0,098 US-119-10,US0119,N,N,NULL,NULL,NULL,N,NULL,NULL,NULL,NULL,NULL,NULL,0.194,NULL,NULL,NULL,NULL,,NULL,0,0,2,2,N,N,55,NULL,98,9801,NULL,,Y,37.50459,-82.52872,N,NULL,NULL,NULL,NULL,NULL,NULL,NULL,NULL,5,7,2,6,1,1,2,2,7,3,N,NULL,Y,N,1346,1432,1432,N,NULL,47,2,1,N,,N,N,098-US-0119-10,NULL,NULL,2021,O,7.27E+11,098-US-0119  -010,HIGH,098-US-0119  -000,0.194,0,0,0,1,0,0,1,0,0,0,0,0,0,1,Non-DAC,0,1,,
72760516,980100,2.02E+11,20220423,306,,HAMBLEY,,BLVD,,,0,098 CS-1222,CS1222,N,N,NULL,NULL,NULL,N,NULL,NULL,NULL,NULL,NULL,NULL,0.705,NULL,NULL,NULL,NULL,,NULL,0,0,1,1,N,N,25,NULL,98,9801,NULL,,Y,37.48112,-82.5189,N,NULL,NULL,NULL,NULL,NULL,NULL,NULL,NULL,9,3,2,3,1,1,2,5,7,3,N,NULL,N,N,306,306,329,Y,NULL,70,,,Y,,N,N,098-CS-1222-0,NULL,NULL,2022,O,7.28E+11,098-CS-1222  -000,HIGH,098-CS-1222  -000,0.705,0,0,0,0,0,0,0,0,1,0,0,0,0,1,DAC,1,0,195-1068,1
72562583,980100,2.02E+11,20201017,2034,,BYPASS,S,RD,KY1426,KY1426,,,,N,N,NULL,NULL,NULL,N,NULL,NULL,NULL,NULL,NULL,NULL,6.48,NULL,NULL,NULL,NULL,,NULL,1,0,2,2,N,N,45,NULL,98,9801,NULL,,Y,37.48141,-82.51422,N,NULL,NULL,NULL,NULL,NULL,NULL,NULL,NULL,5,3,2,6,1,1,2,5,7,3,Y,NULL,Y,Y,2034,2035,2100,N,NULL,70,,0,N,,N,N,,NULL,NULL,2020,C,7.26E+11,098-KY-1426  -000,HIGH,098-KY-1426  -000,6.48,0,0,0,0,0,0,1,0,0,0,0,0,0,1,DAC,1,0,195-1056,1
72657144,980000,9821-08-001,20210806,645,,US23,,,US0023,US0023,0,098 US-23-10,US0023,N,N,NULL,NULL,NULL,N,NULL,NULL,NULL,NULL,NULL,NULL,32.333,NULL,NULL,NULL,NULL,,NULL,1,0,1,1,N,N,55,NULL,98,9801,NULL,,Y,37.53732,-82.6148,N,NULL,NULL,NULL,NULL,NULL,NULL,NULL,NULL,9,2,4,3,1,1,2,1,1,3,Y,NULL,Y,Y,640,640,,N,NULL,70,,1,Y,,N,N,098-US-0023-10,NULL,NULL,2021,C,7.27E+11,098-US-0023  -010,HIGH,098-US-0023  -000,32.333,0,0,0,0,0,0,0,0,1,1,0,1,0,1,Non-DAC,0,1,,
72597074,980100,2.02E+11,20210223,826,,CHLOE,,RD,KY1460,KY1460,,,,N,N,NULL,NULL,NULL,N,NULL,NULL,NULL,NULL,NULL,NULL,4.706,NULL,NULL,NULL,NULL,,NULL,0,0,1,1,N,N,35,NULL,98,9801,NULL,,Y,37.47792,-82.50941,N,NULL,NULL,NULL,NULL,NULL,NULL,NULL,NULL,9,97,2,6,1,2,2,2,1,3,N,NULL,N,N,826,838,926,N,NULL,44,,0,N,,N,N,,NULL,NULL,2021,O,7.26E+11,098-KY-1460  -000,HIGH,098-KY-1460  -000,4.706,0,0,0,0,0,0,0,0,0,0,0,1,0,1,Non-DAC,0,1,,
72503169,KSP0900,20-18124,20200515,1048,,TOWN MOUNTAIN,,RD,KY1426,KY1426,,,,N,N,NULL,NULL,NULL,N,NULL,NULL,NULL,NULL,NULL,NULL,8.372,NULL,NULL,NULL,NULL,,NULL,0,0,2,2,N,N,55,NULL,98,9801,NULL,,Y,37.49667,-82.49096,N,NULL,NULL,NULL,NULL,NULL,NULL,NULL,NULL,5,3,2,4,1,1,2,2,7,3,N,NULL,Y,N,1055,1055,1114,N,NULL,49,,0,N,,N,N,,NULL,NULL,2020,O,7.25E+11,098-KY-1426  -000,MEDIUM,098-KY-1426  -000,8.372,0,0,0,1,0,0,1,0,0,0,0,0,0,1,Non-DAC,0,1,,
72570825,980100,2.02E+11,20201201,1227,,HAROLDS BRANCH,,RD,,,0,098 CS-1223,CS1223,N,N,NULL,NULL,NULL,N,NULL,NULL,NULL,NULL,NULL,NULL,0.902,NULL,NULL,NULL,NULL,,NULL,0,0,2,2,N,N,25,NULL,98,9801,NULL,,Y,37.46746,-82.50822,N,NULL,NULL,NULL,NULL,NULL,NULL,NULL,NULL,7,3,1,3,3,5,2,2,7,3,N,NULL,N,N,1230,1238,1238,N,NULL,54,,,N,,N,N,098-CS-1223-0,NULL,NULL,2020,O,7.26E+11,098-CS-1223  -000,HIGH,098-CS-1223  -000,0.902,0,1,0,0,0,0,1,0,0,0,0,1,0,1,Non-DAC,1,0,195-1208,1
72708907,980100,2.02E+11,20211211,619,,US23,,,US0023,US0023,0,098 US-23,US0023,N,N,NULL,NULL,NULL,N,NULL,NULL,NULL,NULL,NULL,NULL,22.289,NULL,NULL,NULL,NULL,,NULL,0,0,1,1,N,N,55,NULL,98,9801,NULL,,Y,37.46135,-82.51684,N,NULL,NULL,NULL,NULL,NULL,NULL,NULL,NULL,9,3,4,6,1,5,3,6,1,3,N,NULL,Y,N,619,623,623,N,NULL,38,,1,N,,N,N,098-US-0023-0,NULL,NULL,2021,O,7.27E+11,098-US-0023  -000,HIGH,098-US-0023  -000,22.289,0,0,0,0,0,0,0,0,0,0,0,0,0,1,Non-DAC,0,1,,
72553264,980100,2.02E+11,20201011,1930,,MAYO,S,TRL,US0023,US0023,,,,N,N,NULL,NULL,NULL,N,NULL,NULL,NULL,NULL,NULL,NULL,22.945,NULL,NULL,NULL,NULL,,NULL,1,0,2,2,N,N,55,NULL,98,9801,NULL,,Y,37.46542,-82.52599,N,NULL,NULL,NULL,NULL,NULL,NULL,NULL,NULL,1,3,4,6,1,1,2,5,1,3,Y,NULL,Y,Y,1930,1935,2010,N,NULL,55,,1,Y,,N,N,,NULL,NULL,2020,B,7.26E+11,098-US-0023  -010,MEDIUM,098-US-0023  -000,22.945,0,0,0,0,0,0,1,1,0,0,0,0,0,1,DAC,0,1,,
72595381,980500,2021AR005,20210217,1304,,US 23 SOUTH,,,,,,,,N,N,NULL,NULL,NULL,N,NULL,NULL,NULL,NULL,NULL,NULL,,NULL,NULL,NULL,NULL,NULL,NULL,1,0,2,2,N,N,45,NULL,98,9807,NULL,,Y,37.52974,-82.57612,N,NULL,NULL,NULL,NULL,NULL,NULL,NULL,NULL,5,3,6,6,1,1,2,2,7,3,Y,NULL,Y,Y,1304,1307,1331,N,NULL,70,,,N,,N,N,,NULL,NULL,2021,C,7.26E+11,098-US-0023  -010,MEDIUM,098-US-0023  -000,29.469,0,0,0,1,0,0,1,0,0,1,0,0,0,1,Non-DAC,0,1,,
72527310,KSP0900,20-626427,20200731,52,,US119,,,US0119,US0119,0,098 US-119-10,US0119,N,N,NULL,NULL,NULL,N,NULL,NULL,NULL,NULL,NULL,NULL,2.729,NULL,NULL,NULL,NULL,,NULL,0,0,2,2,Y,N,55,NULL,98,9828,NULL,,Y,37.51403,-82.48649,N,NULL,NULL,NULL,NULL,NULL,NULL,NULL,NULL,5,3,2,6,1,1,2,5,7,3,N,NULL,N,N,52,52,52,N,NULL,49,2,1,N,,N,N,098-US-0119-10,NULL,NULL,2020,O,7.25E+11,098-US-0119  -010,HIGH,098-US-0119  -000,2.729,0,0,1,0,0,0,0,1,0,0,0,0,0,1,DAC,0,1,,
72711938,980100,2.02E+11,20211220,921,,MAYO,S,TRL,US0460,US0460,0,098 US-460,US0460,N,N,NULL,NULL,NULL,N,NULL,NULL,NULL,NULL,NULL,NULL,0.372,NULL,NULL,NULL,NULL,,NULL,0,0,1,1,N,N,35,NULL,98,9801,NULL,,Y,37.43757,-82.51109,N,NULL,NULL,NULL,NULL,NULL,NULL,NULL,NULL,9,5,2,6,1,1,2,2,1,3,N,NULL,Y,Y,921,928,928,Y,NULL,40,,1,N,,N,N,098-US-0460-0,NULL,NULL,2021,O,7.27E+11,098-US-0460  -000,HIGH,098-US-0460  -000,0.372,0,0,1,0,0,0,0,0,0,0,0,1,0,1,Non-DAC,1,0,195-1311,1
72555085,980100,2.02E+11,20201020,1032,,BYPASS,S,RD,KY1426,KY1426,0,098 KY-1426,KY1426,N,N,NULL,NULL,NULL,N,NULL,NULL,NULL,NULL,NULL,NULL,5.576,NULL,NULL,NULL,NULL,,NULL,0,0,2,2,N,N,55,NULL,98,9801,NULL,,Y,37.47253,-82.52491,N,NULL,NULL,NULL,NULL,NULL,NULL,NULL,NULL,8,7,2,4,1,1,2,2,1,3,N,NULL,Y,N,1032,1038,,N,NULL,47,,0,N,,N,N,098-KY-1426-0,NULL,NULL,2020,O,7.26E+11,098-KY-1426  -000,HIGH,098-KY-1426  -000,5.576,0,0,0,1,0,0,0,0,0,0,0,0,0,1,DAC,0,1,,
72515590,KSP0900,20-571238,20200628,900,,US119,,,US0119,US0119,0,098 US-119-10,US0119,N,N,NULL,NULL,NULL,N,NULL,NULL,NULL,NULL,NULL,NULL,1.99,NULL,NULL,NULL,NULL,,NULL,0,0,1,1,N,N,55,NULL,98,9801,NULL,,Y,37.5126,-82.49963,N,NULL,NULL,NULL,NULL,NULL,NULL,NULL,NULL,9,3,2,2,1,6,5,2,7,3,N,NULL,Y,Y,905,915,,N,NULL,70,2,1,N,,N,N,098-US-0119-10,NULL,NULL,2020,O,7.25E+11,098-US-0119  -010,HIGH,098-US-0119  -000,1.99,0,0,0,0,0,0,0,0,0,0,0,1,0,1,Non-DAC,0,1,,
72511517,980100,2.02E+11,20200616,1142,,BYPASS,S,RD,KY1426,KY1426,0,098 KY-1426,KY1426,N,N,NULL,NULL,NULL,N,NULL,NULL,NULL,NULL,NULL,NULL,6.105,NULL,NULL,NULL,NULL,,NULL,0,0,2,2,Y,N,35,NULL,98,9801,NULL,,Y,37.47705,-82.51694,N,NULL,NULL,NULL,NULL,NULL,NULL,NULL,NULL,5,3,2,6,1,1,3,2,7,3,N,NULL,Y,N,1143,1152,1152,N,NULL,49,,0,N,,N,N,098-KY-1426-0,NULL,NULL,2020,O,7.25E+11,098-KY-1426  -000,HIGH,098-KY-1426  -000,6.105,0,0,1,0,0,0,0,0,0,0,0,0,0,1,DAC,1,0,195-1125,1
72552212,980100,2.02E+11,20201007,1014,,CASSIDY,,BLVD,,,,,,N,N,NULL,NULL,NULL,N,NULL,NULL,NULL,NULL,NULL,NULL,0.261,NULL,NULL,NULL,NULL,,NULL,0,0,2,2,N,N,15,NULL,98,9801,NULL,,Y,37.50463,-82.53612,N,NULL,NULL,NULL,NULL,NULL,NULL,NULL,NULL,1,3,3,6,1,1,3,2,1,3,N,NULL,Y,N,1014,1024,,N,NULL,55,,,N,,N,N,,NULL,NULL,2020,O,7.26E+11,098-CS-1191  -000,MEDIUM,098-CS-1191  -000,0.261,0,0,0,1,0,0,1,1,0,0,0,0,0,1,Non-DAC,0,1,,
72460370,980100,2.02E+11,20200107,820,,US119,,,US0119,US0119,0,098 US-119-10,US0119,N,N,NULL,NULL,NULL,N,NULL,NULL,NULL,NULL,NULL,NULL,2.265,NULL,NULL,NULL,NULL,,NULL,0,0,1,1,N,N,55,NULL,98,9801,NULL,,Y,37.51321,-82.4947,N,NULL,NULL,NULL,NULL,NULL,NULL,NULL,NULL,9,5,2,5,1,4,9,2,7,3,N,NULL,Y,N,820,820,820,N,NULL,40,2,1,N,,N,N,098-US-0119-10,NULL,NULL,2020,O,7.25E+11,098-US-0119  -010,HIGH,098-US-0119  -000,2.265,0,0,0,0,0,0,0,0,0,0,0,1,0,1,Non-DAC,0,1,,