MasterFile,AgencyORINumber,LocalCode,CollisionDate,CollisionTime,CollisionDayWeekCode,RoadwayName,RoadwayName_Direction_,RoadwayName_RoadwaySuffix_,RoadwayfromReport,CurrentRoadwayNumber,RoadwayNumberCoupletID,RSEUniqueGIS,RoadwayIdentifier,ParkingLotIndicator,IntersectionWith_Indicator_,IntersectionWith_NameRoadway_,IntersectionWith_Direction_,IntersectionWith_RoadwaySuffix_,BetweenStreets_Indicator_,BetweenStreets1_NameRoadway_,BetweenStreet1_Direction_,BetweenStreets1_RoadwaySuffix_,BetweenStreets2_NameRoadway_,BetweenStreets2_Direction_,BetweenStreets2_RoadwaySuffix_,Milepoint,ReportMilepointDeriveNumber,CurrentDerivedMiepointNumber,MilestoMilepoint,FeettoMilepoint,DirectionfromMilepoint_NSEW_,ValidMilepointIndicator,NumberInjured,NumberKilled,ofUnits,ofMotorVehicleUnits,Hit&RunIndicator,OneWayIndicator,SpeedLimitNumber,KilometersIndicator,CountyCode,CityCountyCode,MilesFromCity,DirectionFromCity_NSEW_,InCityLimitsIndicator,Latitude,Longitude,RampIndicator,RampFromIdentifier,RampFromDirCode,RampFromCoupletID,RSEUniqueGISRampFrom,RampToidentifier,RampToDirCode,RampToCoupletID,RSEUniqueGisRampTo,MannerofCollisionCode,LocationFirstEventCode,TotalLanes,RoadwayCharacterCode,RoadwaySurfaceCode,RoadwayConditionCode,WeatherCode,LightConditionCode,LandUseCode,SchoolBusRelatedCode,FirstAidSceneIndicator,CollDescPresentInd,InvestigationCompleteIndicator,PhotosTakenIndicator,TimeNotified,TimeArrived,TimeRoadwayOpened,PropertyDamageIndicator,DiagramPresentIndicator,DirectionalAnalysis,FunctionClassCode,NationalHwySysCode,EnforcementsIndicator,KARSCityCode,SecondaryCollisionIndicator,MedianCrossoverIndicator,RT_UNIQUE,MapIt,TimeLastLeft,YR,KABCO,MFNY,WorkingRID,RT_CONFIDENCE,KTC_RT,KTC_MP,Motorcyclist,Commercial Vehicle,Young Driver,Mature Driver,Pedestrian,Bicyclist,Distracted,Aggressive,Impaired,Unrestrained,Intersection,Roadway Departure,Median Cross-over,CityCrash,DACid,Intersection Crash,Segment Crash,Int_ID,CityIntersection
72697621,980100,2.02E+11,20211107,1629,,LORAINE,,ST,,,,,,N,N,NULL,NULL,NULL,N,NULL,NULL,NULL,NULL,NULL,NULL,,NULL,NULL,NULL,NULL,NULL,NULL,0,0,1,1,Y,N,35,NULL,98,9801,NULL,,Y,37.48379,-82.53488,N,NULL,NULL,NULL,NULL,NULL,NULL,NULL,NULL,9,3,,6,1,1,2,2,6,3,N,NULL,Y,N,1629,1633,,N,NULL,40,,,N,,N,N,,NULL,NULL,2021,O,7.27E+11,098-KY-1384  -000,MEDIUM,098-KY-1384  -000,7.536,0,0,0,0,0,0,0,0,0,0,0,1,0,1,DAC,1,0,195-1009,1
72535615,980100,2.02E+11,20200824,1434,,BYPASS,S,RD,KY1426,KY1426,,,,N,N,NULL,NULL,NULL,N,NULL,NULL,NULL,NULL,NULL,NULL,6.507,NULL,NULL,NULL,NULL,,NULL,0,0,2,2,N,N,35,NULL,98,9801,NULL,,Y,37.48177,-82.51404,N,NULL,NULL,NULL,NULL,NULL,NULL,NULL,NULL,5,3,2,6,1,1,2,2,1,3,N,NULL,Y,N,1434,1445,1448,N,NULL,49,,0,N,,N,N,,NULL,NULL,2020,O,7.25E+11,098-KY-1426  -000,HIGH,098-KY-1426  -000,6.507,0,0,1,1,0,0,1,0,0,0,0,0,0,1,DAC,1,0,195-1056,1
72458891,980000,19-12-007,20191223,1510,,US23,,,US0023,US0023,0,098 US-23,US0023,N,N,NULL,NULL,NULL,N,NULL,NULL,NULL,NULL,NULL,NULL,25.981,NULL,NULL,NULL,NULL,,NULL,0,0,2,2,N,N,55,NULL,98,9801,NULL,,Y,37.49936,-82.53155,N,NULL,NULL,NULL,NULL,NULL,NULL,NULL,NULL,5,3,4,6,1,1,2,2,1,3,N,NULL,Y,N,1510,1510,1510,N,NULL,70,,1,N,,N,N,098-US-0023-0,NULL,NULL,2019,O,7.25E+11,098-US-0023  -000,HIGH,098-US-0023  -000,25.981,0,0,1,0,0,0,1,0,0,0,0,0,0,1,Non-DAC,0,1,,
72824354,980100,2.02E+11,20221026,800,,BYPASS,S,RD,KY1426,KY1426,0,098 KY-1426,KY1426,N,N,NULL,NULL,NULL,N,NULL,NULL,NULL,NULL,NULL,NULL,5.633,NULL,NULL,NULL,NULL,,NULL,3,0,2,2,N,N,25,NULL,98,9801,NULL,,Y,37.47262,-82.52348,N,NULL,NULL,NULL,NULL,NULL,NULL,NULL,NULL,5,3,3,6,1,1,2,2,7,3,Y,NULL,Y,Y,800,801,842,N,NULL,49,,0,Y,,N,N,098-KY-1426-0,NULL,NULL,2022,C,7.28E+11,098-KY-1426  -000,HIGH,098-KY-1426  -000,5.633,0,0,0,0,0,0,1,0,1,0,0,0,0,1,DAC,1,0,195-1179,1
72759565,980100,2.02E+11,20220420,1720,,2ND,,ST,,,0,098 CS-1117,CS1117,N,N,NULL,NULL,NULL,N,NULL,NULL,NULL,NULL,NULL,NULL,0.136,NULL,NULL,NULL,NULL,,NULL,0,0,1,1,N,N,15,NULL,98,9801,NULL,,Y,37.48184,-82.5169,N,NULL,NULL,NULL,NULL,NULL,NULL,NULL,NULL,9,5,1,6,1,1,2,2,1,3,N,NULL,Y,Y,1720,1723,1744,Y,NULL,40,,,N,,N,N,098-CS-1117-0,NULL,NULL,2022,O,7.28E+11,098-CS-1117  -000,HIGH,098-CS-1117  -000,0.136,0,0,0,1,0,0,0,0,0,0,0,1,0,1,DAC,1,0,195-1063,1
72800903,980100,2.02E+11,20220829,1615,,US23,,,US0023,US0023,0,098 US-23-10,US0023,N,N,NULL,NULL,NULL,N,NULL,NULL,NULL,NULL,NULL,NULL,26.504,NULL,NULL,NULL,NULL,,NULL,1,0,2,2,N,N,55,NULL,98,9801,NULL,,Y,37.50663,-82.53355,N,NULL,NULL,NULL,NULL,NULL,NULL,NULL,NULL,1,3,4,6,1,1,2,2,7,3,Y,NULL,Y,Y,1615,1621,1801,N,NULL,55,,1,N,,N,Y,098-US-0023-10,NULL,NULL,2022,C,7.28E+11,098-US-0023  -010,HIGH,098-US-0023  -000,26.504,0,1,0,0,0,0,0,0,0,0,0,0,0,1,Non-DAC,0,1,,
72468756,980100,2.02E+11,20200123,1930,,SUMMIT,,DR,,,0,098 CS-1064,CS1064,N,N,NULL,NULL,NULL,N,NULL,NULL,NULL,NULL,NULL,NULL,0.115,NULL,NULL,NULL,NULL,,NULL,0,0,1,1,N,N,15,NULL,98,9801,NULL,,Y,37.4763,-82.51591,N,NULL,NULL,NULL,NULL,NULL,NULL,NULL,NULL,9,3,2,4,1,1,2,5,7,3,N,NULL,Y,N,1436,1436,,N,NULL,70,,,N,,N,N,098-CS-1064-0,NULL,NULL,2020,O,7.25E+11,098-CS-1064  -000,HIGH,098-CS-1064  -000,0.115,0,0,1,0,0,0,0,0,0,0,0,0,0,1,Non-DAC,0,1,,
72755064,980100,2.02E+11,20220425,1434,,PIKE,,ST,,,,,,N,N,NULL,NULL,NULL,N,NULL,NULL,NULL,NULL,NULL,NULL,0.057,NULL,NULL,NULL,NULL,,NULL,0,0,2,2,N,N,15,NULL,98,9801,NULL,,Y,37.4802,-82.51644,N,NULL,NULL,NULL,NULL,NULL,NULL,NULL,NULL,2,3,2,5,1,1,2,2,1,3,N,NULL,Y,N,1434,1439,1501,N,NULL,56,,,N,,N,N,,NULL,NULL,2022,O,7.28E+11,098-CS-1113  -000,MEDIUM,098-CS-1113  -000,0.057,0,1,0,0,0,0,0,0,0,0,0,0,0,1,DAC,0,1,,
72435425,980100,2.02E+11,20191106,1115,,BAIRD,,AVE,KY1426,KY1426,0,098 KY-1426,KY1426,N,N,NULL,NULL,NULL,N,NULL,NULL,NULL,NULL,NULL,NULL,5.389,NULL,NULL,NULL,NULL,,NULL,1,0,2,2,N,N,55,NULL,98,9801,NULL,,Y,37.47334,-82.52718,N,NULL,NULL,NULL,NULL,NULL,NULL,NULL,NULL,1,3,2,5,1,1,2,2,1,3,N,NULL,N,Y,1115,1118,1147,N,NULL,55,,0,Y,,N,N,098-KY-1426-0,NULL,NULL,2019,C,7.24E+11,098-KY-1426  -000,HIGH,098-KY-1426  -000,5.389,0,0,0,0,0,0,1,1,0,0,0,0,0,1,DAC,1,0,195-1174,1
72551193,980100,2.02E+12,20201010,1633,,US23,,,US0023,US0023,0,098 US-23,US0023,N,N,NULL,NULL,NULL,N,NULL,NULL,NULL,NULL,NULL,NULL,26.237,NULL,NULL,NULL,NULL,,NULL,0,0,2,2,N,N,55,NULL,98,9801,NULL,,Y,37.50299,-82.53206,N,NULL,NULL,NULL,NULL,NULL,NULL,NULL,NULL,5,3,4,6,1,5,6,2,1,3,N,NULL,N,N,1633,1637,1733,N,NULL,70,,1,Y,,N,N,098-US-0023-0,NULL,NULL,2020,O,7.26E+11,098-US-0023  -000,HIGH,098-US-0023  -000,26.237,0,0,0,0,0,0,0,1,0,0,0,0,0,1,Non-DAC,1,0,195-0861,1
72494173,980100,2.02E+11,20200413,1940,,MAYO,S,TRL,US0023,US0023,,,,N,N,NULL,NULL,NULL,N,NULL,NULL,NULL,NULL,NULL,NULL,22.294,NULL,NULL,NULL,NULL,,NULL,0,0,3,3,N,N,55,NULL,98,9801,NULL,,Y,37.46137,-82.51691,N,NULL,NULL,NULL,NULL,NULL,NULL,NULL,NULL,5,3,4,6,1,1,2,3,1,3,N,NULL,Y,N,1940,1943,1943,N,NULL,49,,1,N,,N,N,,NULL,NULL,2020,O,7.25E+11,098-US-0023  -010,MEDIUM,098-US-0023  -000,22.294,0,0,0,1,0,0,1,0,0,0,0,0,0,1,Non-DAC,0,1,,
72710330,980100,2.02E+11,20211217,1402,,US23,,,US0023,US0023,,,,N,N,NULL,NULL,NULL,N,NULL,NULL,NULL,NULL,NULL,NULL,23.57,NULL,NULL,NULL,NULL,,NULL,0,0,1,1,N,N,55,NULL,98,9801,NULL,,Y,37.47091,-82.53383,N,NULL,NULL,NULL,NULL,NULL,NULL,NULL,NULL,9,3,2,3,1,5,6,2,1,3,N,NULL,Y,N,1402,1402,,N,NULL,70,,1,N,,N,N,,NULL,NULL,2021,O,7.27E+11,098-US-0023  -010,MEDIUM,098-US-0023  -000,23.57,0,0,0,0,0,0,0,0,0,0,0,1,0,1,DAC,0,1,,
72509113,980100,2.02E+11,20200608,1445,,CHLOE,,RD,KY1460,KY1460,0,098 KY-1460,KY1460,N,N,NULL,NULL,NULL,N,NULL,NULL,NULL,NULL,NULL,NULL,3.426,NULL,NULL,NULL,NULL,,NULL,0,0,2,2,N,N,35,NULL,98,9801,NULL,,Y,37.47517,-82.48742,N,NULL,NULL,NULL,NULL,NULL,NULL,NULL,NULL,5,3,2,6,1,1,2,2,1,3,N,NULL,Y,N,1445,1450,1505,N,NULL,49,,0,N,,N,N,098-KY-1460-0,NULL,NULL,2020,O,7.25E+11,098-KY-1460  -000,HIGH,098-KY-1460  -000,3.426,0,0,0,0,0,0,1,0,0,0,0,0,0,1,Non-DAC,0,1,,
72592633,980100,2.02E+11,20210209,807,,US23 TURN LANE,,,US0023,US0023,0,098 US-23-21,US0023,N,N,NULL,NULL,NULL,N,NULL,NULL,NULL,NULL,NULL,NULL,0.016,NULL,NULL,NULL,NULL,,NULL,0,0,2,2,N,N,55,NULL,98,9801,NULL,,Y,37.50366,-82.53236,N,NULL,NULL,NULL,NULL,NULL,NULL,NULL,NULL,5,3,4,6,1,5,6,2,7,3,N,NULL,Y,N,808,816,816,N,NULL,70,,1,N,,N,N,098-US-0023-21,NULL,NULL,2021,O,7.26E+11,098-US-0023  -021,HIGH,098-US-0023  -021,0.016,0,0,0,0,0,0,0,0,0,0,0,0,0,1,Non-DAC,1,0,195-0861,1
72525786,980100,2.02E+11,20200728,1554,,CASSIDY,,BLVD,,,,,,N,N,NULL,NULL,NULL,N,NULL,NULL,NULL,NULL,NULL,NULL,,NULL,NULL,NULL,NULL,,NULL,0,0,2,2,N,Y,15,NULL,98,9801,NULL,,Y,37.50654,-82.53915,N,NULL,NULL,NULL,NULL,NULL,NULL,NULL,NULL,2,97,1,4,1,1,2,2,7,3,N,NULL,N,N,1556,1557,1620,N,NULL,56,,,N,,N,N,,NULL,NULL,2020,O,7.25E+11,098-CS-1191  -000,MEDIUM,098-CS-1191  -000,0.366,0,0,0,1,0,0,1,0,0,0,0,0,0,1,Non-DAC,0,1,,
72472219,980100,2.02E+11,20200130,1124,,WILLIAMS HOLLOW,,RD,,,,,,N,N,NULL,NULL,NULL,N,NULL,NULL,NULL,NULL,NULL,NULL,0.466,NULL,NULL,NULL,NULL,,NULL,0,0,1,1,N,N,15,NULL,98,9801,NULL,,Y,37.49205,-82.48619,N,NULL,NULL,NULL,NULL,NULL,NULL,NULL,NULL,9,3,1,6,1,1,2,2,6,3,N,NULL,Y,N,1124,1127,1127,N,NULL,44,,,N,,N,N,,NULL,NULL,2020,O,7.25E+11,098-CS-1085  -000,MEDIUM,098-CS-1085  -000,0.466,0,0,0,1,0,0,1,0,0,0,0,1,0,1,Non-DAC,0,1,,
72708906,980100,2.02E+11,20211207,1131,,MAIN,,ST,,,0,098 CS-1112,CS1112,N,N,NULL,NULL,NULL,N,NULL,NULL,NULL,NULL,NULL,NULL,0.199,NULL,NULL,NULL,NULL,,NULL,0,0,2,2,N,Y,15,NULL,98,9801,NULL,,Y,37.48047,-82.51677,N,NULL,NULL,NULL,NULL,NULL,NULL,NULL,NULL,8,3,2,6,1,1,2,2,1,3,N,NULL,Y,N,1131,1133,1144,N,NULL,47,,,Y,,N,N,098-CS-1112-0,NULL,NULL,2021,O,7.27E+11,098-CS-1112  -000,HIGH,098-CS-1112  -000,0.199,0,0,0,0,0,0,1,0,0,0,0,0,0,1,DAC,1,0,195-1080,1
72733000,980100,2.02E+11,20220220,229,,4TH,,ST,,,0,098 CS-1133,CS1133,N,Y,HAMBLEY,,BLVD,N,NULL,NULL,NULL,NULL,NULL,NULL,0.005,NULL,NULL,NULL,NULL,,NULL,0,0,2,2,Y,N,25,NULL,98,9801,NULL,,Y,37.48262,-82.51918,N,NULL,NULL,NULL,NULL,NULL,NULL,NULL,NULL,1,3,3,3,1,1,2,5,1,3,N,NULL,Y,N,229,230,,N,NULL,10,,,N,,N,Y,098-CS-1133-0,NULL,NULL,2022,O,7.27E+11,098-CS-1133  -000,HIGH,098-CS-1133  -000,0.005,0,0,0,0,0,0,0,0,0,0,1,0,1,1,DAC,1,0,195-1031,1
72457845,980100,2.02E+11,20191230,1241,,,,,US0023,US0023,,,,N,N,NULL,NULL,NULL,N,NULL,NULL,NULL,NULL,NULL,NULL,0.027,NULL,NULL,NULL,NULL,,NULL,0,0,1,1,N,N,55,NULL,98,9801,NULL,,Y,37.48,-82.54182,Y,KY1384,W,NULL,,US0023,N,NULL,,9,3,4,1,1,1,2,2,7,3,N,NULL,Y,N,1241,1249,1249,N,NULL,72,,1,N,,N,N,,NULL,NULL,2019,O,7.25E+11,098-US-0023  -221,MEDIUM,098-US-0023  -221,0.027,0,0,1,0,0,0,0,0,0,0,0,1,0,1,DAC,0,1,,
72592551,980100,2.02E+11,20210208,1718,,HAROLDS BRANCH,,RD,,,,,,N,Y,BYPASS,S,RD,N,NULL,NULL,NULL,NULL,NULL,NULL,,NULL,NULL,NULL,NULL,,NULL,0,0,2,2,N,N,35,NULL,98,9801,NULL,,Y,37.47281,-82.5227,N,NULL,NULL,NULL,NULL,NULL,NULL,NULL,NULL,5,3,2,6,1,1,2,2,7,3,N,NULL,Y,N,1718,1724,1724,N,NULL,35,,,N,,N,N,,NULL,NULL,2021,O,7.26E+11,098-CS-1223  -000,MEDIUM,098-CS-1223  -000,0,0,0,0,1,0,0,1,0,0,0,1,0,0,1,DAC,1,0,195-1178,1
72660856,980100,2.02E+11,20210819,1522,,HAMBLEY,,BLVD,,,0,098 CS-1222,CS1222,N,N,NULL,NULL,NULL,N,NULL,NULL,NULL,NULL,NULL,NULL,0.378,NULL,NULL,NULL,NULL,,NULL,0,0,2,2,N,N,25,NULL,98,9801,NULL,,Y,37.47704,-82.52175,N,NULL,NULL,NULL,NULL,NULL,NULL,NULL,NULL,5,3,2,6,1,5,6,2,7,3,N,NULL,Y,N,1523,1523,1542,N,NULL,49,,,N,,N,N,098-CS-1222-0,NULL,NULL,2021,O,7.27E+11,098-CS-1222  -000,HIGH,098-CS-1222  -000,0.378,0,0,1,0,0,0,0,1,0,0,0,0,0,1,DAC,1,0,195-1126,1
72611883,KSP0900,21-140973,20210409,633,,US23,,,US0023,US0023,0,098 US-23,US0023,N,N,NULL,NULL,NULL,N,NULL,NULL,NULL,NULL,NULL,NULL,32.389,NULL,NULL,NULL,NULL,,NULL,0,0,1,1,N,N,55,NULL,98,9801,NULL,,Y,37.53708,-82.61584,N,NULL,NULL,NULL,NULL,NULL,NULL,NULL,NULL,9,5,4,3,1,5,3,6,7,3,N,NULL,Y,N,635,652,652,N,NULL,51,,1,N,,N,N,098-US-0023-0,NULL,NULL,2021,O,7.26E+11,098-US-0023  -000,HIGH,098-US-0023  -000,32.389,0,0,0,0,0,0,0,1,0,0,0,1,0,1,Non-DAC,0,1,,
72561619,980100,2.02E+11,20201103,1632,,HAMBLEY,,BLVD,,,,,,N,Y,JULIUS,,AVE,N,NULL,NULL,NULL,NULL,NULL,NULL,0.307,NULL,NULL,NULL,NULL,,NULL,0,0,2,2,N,N,25,NULL,98,9801,NULL,,Y,37.47624,-82.52258,N,NULL,NULL,NULL,NULL,NULL,NULL,NULL,NULL,1,3,2,6,1,1,2,2,7,3,N,NULL,Y,N,1633,1636,,N,NULL,10,,,N,,N,N,,NULL,NULL,2020,O,7.26E+11,098-CS-1222  -000,LOW,098-CS-1222  -000,0.307,0,0,0,0,0,0,0,1,0,0,1,0,0,1,DAC,1,0,195-1141,1
72785390,980100,2.02E+11,20220718,1040,,CASSIDY,,BLVD,,,0,098 CS-1191,CS1191,N,N,NULL,NULL,NULL,N,NULL,NULL,NULL,NULL,NULL,NULL,0.268,NULL,NULL,NULL,NULL,,NULL,0,0,2,2,N,N,25,NULL,98,9801,NULL,,Y,37.50471,-82.53622,N,NULL,NULL,NULL,NULL,NULL,NULL,NULL,NULL,8,3,5,6,1,5,6,2,1,3,N,NULL,Y,N,1040,1203,,N,NULL,53,,,N,,N,N,098-CS-1191-0,NULL,NULL,2022,O,7.28E+11,098-CS-1191  -000,HIGH,098-CS-1191  -000,0.268,0,0,0,1,0,0,1,1,0,0,0,1,0,1,Non-DAC,0,1,,
72695282,KSP0900,21-462666,20211111,1502,,HOLLY,,DR,,,0,098 CR-1374,CR1374,N,N,NULL,NULL,NULL,N,NULL,NULL,NULL,NULL,NULL,NULL,0.113,NULL,NULL,NULL,NULL,,NULL,1,0,1,1,N,N,25,NULL,98,9801,0.3,N,N,37.50424,-82.54475,N,NULL,NULL,NULL,NULL,NULL,NULL,NULL,NULL,9,97,2,6,1,1,2,2,7,3,Y,NULL,Y,Y,1503,1513,1600,Y,NULL,70,,,N,,N,N,098-CR-1374-0,NULL,NULL,2021,B,7.27E+11,098-CR-1374  -000,HIGH,098-CR-1374  -000,0.113,0,0,0,0,0,0,1,0,0,1,0,0,0,1,Non-DAC,0,1,,
72491511,980100,2.02E+11,20200329,1855,,US23,,,US0023,US0023,,,,N,N,NULL,NULL,NULL,N,NULL,NULL,NULL,NULL,NULL,NULL,23.475,NULL,NULL,NULL,NULL,,NULL,0,0,2,2,N,N,55,NULL,98,9801,NULL,,Y,37.46969,-82.53326,N,NULL,NULL,NULL,NULL,NULL,NULL,NULL,NULL,8,3,4,3,1,1,2,2,1,3,N,NULL,Y,N,1855,1858,1858,N,NULL,47,,1,N,,N,N,,NULL,NULL,2020,O,7.25E+11,098-US-0023  -010,MEDIUM,098-US-0023  -000,23.475,0,0,0,1,0,0,1,0,0,0,0,0,0,1,DAC,0,1,,
72755955,980100,2.02E+11,20220429,2239,,US23,,,US0023,US0023,0,098 US-23-10,US0023,N,N,NULL,NULL,NULL,N,NULL,NULL,NULL,NULL,NULL,NULL,27.302,NULL,NULL,NULL,NULL,,NULL,0,0,2,2,Y,N,55,NULL,98,9801,NULL,,Y,37.51052,-82.54735,N,NULL,NULL,NULL,NULL,NULL,NULL,NULL,NULL,8,3,4,6,1,1,2,6,7,3,N,NULL,Y,N,2239,2240,2240,N,NULL,53,,1,N,,N,N,098-US-0023-10,NULL,NULL,2022,O,7.28E+11,098-US-0023  -010,HIGH,098-US-0023  -000,27.302,0,0,0,0,0,0,0,0,0,0,0,1,0,1,Non-DAC,0,1,,
72635884,980100,2.02E+11,20210607,1604,,US23,,,US0023,US0023,0,098 US-23,US0023,N,N,NULL,NULL,NULL,N,NULL,NULL,NULL,NULL,NULL,NULL,20.121,NULL,NULL,NULL,NULL,,NULL,0,0,1,1,N,N,55,NULL,98,9801,NULL,,Y,37.44821,-82.51377,N,NULL,NULL,NULL,NULL,NULL,NULL,NULL,NULL,9,3,4,6,1,6,6,2,1,3,N,NULL,Y,N,1604,1613,,N,NULL,40,,1,N,,N,N,098-US-0023-0,NULL,NULL,2021,O,7.26E+11,098-US-0023  -000,HIGH,098-US-0023  -000,20.121,0,0,0,0,0,0,0,1,0,0,0,1,0,1,Non-DAC,0,1,,
72651784,980100,2.02E+11,20210726,1723,,CASSIDY,,BLVD,,,0,098 CS-1191,CS1191,N,N,NULL,NULL,NULL,N,NULL,NULL,NULL,NULL,NULL,NULL,0.02,NULL,NULL,NULL,NULL,,NULL,0,0,2,2,N,N,55,NULL,98,9801,NULL,,Y,37.50373,-82.53249,N,NULL,NULL,NULL,NULL,NULL,NULL,NULL,NULL,5,3,4,6,1,1,2,2,1,3,N,NULL,Y,N,1723,1730,1730,N,NULL,49,,,N,,N,N,098-CS-1191-0,NULL,NULL,2021,O,7.27E+11,098-CS-1191  -000,HIGH,098-CS-1191  -000,0.02,0,0,0,0,0,0,1,0,0,0,0,0,0,1,Non-DAC,1,0,195-0861,1
72701155,980100,2.02E+11,20211124,1600,,US23,,,US0023,US0023,0,098 US-23-10,US0023,N,N,NULL,NULL,NULL,N,NULL,NULL,NULL,NULL,NULL,NULL,27.414,NULL,NULL,NULL,NULL,,NULL,0,0,2,2,N,N,55,NULL,98,9807,NULL,,Y,37.51097,-82.54945,N,NULL,NULL,NULL,NULL,NULL,NULL,NULL,NULL,5,3,6,6,1,1,2,2,7,3,N,NULL,Y,N,1600,1606,1608,N,NULL,49,,1,Y,,N,N,098-US-0023-10,NULL,NULL,2021,O,7.27E+11,098-US-0023  -010,HIGH,098-US-0023  -000,27.414,0,0,0,0,0,0,1,0,0,0,0,0,0,1,Non-DAC,0,1,,
72585900,980100,2.02E+11,20210115,847,,BYPASS,S,RD,KY1426,KY1426,0,098 KY-1426,KY1426,N,N,NULL,NULL,NULL,N,NULL,NULL,NULL,NULL,NULL,NULL,6.445,NULL,NULL,NULL,NULL,,NULL,1,0,2,2,N,N,35,NULL,98,9801,NULL,,Y,37.48224,-82.51395,N,NULL,NULL,NULL,NULL,NULL,NULL,NULL,NULL,1,3,3,6,1,5,6,2,1,3,Y,NULL,Y,Y,847,848,1004,N,NULL,55,,0,N,,N,N,098-KY-1426-0,NULL,NULL,2021,C,7.26E+11,098-KY-1426  -000,HIGH,098-KY-1426  -000,6.445,0,0,1,0,0,0,1,0,0,0,0,0,0,1,DAC,0,1,,
72679146,980100,2.02E+11,20211005,500,,US23,,,US0023,US0023,0,098 US-23,US0023,N,N,NULL,NULL,NULL,N,NULL,NULL,NULL,NULL,NULL,NULL,32.79,NULL,NULL,NULL,NULL,,NULL,0,0,1,1,N,N,55,NULL,98,9801,NULL,,Y,37.53168,-82.61981,N,NULL,NULL,NULL,NULL,NULL,NULL,NULL,NULL,9,3,4,6,1,1,2,4,7,3,N,NULL,Y,N,630,1030,505,N,NULL,38,,1,N,,N,N,098-US-0023-0,NULL,NULL,2021,O,7.27E+11,098-US-0023  -000,HIGH,098-US-0023  -000,32.79,0,0,0,1,0,0,0,0,0,0,0,0,0,1,Non-DAC,1,0,195-0668,1
72760566,980100,2.02E+11,20220507,1853,,BYPASS,S,RD,KY1426,KY1426,0,098 KY-1426,KY1426,N,N,NULL,NULL,NULL,N,NULL,NULL,NULL,NULL,NULL,NULL,5.877,NULL,NULL,NULL,NULL,,NULL,0,0,2,2,N,N,35,NULL,98,9801,NULL,,Y,37.47417,-82.51989,N,NULL,NULL,NULL,NULL,NULL,NULL,NULL,NULL,1,3,2,6,1,1,3,2,7,3,N,NULL,Y,N,1853,1900,,N,NULL,55,,0,N,,N,N,098-KY-1426-0,NULL,NULL,2022,O,7.28E+11,098-KY-1426  -000,HIGH,098-KY-1426  -000,5.877,0,0,0,0,0,0,0,0,0,0,0,0,0,1,DAC,0,1,,
72537535,980100,2.02E+11,20200830,1435,,US23,,,US0023,US0023,0,098 US-23,US0023,N,Y,US119,,,N,NULL,NULL,NULL,NULL,NULL,NULL,26.291,NULL,NULL,NULL,NULL,,NULL,0,0,2,2,N,N,55,NULL,98,9801,NULL,,Y,37.50377,-82.53216,N,NULL,NULL,NULL,NULL,NULL,NULL,NULL,NULL,5,3,4,6,1,1,2,2,7,3,N,NULL,Y,N,1435,1444,1442,N,NULL,35,,1,N,,N,N,098-US-0023-0,NULL,NULL,2020,O,7.25E+11,098-US-0023  -000,HIGH,098-US-0023  -000,26.291,0,0,0,1,0,0,1,0,0,0,1,0,0,1,Non-DAC,0,1,,
72709930,980100,2.02E+11,20211210,1657,,US23,,,US0023,US0023,0,098 US-23,US0023,N,N,NULL,NULL,NULL,N,NULL,NULL,NULL,NULL,NULL,NULL,26.197,NULL,NULL,NULL,NULL,,NULL,1,0,3,3,N,N,55,NULL,98,9801,NULL,,Y,37.50245,-82.53191,N,NULL,NULL,NULL,NULL,NULL,NULL,NULL,NULL,5,3,6,6,1,5,6,2,7,3,N,NULL,Y,N,1657,1700,1824,N,NULL,49,,1,N,,N,N,098-US-0023-0,NULL,NULL,2021,C,7.27E+11,098-US-0023  -000,HIGH,098-US-0023  -000,26.197,0,0,0,0,0,0,0,0,0,0,0,0,0,1,Non-DAC,1,0,195-0861,1
72561863,980100,2.02E+11,20201106,1544,,CASSIDY,,BLVD,,,0,098 CS-1191,CS1191,N,N,NULL,NULL,NULL,N,NULL,NULL,NULL,NULL,NULL,NULL,0.201,NULL,NULL,NULL,NULL,,NULL,0,0,2,2,N,N,25,NULL,98,9801,NULL,,Y,37.50403,-82.53524,N,NULL,NULL,NULL,NULL,NULL,NULL,NULL,NULL,3,3,2,3,1,1,2,2,1,3,N,NULL,Y,N,1552,1554,1554,N,NULL,52,,,N,,N,N,098-CS-1191-0,NULL,NULL,2020,O,7.26E+11,098-CS-1191  -000,HIGH,098-CS-1191  -000,0.201,0,0,0,1,0,0,1,0,0,0,0,1,0,1,Non-DAC,0,1,,
72815915,980100,2.02E+11,20221013,1032,,US23,,,US0023,US0023,,,,N,N,NULL,NULL,NULL,N,NULL,NULL,NULL,NULL,NULL,NULL,21.588,NULL,NULL,NULL,NULL,,NULL,0,0,1,1,N,N,55,NULL,98,9801,NULL,,Y,37.45285,-82.52251,N,NULL,NULL,NULL,NULL,NULL,NULL,NULL,NULL,9,5,4,6,1,5,6,2,1,3,N,NULL,Y,N,1032,1038,,N,NULL,40,,1,N,,N,N,,NULL,NULL,2022,O,7.28E+11,098-US-0023  -000,MEDIUM,098-US-0023  -000,21.588,0,0,1,0,0,0,0,0,0,0,0,1,0,1,Non-DAC,0,1,,