MasterFile,AgencyORINumber,LocalCode,CollisionDate,CollisionTime,CollisionDayWeekCode,RoadwayName,RoadwayName_Direction_,RoadwayName_RoadwaySuffix_,RoadwayfromReport,CurrentRoadwayNumber,RoadwayNumberCoupletID,RSEUniqueGIS,RoadwayIdentifier,ParkingLotIndicator,IntersectionWith_Indicator_,IntersectionWith_NameRoadway_,IntersectionWith_Direction_,IntersectionWith_RoadwaySuffix_,BetweenStreets_Indicator_,BetweenStreets1_NameRoadway_,BetweenStreet1_Direction_,BetweenStreets1_RoadwaySuffix_,BetweenStreets2_NameRoadway_,BetweenStreets2_Direction_,BetweenStreets2_RoadwaySuffix_,Milepoint,ReportMilepointDeriveNumber,CurrentDerivedMiepointNumber,MilestoMilepoint,FeettoMilepoint,DirectionfromMilepoint_NSEW_,ValidMilepointIndicator,NumberInjured,NumberKilled,ofUnits,ofMotorVehicleUnits,Hit&RunIndicator,OneWayIndicator,SpeedLimitNumber,KilometersIndicator,CountyCode,CityCountyCode,MilesFromCity,DirectionFromCity_NSEW_,InCityLimitsIndicator,Latitude,Longitude,RampIndicator,RampFromIdentifier,RampFromDirCode,RampFromCoupletID,RSEUniqueGISRampFrom,RampToidentifier,RampToDirCode,RampToCoupletID,RSEUniqueGisRampTo,MannerofCollisionCode,LocationFirstEventCode,TotalLanes,RoadwayCharacterCode,RoadwaySurfaceCode,RoadwayConditionCode,WeatherCode,LightConditionCode,LandUseCode,SchoolBusRelatedCode,FirstAidSceneIndicator,CollDescPresentInd,InvestigationCompleteIndicator,PhotosTakenIndicator,TimeNotified,TimeArrived,TimeRoadwayOpened,PropertyDamageIndicator,DiagramPresentIndicator,DirectionalAnalysis,FunctionClassCode,NationalHwySysCode,EnforcementsIndicator,KARSCityCode,SecondaryCollisionIndicator,MedianCrossoverIndicator,RT_UNIQUE,MapIt,TimeLastLeft,YR,KABCO,MFNY,WorkingRID,RT_CONFIDENCE,KTC_RT,KTC_MP,Motorcyclist,Commercial Vehicle,Young Driver,Mature Driver,Pedestrian,Bicyclist,Distracted,Aggressive,Impaired,Unrestrained,Intersection,Roadway Departure,Median Cross-over,CityCrash,DACid,Intersection Crash,Segment Crash,Int_ID,CityIntersection
72528183,980100,2.02E+11,20200731,1540,,MAYO,N,TRL,US0023,US0023,0,098 US-23,US0023,N,N,NULL,NULL,NULL,N,NULL,NULL,NULL,NULL,NULL,NULL,26.042,NULL,NULL,NULL,NULL,,NULL,3,0,2,2,N,N,55,NULL,98,9801,NULL,,Y,37.50023,-82.53162,N,NULL,NULL,NULL,NULL,NULL,NULL,NULL,NULL,5,3,4,6,1,1,3,2,7,3,Y,NULL,Y,Y,1541,1545,1610,N,NULL,49,,1,N,,N,N,098-US-0023-0,NULL,NULL,2020,C,7.25E+11,098-US-0023  -000,HIGH,098-US-0023  -000,26.042,0,0,0,0,0,0,1,0,0,0,0,0,0,1,Non-DAC,0,1,,
72732908,980100,2.02E+11,20220214,1452,,BYPASS,N,RD,KY1460,KY1460,0,098 KY-1460,KY1460,N,N,NULL,NULL,NULL,N,NULL,NULL,NULL,NULL,NULL,NULL,5.643,NULL,NULL,NULL,NULL,,NULL,0,0,2,2,N,N,45,NULL,98,9801,NULL,,Y,37.48674,-82.5219,N,NULL,NULL,NULL,NULL,NULL,NULL,NULL,NULL,1,3,2,5,1,1,2,2,1,3,N,NULL,Y,N,1452,1458,1458,N,NULL,55,16,0,N,,N,N,098-KY-1460-0,NULL,NULL,2022,O,7.27E+11,098-KY-1460  -000,HIGH,098-KY-1460  -000,5.643,0,0,0,1,0,0,1,1,0,0,0,0,0,1,DAC,0,1,,
72632443,980100,2.02E+11,20210604,1738,,KY3496,,,KY3496,KY3496,,,,N,N,NULL,NULL,NULL,N,NULL,NULL,NULL,NULL,NULL,NULL,0.931,NULL,NULL,NULL,NULL,,NULL,0,0,2,2,N,N,35,NULL,98,9801,NULL,,Y,37.47223,-82.52709,N,NULL,NULL,NULL,NULL,NULL,NULL,NULL,NULL,1,3,2,6,2,1,2,2,1,3,N,NULL,Y,N,1738,1742,,N,NULL,55,16,0,N,,N,N,,NULL,NULL,2021,O,7.26E+11,098-KY-3496  -000,HIGH,098-KY-3496  -000,0.931,0,0,0,0,0,0,1,1,0,0,0,0,0,1,DAC,1,0,195-1180,1
72666489,980100,2.02E+11,20210813,1336,,HUFFMAN,,AVE,,,,,,N,N,NULL,NULL,NULL,N,NULL,NULL,NULL,NULL,NULL,NULL,0.086,NULL,NULL,NULL,NULL,,NULL,0,0,2,2,N,N,15,NULL,98,9801,NULL,,Y,37.47759,-82.51835,N,NULL,NULL,NULL,NULL,NULL,NULL,NULL,NULL,1,3,2,6,1,1,3,2,7,3,N,NULL,Y,N,1336,1338,1340,N,NULL,55,,,N,,N,N,,NULL,NULL,2021,O,7.27E+11,098-CS-1123  -000,MEDIUM,098-CS-1123  -000,0.086,0,0,0,0,0,0,1,0,0,0,0,0,0,1,DAC,1,0,195-1117,1
72815220,980100,2.02E+11,20221010,1226,,PIKE,,ST,,,,,,N,N,NULL,NULL,NULL,N,NULL,NULL,NULL,NULL,NULL,NULL,,NULL,NULL,NULL,NULL,NULL,NULL,0,0,2,2,N,N,25,NULL,98,9801,NULL,,Y,37.48085,-82.51766,N,NULL,NULL,NULL,NULL,NULL,NULL,NULL,NULL,2,3,2,6,1,1,2,2,1,3,N,NULL,Y,N,1227,1231,1243,N,NULL,56,,,N,,N,N,,NULL,NULL,2022,O,7.28E+11,098-CS-1113  -000,MEDIUM,098-CS-1113  -000,0.138,0,0,0,0,0,0,1,0,0,0,0,0,0,1,DAC,1,0,195-1073,1
72779079,980100,2.02E+11,20220624,1328,,HAMBLEY,,BLVD,,,0,098 CS-1222,CS1222,N,N,NULL,NULL,NULL,N,NULL,NULL,NULL,NULL,NULL,NULL,0.036,NULL,NULL,NULL,NULL,,NULL,0,0,2,2,N,N,25,NULL,98,9801,NULL,,Y,37.47411,-82.52711,N,NULL,NULL,NULL,NULL,NULL,NULL,NULL,NULL,1,3,2,6,1,1,2,2,7,3,N,NULL,Y,N,1328,1330,1353,N,NULL,55,,,N,,N,N,098-CS-1222-0,NULL,NULL,2022,O,7.28E+11,098-CS-1222  -000,HIGH,098-CS-1222  -000,0.036,0,0,1,0,0,0,1,0,0,0,0,0,0,1,DAC,1,0,195-1167,1
72569019,980100,2.02E+11,20201125,1749,,US23,,,US0023,US0023,,,,N,N,NULL,NULL,NULL,N,NULL,NULL,NULL,NULL,NULL,NULL,30.535,NULL,NULL,NULL,NULL,,NULL,0,0,2,2,N,N,55,NULL,98,9801,NULL,,Y,37.54256,-82.58564,N,NULL,NULL,NULL,NULL,NULL,NULL,NULL,NULL,5,3,4,3,1,1,3,6,7,3,N,NULL,Y,N,1749,1756,,N,NULL,70,,1,N,,Y,N,,NULL,NULL,2020,O,7.26E+11,098-US-0023  -010,MEDIUM,098-US-0023  -000,30.535,0,0,0,1,0,0,1,0,0,0,0,0,0,1,Non-DAC,0,1,,
72795150,980100,2.02E+11,20220810,1603,,US23,,,US0023,US0023,0,098 US-23,US0023,N,N,NULL,NULL,NULL,N,NULL,NULL,NULL,NULL,NULL,NULL,25.396,NULL,NULL,NULL,NULL,,NULL,0,0,2,2,N,N,55,NULL,98,9801,NULL,,Y,37.49213,-82.535,N,NULL,NULL,NULL,NULL,NULL,NULL,NULL,NULL,5,3,4,6,1,1,2,2,7,3,N,NULL,Y,N,1603,1604,1604,N,NULL,49,,1,N,,N,N,098-US-0023-0,NULL,NULL,2022,O,7.28E+11,098-US-0023  -000,HIGH,098-US-0023  -000,25.396,0,0,1,0,0,0,0,0,0,0,0,0,0,1,Non-DAC,0,1,,
72575524,980100,2.02E+11,20201216,1153,,US23,,,US0023,US0023,0,098 US-23,US0023,N,N,NULL,NULL,NULL,N,NULL,NULL,NULL,NULL,NULL,NULL,20.512,NULL,NULL,NULL,NULL,,NULL,0,0,1,1,N,N,55,NULL,98,9801,NULL,,Y,37.44395,-82.51853,N,NULL,NULL,NULL,NULL,NULL,NULL,NULL,NULL,9,3,4,6,1,5,6,2,7,3,N,NULL,Y,N,1153,1155,1155,N,NULL,38,,1,N,,N,N,098-US-0023-0,NULL,NULL,2020,O,7.26E+11,098-US-0023  -000,HIGH,098-US-0023  -000,20.512,0,0,0,0,0,0,0,0,0,0,0,0,0,1,Non-DAC,0,1,,
72581205,980100,2.02E+11,20210102,2145,,US23,,,US0023,US0023,,,,N,N,NULL,NULL,NULL,N,NULL,NULL,NULL,NULL,NULL,NULL,25.336,NULL,NULL,NULL,NULL,,NULL,0,0,1,1,N,N,55,NULL,98,9801,NULL,,Y,37.49137,-82.53562,N,NULL,NULL,NULL,NULL,NULL,NULL,NULL,NULL,9,3,6,6,1,1,2,5,7,3,N,NULL,Y,N,2145,2150,2150,N,NULL,70,,1,N,,N,N,,NULL,NULL,2021,O,7.26E+11,098-US-0023  -000,MEDIUM,098-US-0023  -000,25.336,0,0,0,0,0,0,0,0,0,0,0,0,0,1,Non-DAC,0,1,,
72600153,980100,2.02E+11,20210303,1935,,CEDAR HILLS,,DR,KY3417,KY3417,0,098 KY-3417,KY3417,N,N,NULL,NULL,NULL,N,NULL,NULL,NULL,NULL,NULL,NULL,1.093,NULL,NULL,NULL,NULL,NULL,NULL,0,0,1,1,N,N,35,NULL,98,9801,NULL,,Y,37.47609,-82.5554,N,NULL,NULL,NULL,NULL,NULL,NULL,NULL,NULL,9,6,2,6,1,1,2,6,6,3,N,NULL,Y,N,1935,1939,1939,N,NULL,40,17,0,Y,,N,N,098-KY-3417-0,NULL,NULL,2021,O,7.26E+11,098-KY-3417  -000,HIGH,098-KY-3417  -000,1.093,0,0,0,0,0,0,1,0,1,1,0,1,0,1,Non-DAC,1,0,195-1153,1
72515936,980100,2.02E+11,20200629,946,,SYCAMORE,,ST,,,0,098 CS-1168,CS1168,N,N,NULL,NULL,NULL,N,NULL,NULL,NULL,NULL,NULL,NULL,0.228,NULL,NULL,NULL,NULL,,NULL,0,0,1,1,N,N,15,NULL,98,9801,NULL,,Y,37.48012,-82.52096,N,NULL,NULL,NULL,NULL,NULL,NULL,NULL,NULL,9,5,1,6,1,1,2,2,6,3,N,NULL,Y,Y,946,948,948,N,NULL,40,,,N,,N,N,098-CS-1168-0,NULL,NULL,2020,O,7.25E+11,098-CS-1168  -000,HIGH,098-CS-1168  -000,0.228,0,0,0,0,0,0,0,0,0,0,0,1,0,1,DAC,1,0,195-1045,1
72653961,980100,2.02E+11,20210801,1036,,US23,,,US0023,US0023,,,,N,N,NULL,NULL,NULL,N,NULL,NULL,NULL,NULL,NULL,NULL,20.959,NULL,NULL,NULL,NULL,,NULL,1,0,2,2,N,N,55,NULL,98,9801,NULL,,Y,37.44444,-82.52527,N,NULL,NULL,NULL,NULL,NULL,NULL,NULL,NULL,1,3,4,1,1,1,2,2,7,3,Y,NULL,Y,Y,1036,1040,1125,N,NULL,55,,1,N,,N,N,,NULL,NULL,2021,C,7.27E+11,098-US-0023  -010,MEDIUM,098-US-0023  -000,20.959,0,0,1,0,0,0,1,0,0,0,0,0,0,1,Non-DAC,0,1,,
72785823,980100,2.02E+11,20220722,1538,,MAYO,N,TRL,US0023,US0023,,,,N,N,NULL,NULL,NULL,N,NULL,NULL,NULL,NULL,NULL,NULL,27.321,NULL,NULL,NULL,NULL,,NULL,0,0,2,2,N,N,55,NULL,98,9801,NULL,,Y,37.51072,-82.54767,N,NULL,NULL,NULL,NULL,NULL,NULL,NULL,NULL,5,3,6,6,1,1,2,2,1,3,N,NULL,Y,N,1538,1544,1544,N,NULL,49,,1,N,,N,N,,NULL,NULL,2022,O,7.28E+11,098-US-0023  -000,MEDIUM,098-US-0023  -000,27.321,0,0,0,0,0,0,1,0,0,0,0,0,0,1,Non-DAC,1,0,195-0812,1
72860106,980100,2.02E+11,20230130,1303,,BYPASS,S,RD,KY1426,KY1426,0,098 KY-1426,KY1426,N,N,NULL,NULL,NULL,N,NULL,NULL,NULL,NULL,NULL,NULL,6.56,NULL,NULL,NULL,NULL,,NULL,0,0,2,2,N,N,35,NULL,98,9801,NULL,,Y,37.48246,-82.51365,N,NULL,NULL,NULL,NULL,NULL,NULL,NULL,NULL,5,3,2,6,1,5,2,2,7,3,N,NULL,Y,N,1303,1307,1314,N,NULL,49,,0,N,,N,N,098-KY-1426-0,NULL,NULL,2023,O,7.29E+11,098-KY-1426  -000,HIGH,098-KY-1426  -000,6.559,0,0,0,0,0,0,0,0,0,0,0,0,0,1,DAC,1,0,195-1019,1
72703877,980100,2.02E+11,20211201,1454,,CASSIDY,,BLVD,,,0,098 CS-1191,CS1191,N,N,NULL,NULL,NULL,N,NULL,NULL,NULL,NULL,NULL,NULL,,NULL,NULL,NULL,NULL,NULL,NULL,0,0,2,2,N,N,15,NULL,98,9801,NULL,,Y,37.5053,-82.53633,N,NULL,NULL,NULL,NULL,NULL,NULL,NULL,NULL,2,97,2,6,1,1,2,2,1,3,N,NULL,Y,N,1454,1504,1510,N,NULL,56,,,Y,,N,N,098-CS-1191-0,NULL,NULL,2021,O,7.27E+11,098-CS-1191  -000,HIGH,098-CS-1191  -000,0.281,0,0,0,1,0,0,1,0,0,0,0,0,0,1,Non-DAC,0,1,,
72500083,980100,2.02E+11,20200508,1409,,US119 TURN LANE,,,US0119,US0119,0,098 US-119-21,US0119,N,N,NULL,NULL,NULL,N,NULL,NULL,NULL,NULL,NULL,NULL,0.024,NULL,NULL,NULL,NULL,,NULL,0,0,2,2,N,N,55,NULL,98,9801,NULL,,Y,37.50399,-82.53213,N,NULL,NULL,NULL,NULL,NULL,NULL,NULL,NULL,5,3,2,6,1,5,6,2,7,3,N,NULL,Y,N,1410,1417,1417,N,NULL,49,2,1,N,,N,N,098-US-0119-21,NULL,NULL,2020,O,7.25E+11,098-US-0119  -021,HIGH,098-US-0119  -021,0.024,0,0,0,0,0,0,1,1,0,0,0,0,0,1,Non-DAC,1,0,195-0861,1
72509947,980100,2.02E+11,20200531,1447,,US23,,,US0023,US0023,0,098 US-23,US0023,N,N,NULL,NULL,NULL,N,NULL,NULL,NULL,NULL,NULL,NULL,22.561,NULL,NULL,NULL,NULL,,NULL,0,0,1,1,N,N,55,NULL,98,9801,NULL,,Y,37.46437,-82.51945,N,NULL,NULL,NULL,NULL,NULL,NULL,NULL,NULL,9,3,4,6,1,1,2,2,1,3,N,NULL,Y,N,1447,1449,,N,NULL,38,,1,N,,N,N,098-US-0023-0,NULL,NULL,2020,O,7.25E+11,098-US-0023  -000,HIGH,098-US-0023  -000,22.561,0,0,0,0,0,0,0,0,0,0,0,0,0,1,Non-DAC,0,1,,
72472223,980100,2.02E+11,20200205,705,,BYPASS,S,RD,KY1426,KY1426,0,098 KY-1426,KY1426,N,N,NULL,NULL,NULL,N,NULL,NULL,NULL,NULL,NULL,NULL,5.641,NULL,NULL,NULL,NULL,,NULL,0,0,2,2,N,N,55,NULL,98,9801,NULL,,Y,37.4726,-82.5237,N,NULL,NULL,NULL,NULL,NULL,NULL,NULL,NULL,2,3,2,6,1,5,6,6,1,3,N,NULL,Y,N,705,708,708,N,NULL,56,,0,N,,N,N,098-KY-1426-0,NULL,NULL,2020,O,7.25E+11,098-KY-1426  -000,HIGH,098-KY-1426  -000,5.641,0,0,0,0,0,0,1,0,0,0,0,0,0,1,DAC,1,0,195-1179,1
72530783,980100,2.02E+11,20200812,1005,,CASSIDY,,BLVD,,,0,098 CS-1191,CS1191,N,N,NULL,NULL,NULL,N,NULL,NULL,NULL,NULL,NULL,NULL,0.036,NULL,NULL,NULL,NULL,,NULL,0,0,2,2,N,N,55,NULL,98,9801,NULL,,Y,37.5037,-82.53276,N,NULL,NULL,NULL,NULL,NULL,NULL,NULL,NULL,1,3,4,6,1,1,2,2,7,3,N,NULL,Y,N,1005,1011,1011,N,NULL,55,,,N,,N,N,098-CS-1191-0,NULL,NULL,2020,O,7.25E+11,098-CS-1191  -000,HIGH,098-CS-1191  -000,0.036,0,0,1,1,0,0,0,1,0,0,0,0,0,1,Non-DAC,1,0,195-0861,1
72539483,980100,2.02E+11,20200902,1801,,US23,,,US0023,US0023,0,098 US-23,US0023,N,N,NULL,NULL,NULL,N,NULL,NULL,NULL,NULL,NULL,NULL,26.28,NULL,NULL,NULL,NULL,,NULL,0,0,2,2,N,N,55,NULL,98,9801,NULL,,Y,37.50362,-82.53214,N,NULL,NULL,NULL,NULL,NULL,NULL,NULL,NULL,1,2,4,4,1,5,3,2,7,3,N,NULL,Y,N,1801,1812,,N,NULL,55,,1,N,,Y,N,098-US-0023-0,NULL,NULL,2020,O,7.25E+11,098-US-0023  -000,HIGH,098-US-0023  -000,26.28,0,0,0,0,0,0,1,0,0,0,0,0,0,1,Non-DAC,0,1,,
72679039,980100,2.02E+11,20211001,948,,ELM,N,ST,,,0,098 CS-1169,CS1169,N,N,NULL,NULL,NULL,N,NULL,NULL,NULL,NULL,NULL,NULL,0.004,NULL,NULL,NULL,NULL,,NULL,0,0,2,2,N,N,15,NULL,98,9801,NULL,,Y,37.47709,-82.5218,N,NULL,NULL,NULL,NULL,NULL,NULL,NULL,NULL,5,3,2,4,1,1,2,2,7,3,N,NULL,Y,N,950,953,1002,N,NULL,49,,,N,,N,N,098-CS-1169-0,NULL,NULL,2021,O,7.27E+11,098-CS-1169  -000,HIGH,098-CS-1169  -000,0.004,0,0,1,1,0,0,0,0,0,0,0,0,0,1,DAC,1,0,195-1126,1
72468123,980100,2.02E+11,20200126,1241,,POPLAR,,ST,,,0,098 CS-1160,CS1160,N,N,NULL,NULL,NULL,N,NULL,NULL,NULL,NULL,NULL,NULL,0.361,NULL,NULL,NULL,NULL,,NULL,0,0,2,2,Y,N,15,NULL,98,9801,NULL,,Y,37.48347,-82.52245,N,NULL,NULL,NULL,NULL,NULL,NULL,NULL,NULL,7,3,1,,1,1,2,2,7,3,N,NULL,Y,N,1241,1246,1301,N,NULL,47,,,N,,N,N,098-CS-1160-0,NULL,NULL,2020,O,7.25E+11,098-CS-1160  -000,HIGH,098-CS-1160  -000,0.361,0,0,0,0,0,0,0,0,0,0,0,0,0,1,DAC,0,1,,
72661577,980100,2.02E+11,20210821,1518,,KY3496,,,KY3496,KY3496,0,098 KY-3496,KY3496,N,N,NULL,NULL,NULL,N,NULL,NULL,NULL,NULL,NULL,NULL,0.016,NULL,NULL,NULL,NULL,,NULL,0,0,2,2,N,N,35,NULL,98,9801,NULL,,Y,37.46574,-82.52818,N,NULL,NULL,NULL,NULL,NULL,NULL,NULL,NULL,5,3,2,6,1,1,2,2,7,3,N,NULL,Y,N,1518,1521,1521,N,NULL,49,16,0,N,,N,N,098-KY-3496-0,NULL,NULL,2021,O,7.27E+11,098-KY-3496  -000,HIGH,098-KY-3496  -000,0.016,0,0,0,1,0,0,1,0,0,0,0,0,0,1,DAC,1,0,195-1219,1
72459458,980100,2.02E+11,20200103,1550,,2ND,,ST,,,0,098 CS-1117,CS1117,N,N,NULL,NULL,NULL,N,NULL,NULL,NULL,NULL,NULL,NULL,0.276,NULL,NULL,NULL,NULL,,NULL,0,0,2,2,N,N,15,NULL,98,9801,NULL,,Y,37.48011,-82.51826,N,NULL,NULL,NULL,NULL,NULL,NULL,NULL,NULL,8,3,1,6,1,5,6,2,1,3,N,NULL,Y,N,1550,1555,1600,N,NULL,47,,,N,,N,N,098-CS-1117-0,NULL,NULL,2020,O,7.25E+11,098-CS-1117  -000,HIGH,098-CS-1117  -000,0.276,0,0,0,0,0,0,1,0,0,0,0,0,0,1,DAC,1,0,195-1082,1
72628836,980100,2.02E+11,20210526,1205,,US23,,,US0023,US0023,0,098 US-23-10,US0023,N,N,NULL,NULL,NULL,N,NULL,NULL,NULL,NULL,NULL,NULL,23.051,NULL,NULL,NULL,NULL,,NULL,0,0,2,2,N,N,55,NULL,98,9801,NULL,,Y,37.46579,-82.52795,N,NULL,NULL,NULL,NULL,NULL,NULL,NULL,NULL,1,3,4,6,1,1,2,2,7,3,N,NULL,Y,N,1205,1210,1214,N,NULL,55,,1,N,,N,N,098-US-0023-10,NULL,NULL,2021,O,7.26E+11,098-US-0023  -010,HIGH,098-US-0023  -000,23.051,0,0,0,1,0,0,0,0,0,0,0,0,0,1,DAC,0,1,,
72585693,980100,2.02E+11,20210114,1842,,US23,,,US0023,US0023,,,,N,N,NULL,NULL,NULL,N,NULL,NULL,NULL,NULL,NULL,NULL,18.869,NULL,NULL,NULL,NULL,,NULL,2,0,2,2,N,N,55,NULL,98,9801,NULL,,Y,37.43974,-82.50823,N,NULL,NULL,NULL,NULL,NULL,NULL,NULL,NULL,8,3,4,6,1,1,2,6,1,3,Y,NULL,Y,Y,1842,1850,1936,N,NULL,53,,1,N,,N,N,,NULL,NULL,2021,B,7.26E+11,098-US-0023  -000,MEDIUM,098-US-0023  -000,18.869,0,0,0,1,0,0,1,0,0,0,0,1,0,1,Non-DAC,0,1,,
72864105,980100,2.02E+11,20230210,1804,,CHLOE,,RD,KY1460,KY1460,0,098 KY-1460,KY1460,N,N,NULL,NULL,NULL,N,NULL,NULL,NULL,NULL,NULL,NULL,2.758,NULL,NULL,NULL,NULL,,NULL,1,0,1,1,N,N,35,NULL,98,9801,NULL,,Y,37.46911,-82.47862,N,NULL,NULL,NULL,NULL,NULL,NULL,NULL,NULL,9,5,2,2,1,1,2,3,6,3,Y,NULL,Y,Y,1804,1818,1902,N,NULL,44,,0,N,,N,N,098-KY-1460-0,NULL,NULL,2023,B,7.29E+11,098-KY-1460  -000,HIGH,098-KY-1460  -000,2.731,0,0,0,1,0,0,1,0,0,0,0,1,0,1,Non-DAC,0,1,,
72606747,980100,2.02E+11,20210324,1623,,COLLEGE,N,ST,,,0,098 CS-1108,CS1108,N,N,NULL,NULL,NULL,N,NULL,NULL,NULL,NULL,NULL,NULL,0.157,NULL,NULL,NULL,NULL,,NULL,0,0,2,2,Y,N,25,NULL,98,9801,NULL,,Y,37.47738,-82.52003,N,NULL,NULL,NULL,NULL,NULL,NULL,NULL,NULL,2,3,,6,1,1,2,2,6,3,N,NULL,Y,N,1623,1627,1627,N,NULL,56,,,N,,N,N,098-CS-1108-0,NULL,NULL,2021,O,7.26E+11,098-CS-1108  -000,HIGH,098-CS-1108  -000,0.157,0,0,0,0,0,0,1,0,0,0,0,0,0,1,DAC,1,0,195-1120,1
72622300,980100,2.02E+11,20210507,1502,,US23,,,US0023,US0023,0,098 US-23-10,US0023,N,N,NULL,NULL,NULL,N,NULL,NULL,NULL,NULL,NULL,NULL,23.499,NULL,NULL,NULL,NULL,,NULL,0,0,2,2,N,N,55,NULL,98,9801,NULL,,Y,37.46996,-82.53361,N,NULL,NULL,NULL,NULL,NULL,NULL,NULL,NULL,8,3,4,6,1,1,2,2,7,3,N,NULL,Y,N,1502,1504,1504,N,NULL,53,,1,N,,N,N,098-US-0023-10,NULL,NULL,2021,O,7.26E+11,098-US-0023  -010,HIGH,098-US-0023  -000,23.499,0,0,0,0,0,0,1,0,0,0,0,1,0,1,DAC,1,0,195-1195,1
72677644,980100,2.02E+11,20211001,750,,US23,,,US0023,US0023,0,098 US-23-10,US0023,N,N,NULL,NULL,NULL,N,NULL,NULL,NULL,NULL,NULL,NULL,31.584,NULL,NULL,NULL,NULL,,NULL,0,0,2,2,N,N,55,NULL,98,9801,NULL,,Y,37.5368,-82.60133,N,NULL,NULL,NULL,NULL,NULL,NULL,NULL,NULL,8,3,4,6,1,1,2,2,7,3,N,NULL,Y,N,750,758,758,N,NULL,53,,1,N,,N,N,098-US-0023-10,NULL,NULL,2021,O,7.27E+11,098-US-0023  -010,HIGH,098-US-0023  -000,31.584,0,0,1,0,0,0,1,0,0,0,0,1,0,1,Non-DAC,1,0,195-0620,1
72750359,980100,2.02E+11,20220413,2154,,BYPASS,N,RD,KY1460,KY1460,,,,N,N,NULL,NULL,NULL,N,NULL,NULL,NULL,NULL,NULL,NULL,5.19,NULL,NULL,NULL,NULL,,NULL,0,0,2,2,N,N,45,NULL,98,9801,NULL,,Y,37.48427,-82.51467,N,NULL,NULL,NULL,NULL,NULL,NULL,NULL,NULL,7,97,2,6,1,1,2,5,1,3,N,NULL,Y,N,2154,2200,2242,N,NULL,54,16,0,N,,N,N,,NULL,NULL,2022,O,7.28E+11,098-KY-1460  -000,HIGH,098-KY-1460  -000,5.19,0,0,1,0,0,0,1,0,0,0,0,1,0,1,DAC,0,1,,
72612694,980100,2.02E+11,20210411,409,,US23,,,US0023,US0023,0,098 US-23,US0023,N,N,NULL,NULL,NULL,N,NULL,NULL,NULL,NULL,NULL,NULL,24.903,NULL,NULL,NULL,NULL,,NULL,0,0,1,1,N,N,55,NULL,98,9801,NULL,,Y,37.48719,-82.54146,N,NULL,NULL,NULL,NULL,NULL,NULL,NULL,NULL,9,3,4,3,1,1,3,5,7,3,N,NULL,Y,N,409,416,,N,NULL,38,,1,N,,N,N,098-US-0023-0,NULL,NULL,2021,O,7.26E+11,098-US-0023  -000,HIGH,098-US-0023  -000,24.903,0,0,0,0,0,0,1,0,0,0,0,0,0,1,Non-DAC,0,1,,
72672111,980100,2.02E+11,20210918,843,,HAROLDS BRANCH,,RD,,,0,098 CS-1223,CS1223,N,N,NULL,NULL,NULL,N,NULL,NULL,NULL,NULL,NULL,NULL,1.478,NULL,NULL,NULL,NULL,,NULL,0,0,1,1,N,Y,35,NULL,98,9801,NULL,,Y,37.4649,-82.49936,N,NULL,NULL,NULL,NULL,NULL,NULL,NULL,NULL,9,3,1,6,1,1,2,2,6,3,N,NULL,Y,N,843,847,847,N,NULL,70,,,N,,N,N,098-CS-1223-0,NULL,NULL,2021,O,7.27E+11,098-CS-1223  -000,HIGH,098-CS-1223  -000,1.478,0,0,0,0,0,0,1,0,0,0,0,1,0,1,Non-DAC,0,1,,
72781589,980100,2.02E+11,20220710,1406,,US460,,,US0460,US0460,0,098 US-460,US0460,N,N,NULL,NULL,NULL,N,NULL,NULL,NULL,NULL,NULL,NULL,0.222,NULL,NULL,NULL,NULL,,NULL,2,0,2,2,N,N,55,NULL,98,9801,NULL,,Y,37.43933,-82.50941,N,NULL,NULL,NULL,NULL,NULL,NULL,NULL,NULL,4,3,2,6,1,5,6,2,7,3,Y,NULL,Y,Y,1406,1410,1410,Y,NULL,70,,1,N,,N,N,098-US-0460-0,NULL,NULL,2022,C,7.28E+11,098-US-0460  -000,HIGH,098-US-0460  -000,0.222,0,0,1,0,0,0,1,1,0,0,0,0,0,1,Non-DAC,1,0,195-1307,1
72588562,980000,21-01-007,20210118,1800,,US119 CROSSOVER,,,US0119,US0119,0,098 US-119-33,US0119,N,N,NULL,NULL,NULL,N,NULL,NULL,NULL,NULL,NULL,NULL,0.006,NULL,NULL,NULL,NULL,,NULL,0,0,2,2,N,N,55,NULL,98,9801,NULL,,Y,37.51239,-82.49973,N,NULL,NULL,NULL,NULL,NULL,NULL,NULL,NULL,8,3,2,6,1,1,2,6,7,3,N,NULL,Y,Y,1800,1800,1810,N,NULL,53,2,1,N,,N,N,098-US-0119-33,NULL,NULL,2021,O,7.26E+11,098-US-0119  -033,HIGH,098-US-0119  -033,0.006,0,0,1,0,0,0,0,0,0,0,0,1,0,1,Non-DAC,0,1,,
72776474,980100,2.02E+11,20220625,1454,,KY1426,,,KY1426,KY1426,0,098 KY-1426,KY1426,N,N,NULL,NULL,NULL,N,NULL,NULL,NULL,NULL,NULL,NULL,8.063,NULL,NULL,NULL,NULL,,NULL,0,0,1,1,N,N,55,NULL,98,9801,NULL,,Y,37.49194,-82.49116,N,NULL,NULL,NULL,NULL,NULL,NULL,NULL,NULL,9,3,2,1,1,5,6,2,7,3,N,NULL,Y,N,1454,1458,1514,N,NULL,70,,0,N,,N,N,098-KY-1426-0,NULL,NULL,2022,O,7.28E+11,098-KY-1426  -000,HIGH,098-KY-1426  -000,8.063,0,0,0,0,0,0,0,0,0,0,0,0,0,1,Non-DAC,0,1,,