MasterFile,AgencyORINumber,LocalCode,CollisionDate,CollisionTime,CollisionDayWeekCode,RoadwayName,RoadwayName_Direction_,RoadwayName_RoadwaySuffix_,RoadwayfromReport,CurrentRoadwayNumber,RoadwayNumberCoupletID,RSEUniqueGIS,RoadwayIdentifier,ParkingLotIndicator,IntersectionWith_Indicator_,IntersectionWith_NameRoadway_,IntersectionWith_Direction_,IntersectionWith_RoadwaySuffix_,BetweenStreets_Indicator_,BetweenStreets1_NameRoadway_,BetweenStreet1_Direction_,BetweenStreets1_RoadwaySuffix_,BetweenStreets2_NameRoadway_,BetweenStreets2_Direction_,BetweenStreets2_RoadwaySuffix_,Milepoint,ReportMilepointDeriveNumber,CurrentDerivedMiepointNumber,MilestoMilepoint,FeettoMilepoint,DirectionfromMilepoint_NSEW_,ValidMilepointIndicator,NumberInjured,NumberKilled,ofUnits,ofMotorVehicleUnits,Hit&RunIndicator,OneWayIndicator,SpeedLimitNumber,KilometersIndicator,CountyCode,CityCountyCode,MilesFromCity,DirectionFromCity_NSEW_,InCityLimitsIndicator,Latitude,Longitude,RampIndicator,RampFromIdentifier,RampFromDirCode,RampFromCoupletID,RSEUniqueGISRampFrom,RampToidentifier,RampToDirCode,RampToCoupletID,RSEUniqueGisRampTo,MannerofCollisionCode,LocationFirstEventCode,TotalLanes,RoadwayCharacterCode,RoadwaySurfaceCode,RoadwayConditionCode,WeatherCode,LightConditionCode,LandUseCode,SchoolBusRelatedCode,FirstAidSceneIndicator,CollDescPresentInd,InvestigationCompleteIndicator,PhotosTakenIndicator,TimeNotified,TimeArrived,TimeRoadwayOpened,PropertyDamageIndicator,DiagramPresentIndicator,DirectionalAnalysis,FunctionClassCode,NationalHwySysCode,EnforcementsIndicator,KARSCityCode,SecondaryCollisionIndicator,MedianCrossoverIndicator,RT_UNIQUE,MapIt,TimeLastLeft,YR,KABCO,MFNY,WorkingRID,RT_CONFIDENCE,KTC_RT,KTC_MP,Motorcyclist,Commercial Vehicle,Young Driver,Mature Driver,Pedestrian,Bicyclist,Distracted,Aggressive,Impaired,Unrestrained,Intersection,Roadway Departure,Median Cross-over,CityCrash,DACid,Intersection Crash,Segment Crash,Int_ID,CityIntersection
72498716,980100,2.02E+11,20200430,1730,,KY1460,,,KY1460,KY1460,,,,N,N,NULL,NULL,NULL,N,NULL,NULL,NULL,NULL,NULL,NULL,7.02,NULL,NULL,NULL,NULL,,NULL,0,0,2,2,N,N,35,NULL,98,9801,NULL,,Y,37.48573,-82.54362,N,NULL,NULL,NULL,NULL,NULL,NULL,NULL,NULL,4,3,2,4,1,5,6,2,7,3,N,NULL,Y,N,1731,1732,1735,N,NULL,70,16,0,N,,N,N,,NULL,NULL,2020,O,7.25E+11,098-KY-1460  -000,HIGH,098-KY-1460  -000,7.02,0,0,1,1,0,0,1,1,0,0,0,0,0,1,Non-DAC,0,1,,
72590548,980100,2.02E+11,20210129,1241,,US23,,,US0023,US0023,0,098 US-23,US0023,N,N,NULL,NULL,NULL,N,NULL,NULL,NULL,NULL,NULL,NULL,21.447,NULL,NULL,NULL,NULL,,NULL,0,0,2,2,N,N,55,NULL,98,9801,NULL,,Y,37.45113,-82.52385,N,NULL,NULL,NULL,NULL,NULL,NULL,NULL,NULL,8,3,4,6,1,1,2,2,7,3,N,NULL,Y,N,1241,1253,1253,N,NULL,53,,1,N,,N,N,098-US-0023-0,NULL,NULL,2021,O,7.26E+11,098-US-0023  -000,HIGH,098-US-0023  -000,21.447,0,0,0,0,0,0,1,0,0,0,0,1,0,1,Non-DAC,1,0,195-1275,1
72567788,980100,2.02E+11,20201122,1838,,US23,,,US0023,US0023,,,,N,N,NULL,NULL,NULL,N,NULL,NULL,NULL,NULL,NULL,NULL,30.19,NULL,NULL,NULL,NULL,,NULL,0,0,1,1,N,N,55,NULL,98,9801,NULL,,Y,37.53932,-82.58137,N,NULL,NULL,NULL,NULL,NULL,NULL,NULL,NULL,9,3,4,6,1,5,6,7,1,3,N,NULL,Y,N,1840,1851,1851,N,NULL,38,,1,N,,N,N,,NULL,NULL,2020,O,7.26E+11,098-US-0023  -000,MEDIUM,098-US-0023  -000,30.19,0,0,0,0,0,0,0,0,0,0,0,0,0,1,Non-DAC,0,1,,
72588715,980100,2.02E+11,20210122,708,,BYPASS,S,RD,KY1426,KY1426,,,,N,N,NULL,NULL,NULL,N,NULL,NULL,NULL,NULL,NULL,NULL,6.498,NULL,NULL,NULL,NULL,,NULL,0,0,2,2,N,N,45,NULL,98,9801,NULL,,Y,37.48164,-82.51412,N,NULL,NULL,NULL,NULL,NULL,NULL,NULL,NULL,5,3,2,6,1,1,2,2,7,3,N,NULL,Y,N,708,710,710,N,NULL,49,,0,N,,N,N,,NULL,NULL,2021,O,7.26E+11,098-KY-1426  -000,HIGH,098-KY-1426  -000,6.498,0,0,0,1,0,0,1,0,0,0,0,0,0,1,DAC,1,0,195-1056,1
72773278,980100,2.02E+11,20220609,1146,,US23,,,US0023,US0023,0,098 US-23-10,US0023,N,N,NULL,NULL,NULL,N,NULL,NULL,NULL,NULL,NULL,NULL,30.439,NULL,NULL,NULL,NULL,,NULL,0,0,2,2,N,N,55,NULL,98,9801,NULL,,Y,37.54203,-82.58414,N,NULL,NULL,NULL,NULL,NULL,NULL,NULL,NULL,1,3,4,3,1,1,2,2,7,3,N,NULL,Y,N,1146,1158,,N,NULL,55,,1,N,,N,N,098-US-0023-10,NULL,NULL,2022,O,7.28E+11,098-US-0023  -010,HIGH,098-US-0023  -000,30.439,0,0,0,0,0,0,1,0,0,0,0,0,0,1,Non-DAC,0,1,,
72585896,980100,2.02E+11,20210118,1251,,US23,,,US0023,US0023,0,098 US-23,US0023,N,N,NULL,NULL,NULL,N,NULL,NULL,NULL,NULL,NULL,NULL,19.183,NULL,NULL,NULL,NULL,,NULL,0,0,2,2,N,N,15,NULL,98,9801,NULL,,Y,37.44302,-82.50583,N,NULL,NULL,NULL,NULL,NULL,NULL,NULL,NULL,2,97,2,6,1,5,3,2,7,3,N,NULL,Y,N,1251,1256,1251,N,NULL,56,,1,N,,N,N,098-US-0023-0,NULL,NULL,2021,O,7.26E+11,098-US-0023  -000,HIGH,098-US-0023  -000,19.183,0,0,0,1,0,0,1,0,0,0,0,0,0,1,Non-DAC,0,1,,
72616612,980100,2.02E+11,20210410,2245,,US23,,,US0023,US0023,0,098 US-23,US0023,N,N,NULL,NULL,NULL,N,NULL,NULL,NULL,NULL,NULL,NULL,19.406,NULL,NULL,NULL,NULL,,NULL,1,0,1,1,N,N,55,NULL,98,9801,NULL,,Y,37.44612,-82.50465,N,NULL,NULL,NULL,NULL,NULL,NULL,NULL,NULL,9,5,4,6,1,5,3,5,7,3,Y,NULL,N,Y,2245,2250,321,N,NULL,44,,1,N,,N,N,098-US-0023-0,NULL,NULL,2021,A,7.26E+11,098-US-0023  -000,HIGH,098-US-0023  -000,19.406,0,0,0,0,0,0,0,0,1,0,0,1,0,1,Non-DAC,0,1,,
72667758,980100,2.02E+11,20210907,646,,MAYO,S,TRL,US0023,US0023,0,098 US-23-10,US0023,N,N,NULL,NULL,NULL,N,NULL,NULL,NULL,NULL,NULL,NULL,21.418,NULL,NULL,NULL,NULL,,NULL,0,0,1,1,N,N,55,NULL,98,9801,NULL,,Y,37.45075,-82.52404,N,NULL,NULL,NULL,NULL,NULL,NULL,NULL,NULL,9,3,4,6,1,1,2,1,1,3,N,NULL,Y,N,646,652,652,Y,NULL,70,,1,N,,N,Y,098-US-0023-10,NULL,NULL,2021,O,7.27E+11,098-US-0023  -010,HIGH,098-US-0023  -000,21.418,0,0,0,0,0,0,0,0,0,0,0,1,0,1,Non-DAC,0,1,,
72800408,980100,2.02E+11,20220827,1937,,US23,,,US0023,US0023,0,098 US-23-10,US0023,N,N,NULL,NULL,NULL,N,NULL,NULL,NULL,NULL,NULL,NULL,32.352,NULL,NULL,NULL,NULL,,NULL,0,0,1,1,N,N,55,NULL,98,9801,NULL,,Y,37.53695,-82.615,N,NULL,NULL,NULL,NULL,NULL,NULL,NULL,NULL,9,3,4,6,1,1,3,2,7,3,N,NULL,Y,N,1937,1952,,N,NULL,70,,1,N,,N,N,098-US-0023-10,NULL,NULL,2022,O,7.28E+11,098-US-0023  -010,HIGH,098-US-0023  -000,32.352,0,0,0,0,0,0,0,0,0,0,0,0,0,1,Non-DAC,0,1,,
72519158,980100,2.02E+11,20200708,1432,,KATI,,ST,,,0,098 CS-1041,CS1041,N,N,NULL,NULL,NULL,N,NULL,NULL,NULL,NULL,NULL,NULL,0.809,NULL,NULL,NULL,NULL,,NULL,0,0,1,1,N,N,35,NULL,98,9801,NULL,,Y,37.46883,-82.56466,N,NULL,NULL,NULL,NULL,NULL,NULL,NULL,NULL,9,4,1,1,1,1,2,2,6,3,N,NULL,Y,N,1342,1435,1515,N,NULL,44,,,N,,N,N,098-CS-1041-0,NULL,NULL,2020,O,7.25E+11,098-CS-1041  -000,HIGH,098-CS-1041  -000,0.809,0,0,1,0,0,0,0,0,0,0,0,1,0,1,Non-DAC,0,1,,
72738303,980100,2.02E+11,20220307,1734,,STONE COAL CREEK,,RD,KY3227,KY3227,0,098 KY-3227,KY3227,N,N,NULL,NULL,NULL,N,NULL,NULL,NULL,NULL,NULL,NULL,0.008,NULL,NULL,NULL,NULL,,NULL,0,0,2,2,N,N,55,NULL,98,9801,NULL,,Y,37.51106,-82.54871,N,NULL,NULL,NULL,NULL,NULL,NULL,NULL,NULL,5,3,2,6,1,1,3,2,7,3,N,NULL,Y,N,1734,1741,1742,N,NULL,49,8,0,N,,N,N,098-KY-3227-0,NULL,NULL,2022,O,7.27E+11,098-KY-3227  -000,HIGH,098-KY-3227  -000,0.008,0,0,1,0,0,0,1,0,0,0,0,0,0,1,Non-DAC,1,0,195-0811,1
72667757,980100,2.02E+11,20210906,823,,WELLS,,ALY,,,,,,N,N,NULL,NULL,NULL,N,NULL,NULL,NULL,NULL,NULL,NULL,0.022,NULL,NULL,NULL,NULL,,NULL,0,0,2,2,N,N,15,NULL,98,9801,NULL,,Y,37.48154,-82.51632,N,NULL,NULL,NULL,NULL,NULL,NULL,NULL,NULL,3,3,1,6,1,1,3,2,6,3,N,NULL,Y,N,823,826,844,N,NULL,52,,,N,,N,N,,NULL,NULL,2021,O,7.27E+11,098-CS-1122  -000,MEDIUM,098-CS-1122  -000,0.022,0,0,0,0,0,0,0,0,0,0,0,1,0,1,DAC,0,1,,
72590572,980100,2.02E+11,20210201,755,,BYPASS,N,RD,KY1460,KY1460,0,098 KY-1460,KY1460,N,N,NULL,NULL,NULL,N,NULL,NULL,NULL,NULL,NULL,NULL,5.192,NULL,NULL,NULL,NULL,,NULL,0,0,2,2,N,N,45,NULL,98,9801,NULL,,Y,37.48427,-82.51471,N,NULL,NULL,NULL,NULL,NULL,NULL,NULL,NULL,1,97,2,6,1,5,9,2,1,3,N,NULL,Y,N,756,804,817,N,NULL,55,16,0,N,,N,N,098-KY-1460-0,NULL,NULL,2021,O,7.26E+11,098-KY-1460  -000,HIGH,098-KY-1460  -000,5.192,0,0,1,0,0,0,1,0,0,0,0,0,0,1,DAC,0,1,,
72809590,980100,2.02E+11,20220919,419,,US23,N,,,,,,,N,N,NULL,NULL,NULL,N,NULL,NULL,NULL,NULL,NULL,NULL,,NULL,NULL,NULL,NULL,NULL,NULL,0,0,1,1,N,N,55,NULL,98,9801,NULL,,Y,37.44407,-82.51824,N,NULL,NULL,NULL,NULL,NULL,NULL,NULL,NULL,9,3,4,6,1,1,2,6,7,3,N,NULL,Y,N,419,424,515,N,NULL,70,,,Y,,N,N,,NULL,NULL,2022,O,7.28E+11,098-US-0023  -000,MEDIUM,098-US-0023  -000,20.441,0,0,0,0,0,0,0,1,1,1,0,1,0,1,Non-DAC,1,0,195-1292,1
72665119,980100,2.02E+11,20210831,1133,,KY3496,,,KY3496,KY3496,0,098 KY-3496,KY3496,N,N,NULL,NULL,NULL,N,NULL,NULL,NULL,NULL,NULL,NULL,0.808,NULL,NULL,NULL,NULL,,NULL,0,0,2,2,N,N,35,NULL,98,9801,NULL,,Y,37.47206,-82.52938,N,NULL,NULL,NULL,NULL,NULL,NULL,NULL,NULL,1,3,2,6,1,5,6,2,7,3,N,NULL,Y,N,1133,1136,1159,N,NULL,55,16,0,N,,N,N,098-KY-3496-0,NULL,NULL,2021,O,7.27E+11,098-KY-3496  -000,HIGH,098-KY-3496  -000,0.808,0,0,0,1,0,0,1,1,0,0,0,0,0,1,DAC,1,0,195-1184,1
72424396,980100,2.02E+11,20191022,1157,,BYPASS,S,RD,KY1426,KY1426,,,,N,Y,HUFFMAN,,AVE,N,NULL,NULL,NULL,NULL,NULL,NULL,6.116,NULL,NULL,NULL,NULL,,NULL,0,0,2,2,N,N,45,NULL,98,9801,NULL,,Y,37.47689,-82.51708,N,NULL,NULL,NULL,NULL,NULL,NULL,NULL,NULL,5,3,2,6,1,1,2,2,1,3,N,NULL,Y,N,1157,1158,,N,NULL,35,,0,Y,,N,N,,NULL,NULL,2019,O,7.24E+11,098-KY-1426  -000,HIGH,098-KY-1426  -000,6.116,0,0,0,0,0,0,1,0,0,0,1,0,0,1,DAC,1,0,195-1125,1
72687124,980000,21-10-003,20211020,1105,,US119,,,US0119,US0119,0,098 US-119-10,US0119,N,N,NULL,NULL,NULL,N,NULL,NULL,NULL,NULL,NULL,NULL,0.013,NULL,NULL,NULL,NULL,,NULL,0,0,2,1,N,N,55,NULL,98,9801,NULL,,Y,37.50389,-82.53166,N,NULL,NULL,NULL,NULL,NULL,NULL,NULL,NULL,5,3,4,6,1,1,2,2,1,3,N,NULL,Y,Y,1105,1105,1107,N,NULL,70,2,1,N,,N,N,098-US-0119-10,NULL,NULL,2021,O,7.27E+11,098-US-0119  -010,HIGH,098-US-0119  -000,0.013,0,0,0,0,0,0,1,0,0,0,0,0,0,1,Non-DAC,1,0,195-0861,1
72505385,980100,2.02E+11,20200528,1246,,US23,,,US0023,US0023,,,,N,N,NULL,NULL,NULL,N,NULL,NULL,NULL,NULL,NULL,NULL,27.313,NULL,NULL,NULL,NULL,,NULL,0,0,2,2,N,N,55,NULL,98,9801,NULL,,Y,37.51068,-82.54751,N,NULL,NULL,NULL,NULL,NULL,NULL,NULL,NULL,5,3,4,6,1,1,3,2,7,3,N,NULL,Y,N,1246,1255,,N,NULL,70,,1,N,,N,N,,NULL,NULL,2020,O,7.25E+11,098-US-0023  -000,MEDIUM,098-US-0023  -000,27.313,0,0,0,0,0,0,1,0,0,0,0,0,0,1,Non-DAC,1,0,195-0812,1
72537665,980100,2.02E+11,20200831,1432,,MAIN,,ST,,,0,098 CS-1112,CS1112,N,N,NULL,NULL,NULL,N,NULL,NULL,NULL,NULL,NULL,NULL,0.015,NULL,NULL,NULL,NULL,,NULL,0,0,2,2,N,N,15,NULL,98,9801,NULL,,Y,37.47791,-82.5184,N,NULL,NULL,NULL,NULL,NULL,NULL,NULL,NULL,8,3,2,6,1,1,2,2,1,3,N,NULL,Y,N,1432,1434,1435,N,NULL,47,,,N,,N,N,098-CS-1112-0,NULL,NULL,2020,O,7.25E+11,098-CS-1112  -000,HIGH,098-CS-1112  -000,0.015,0,0,0,0,0,0,0,0,0,1,0,0,0,1,DAC,1,0,195-1108,1
72650176,980100,2.02E+11,20210518,613,,US23,,,US0023,US0023,0,098 US-23,US0023,N,N,NULL,NULL,NULL,N,NULL,NULL,NULL,NULL,NULL,NULL,20.932,NULL,NULL,NULL,NULL,,NULL,1,1,2,2,N,N,55,NULL,98,9801,NULL,,Y,37.44416,-82.52486,N,NULL,NULL,NULL,NULL,NULL,NULL,NULL,NULL,3,3,4,6,1,5,6,2,7,3,N,NULL,Y,Y,614,617,1432,N,NULL,52,,1,Y,,N,N,098-US-0023-0,NULL,NULL,2021,K,7.27E+11,098-US-0023  -000,HIGH,098-US-0023  -000,20.932,0,0,0,0,0,0,0,0,1,1,0,1,0,1,Non-DAC,0,1,,
72509495,980100,2.02E+11,20200607,703,,US23,,,US0023,US0023,,,,N,N,NULL,NULL,NULL,N,NULL,NULL,NULL,NULL,NULL,NULL,26.158,NULL,NULL,NULL,NULL,,NULL,0,0,2,2,N,N,55,NULL,98,9801,NULL,,Y,37.50187,-82.53194,N,NULL,NULL,NULL,NULL,NULL,NULL,NULL,NULL,5,3,4,6,1,1,2,2,1,3,N,NULL,Y,N,703,703,705,N,NULL,70,,1,N,,N,N,,NULL,NULL,2020,O,7.25E+11,098-US-0023  -000,MEDIUM,098-US-0023  -000,26.158,0,0,0,0,0,0,1,0,0,0,0,0,0,1,Non-DAC,0,1,,
72519084,980100,2.02E+11,20200702,1921,,FIFE FORK,,RD,,,0,098 CS-1077,CS1077,N,N,NULL,NULL,NULL,N,NULL,NULL,NULL,NULL,NULL,NULL,0.056,NULL,NULL,NULL,NULL,,NULL,0,0,1,1,N,N,15,NULL,98,9801,NULL,,Y,37.4743,-82.48414,N,NULL,NULL,NULL,NULL,NULL,NULL,NULL,NULL,9,97,1,1,1,1,2,2,6,3,N,NULL,Y,N,1921,1925,,Y,NULL,40,,,N,,N,N,098-CS-1077-0,NULL,NULL,2020,O,7.25E+11,098-CS-1077  -000,HIGH,098-CS-1077  -000,0.056,0,0,0,0,0,0,0,0,0,0,0,1,0,1,Non-DAC,1,0,195-1151,1
72534631,980100,2.02E+11,20200821,1411,,HAMBLEY,,BLVD,,,0,098 CS-1222,CS1222,N,N,NULL,NULL,NULL,N,NULL,NULL,NULL,NULL,NULL,NULL,1.707,NULL,NULL,NULL,NULL,,NULL,0,0,2,2,N,N,35,NULL,98,9801,NULL,,Y,37.48174,-82.53349,N,NULL,NULL,NULL,NULL,NULL,NULL,NULL,NULL,5,3,2,6,1,1,2,2,1,3,N,NULL,Y,N,1411,1415,,N,NULL,49,,,N,,N,N,098-CS-1222-0,NULL,NULL,2020,O,7.25E+11,098-CS-1222  -000,HIGH,098-CS-1222  -000,1.707,0,0,0,0,0,0,1,0,0,0,0,0,0,1,DAC,1,0,195-1064,1
72713169,980100,2.02E+11,20211220,1536,,BYPASS,N,RD,KY1460,KY1460,0,098 KY-1460,KY1460,N,N,NULL,NULL,NULL,N,NULL,NULL,NULL,NULL,NULL,NULL,5.171,NULL,NULL,NULL,NULL,,NULL,0,0,2,2,N,N,45,NULL,98,9801,NULL,,Y,37.48407,-82.51443,N,NULL,NULL,NULL,NULL,NULL,NULL,NULL,NULL,5,3,2,6,1,1,2,2,7,3,N,NULL,Y,N,1536,1540,1540,N,NULL,49,16,0,N,,N,N,098-KY-1460-0,NULL,NULL,2021,O,7.27E+11,098-KY-1460  -000,HIGH,098-KY-1460  -000,5.171,0,0,0,1,0,0,0,0,0,0,0,0,0,1,DAC,0,1,,
72838211,980100,2.02E+11,20221205,759,,US23,,,US0023,US0023,0,098 US-23-10,US0023,N,N,NULL,NULL,NULL,N,NULL,NULL,NULL,NULL,NULL,NULL,26.314,NULL,NULL,NULL,NULL,,NULL,0,0,2,2,N,N,55,NULL,98,9801,NULL,,Y,37.50409,-82.5324,N,NULL,NULL,NULL,NULL,NULL,NULL,NULL,NULL,5,3,4,6,1,1,2,2,1,3,N,NULL,Y,N,759,806,806,N,NULL,49,,1,Y,,N,N,098-US-0023-10,NULL,NULL,2022,O,7.28E+11,098-US-0023  -010,HIGH,098-US-0023  -000,26.314,0,0,1,1,0,0,1,0,0,0,0,0,0,1,Non-DAC,0,1,,
72738703,980100,2.02E+11,20220222,830,,IVY,,CT,,,0,098 CS-1033,CS1033,N,N,NULL,NULL,NULL,N,NULL,NULL,NULL,NULL,NULL,NULL,0.041,NULL,NULL,NULL,NULL,,NULL,0,0,3,3,N,N,35,NULL,98,9801,NULL,,Y,37.47637,-82.54686,N,NULL,NULL,NULL,NULL,NULL,NULL,NULL,NULL,1,97,2,6,1,5,6,2,6,3,N,NULL,Y,Y,837,841,842,Y,NULL,47,,,Y,,N,N,098-CS-1033-0,NULL,NULL,2022,O,7.27E+11,098-CS-1033  -000,HIGH,098-CS-1033  -000,0.041,1,0,0,0,0,0,0,0,0,0,0,1,0,1,Non-DAC,0,1,,
72499369,980100,2.02E+11,20200506,1952,,CASSIDY,,BLVD,,,,,,N,N,NULL,NULL,NULL,N,NULL,NULL,NULL,NULL,NULL,NULL,0.18,NULL,NULL,NULL,NULL,,NULL,0,0,2,2,N,N,25,NULL,98,9801,NULL,,Y,37.50383,-82.53496,N,NULL,NULL,NULL,NULL,NULL,NULL,NULL,NULL,8,3,4,3,1,1,3,2,1,3,N,NULL,Y,N,1952,1958,,N,NULL,53,,,N,,N,N,,NULL,NULL,2020,O,7.25E+11,098-CS-1191  -000,LOW,098-CS-1191  -000,0.18,0,0,0,0,0,0,1,1,0,0,0,1,0,1,Non-DAC,0,1,,
72748474,980000,22-04-003,20220407,1535,,US119,,,US0119,US0119,0,098 US-119-10,US0119,N,N,NULL,NULL,NULL,N,NULL,NULL,NULL,NULL,NULL,NULL,1.989,NULL,NULL,NULL,NULL,,NULL,0,0,2,2,N,N,55,NULL,98,9801,NULL,,Y,37.51252,-82.49989,N,NULL,NULL,NULL,NULL,NULL,NULL,NULL,NULL,5,3,2,1,1,1,3,2,7,3,N,NULL,Y,Y,1535,1540,1540,N,NULL,49,2,1,N,,N,N,098-US-0119-10,NULL,NULL,2022,O,7.27E+11,098-US-0119  -010,HIGH,098-US-0119  -000,1.989,0,0,1,0,0,0,1,1,0,0,0,0,0,1,Non-DAC,0,1,,
72751204,980100,2.02E+11,20220414,1646,,US23,,,US0023,US0023,0,098 US-23-10,US0023,N,N,NULL,NULL,NULL,N,NULL,NULL,NULL,NULL,NULL,NULL,26.365,NULL,NULL,NULL,NULL,,NULL,0,0,1,1,N,N,55,NULL,98,9801,NULL,,Y,37.50478,-82.53254,N,NULL,NULL,NULL,NULL,NULL,NULL,NULL,NULL,9,3,4,6,1,1,2,2,7,3,N,NULL,Y,N,1646,1657,1704,N,NULL,70,,1,N,,N,N,098-US-0023-10,NULL,NULL,2022,O,7.28E+11,098-US-0023  -010,HIGH,098-US-0023  -000,26.365,1,0,0,0,0,0,0,0,0,0,0,1,0,1,Non-DAC,0,1,,
72728608,980100,2.02E+11,20220207,2109,,KY3495,,,KY3495,KY3495,0,098 KY-3495,KY3495,N,N,NULL,NULL,NULL,N,NULL,NULL,NULL,NULL,NULL,NULL,0.141,NULL,NULL,NULL,NULL,,NULL,0,0,2,2,Y,N,45,NULL,98,9801,NULL,,Y,37.48795,-82.54122,N,NULL,NULL,NULL,NULL,NULL,NULL,NULL,NULL,1,97,2,6,1,1,2,7,7,3,N,NULL,Y,N,2109,2112,2112,N,NULL,47,17,0,N,,N,N,098-KY-3495-0,NULL,NULL,2022,O,7.27E+11,098-KY-3495  -000,HIGH,098-KY-3495  -000,0.141,0,0,0,0,0,0,0,0,0,0,0,0,0,1,Non-DAC,0,1,,
72776558,980100,2.02E+11,20220625,157,,US23,,,US0023,US0023,0,098 US-23,US0023,N,N,NULL,NULL,NULL,N,NULL,NULL,NULL,NULL,NULL,NULL,27.002,NULL,NULL,NULL,NULL,,NULL,0,0,1,1,N,N,55,NULL,98,9801,NULL,,Y,37.5104,-82.54124,N,NULL,NULL,NULL,NULL,NULL,NULL,NULL,NULL,9,3,4,6,1,1,2,7,7,3,N,NULL,Y,N,157,203,203,N,NULL,38,,1,N,,N,N,098-US-0023-0,NULL,NULL,2022,O,7.28E+11,098-US-0023  -000,HIGH,098-US-0023  -000,27.002,0,0,0,0,0,0,0,0,0,0,0,0,0,1,Non-DAC,0,1,,
72591038,980100,2.02E+11,20210202,1411,,US23,,,US0023,US0023,,,,N,N,NULL,NULL,NULL,N,NULL,NULL,NULL,NULL,NULL,NULL,26.32,NULL,NULL,NULL,NULL,,NULL,0,0,2,2,N,N,55,NULL,98,9801,NULL,,Y,37.50418,-82.53242,N,NULL,NULL,NULL,NULL,NULL,NULL,NULL,NULL,5,3,4,6,1,5,2,2,7,3,N,NULL,Y,N,1411,1417,1417,N,NULL,49,,1,N,,N,N,,NULL,NULL,2021,O,7.26E+11,098-US-0023  -010,MEDIUM,098-US-0023  -000,26.32,0,0,1,0,0,0,1,1,0,0,0,0,0,1,Non-DAC,0,1,,
72560149,980100,2.02E+11,20201102,1455,,MAYO,S,TRL,US0023,US0023,0,098 US-23-10,US0023,N,N,NULL,NULL,NULL,N,NULL,NULL,NULL,NULL,NULL,NULL,21.312,NULL,NULL,NULL,NULL,,NULL,0,0,2,2,N,N,55,NULL,98,9801,NULL,,Y,37.44934,-82.52478,N,NULL,NULL,NULL,NULL,NULL,NULL,NULL,NULL,8,3,4,6,1,1,2,2,7,3,N,NULL,Y,N,1455,1500,1500,N,NULL,53,,1,N,,N,N,098-US-0023-10,NULL,NULL,2020,O,7.26E+11,098-US-0023  -010,HIGH,098-US-0023  -000,21.312,0,0,0,0,0,0,0,0,0,0,0,1,0,1,Non-DAC,1,0,195-1278,1
72707042,980100,2.02E+11,20211208,1750,,US23,,,US0023,US0023,,,,N,Y,STONE COAL CREEK,,RD,N,NULL,NULL,NULL,NULL,NULL,NULL,27.379,NULL,NULL,NULL,NULL,,NULL,0,0,3,3,N,N,55,NULL,98,9801,NULL,,Y,37.51096,-82.54878,N,NULL,NULL,NULL,NULL,NULL,NULL,NULL,NULL,5,3,8,6,1,1,2,4,7,3,N,NULL,Y,N,1750,1754,,N,NULL,35,,1,N,,N,N,,NULL,NULL,2021,O,7.27E+11,098-US-0023  -000,MEDIUM,098-US-0023  -000,27.379,0,0,0,0,0,0,1,1,0,0,1,0,0,1,Non-DAC,1,0,195-0811,1
72584654,980100,2.02E+11,20210109,1751,,HAMBLEY,,BLVD,,,0,098 CS-1222,CS1222,N,N,NULL,NULL,NULL,N,NULL,NULL,NULL,NULL,NULL,NULL,0.001,NULL,NULL,NULL,NULL,,NULL,3,0,2,2,N,N,35,NULL,98,9801,NULL,,Y,37.47404,-82.5273,N,NULL,NULL,NULL,NULL,NULL,NULL,NULL,NULL,1,3,2,6,1,1,2,3,7,3,Y,NULL,Y,Y,1751,1752,1847,N,NULL,55,,,Y,,N,N,098-CS-1222-0,NULL,NULL,2021,A,7.26E+11,098-CS-1222  -000,MEDIUM,098-CS-1222  -000,0.001,0,0,0,0,0,0,1,0,1,1,0,1,0,1,DAC,1,0,195-1167,1
72737996,980100,2.02E+11,20220306,1758,,US23,,,US0023,US0023,0,098 US-23,US0023,N,N,NULL,NULL,NULL,N,NULL,NULL,NULL,NULL,NULL,NULL,26.277,NULL,NULL,NULL,NULL,,NULL,0,0,2,2,N,N,55,NULL,98,9801,NULL,,Y,37.50357,-82.53212,N,NULL,NULL,NULL,NULL,NULL,NULL,NULL,NULL,5,3,4,6,1,1,3,2,2,3,N,NULL,Y,N,1758,1808,1824,N,NULL,49,,1,N,,N,N,098-US-0023-0,NULL,NULL,2022,O,7.27E+11,098-US-0023  -000,HIGH,098-US-0023  -000,26.277,0,0,0,0,0,0,1,0,0,0,0,0,0,1,Non-DAC,0,1,,
72739458,980100,2.02E+11,20220304,1831,,US23,,,US0023,US0023,0,098 US-23,US0023,N,N,NULL,NULL,NULL,N,NULL,NULL,NULL,NULL,NULL,NULL,22.223,NULL,NULL,NULL,NULL,,NULL,0,0,1,1,N,N,55,NULL,98,9801,NULL,,Y,37.46108,-82.51694,N,NULL,NULL,NULL,NULL,NULL,NULL,NULL,NULL,9,3,4,6,1,1,2,2,1,3,N,NULL,Y,N,1831,1841,,N,NULL,41,,1,N,,N,N,098-US-0023-0,NULL,NULL,2022,O,7.27E+11,098-US-0023  -000,HIGH,098-US-0023  -000,22.223,0,0,0,0,0,0,0,0,0,0,0,1,0,1,Non-DAC,1,0,195-1243,1