MasterFile,AgencyORINumber,LocalCode,CollisionDate,CollisionTime,CollisionDayWeekCode,RoadwayName,RoadwayName_Direction_,RoadwayName_RoadwaySuffix_,RoadwayfromReport,CurrentRoadwayNumber,RoadwayNumberCoupletID,RSEUniqueGIS,RoadwayIdentifier,ParkingLotIndicator,IntersectionWith_Indicator_,IntersectionWith_NameRoadway_,IntersectionWith_Direction_,IntersectionWith_RoadwaySuffix_,BetweenStreets_Indicator_,BetweenStreets1_NameRoadway_,BetweenStreet1_Direction_,BetweenStreets1_RoadwaySuffix_,BetweenStreets2_NameRoadway_,BetweenStreets2_Direction_,BetweenStreets2_RoadwaySuffix_,Milepoint,ReportMilepointDeriveNumber,CurrentDerivedMiepointNumber,MilestoMilepoint,FeettoMilepoint,DirectionfromMilepoint_NSEW_,ValidMilepointIndicator,NumberInjured,NumberKilled,ofUnits,ofMotorVehicleUnits,Hit&RunIndicator,OneWayIndicator,SpeedLimitNumber,KilometersIndicator,CountyCode,CityCountyCode,MilesFromCity,DirectionFromCity_NSEW_,InCityLimitsIndicator,Latitude,Longitude,RampIndicator,RampFromIdentifier,RampFromDirCode,RampFromCoupletID,RSEUniqueGISRampFrom,RampToidentifier,RampToDirCode,RampToCoupletID,RSEUniqueGisRampTo,MannerofCollisionCode,LocationFirstEventCode,TotalLanes,RoadwayCharacterCode,RoadwaySurfaceCode,RoadwayConditionCode,WeatherCode,LightConditionCode,LandUseCode,SchoolBusRelatedCode,FirstAidSceneIndicator,CollDescPresentInd,InvestigationCompleteIndicator,PhotosTakenIndicator,TimeNotified,TimeArrived,TimeRoadwayOpened,PropertyDamageIndicator,DiagramPresentIndicator,DirectionalAnalysis,FunctionClassCode,NationalHwySysCode,EnforcementsIndicator,KARSCityCode,SecondaryCollisionIndicator,MedianCrossoverIndicator,RT_UNIQUE,MapIt,TimeLastLeft,YR,KABCO,MFNY,WorkingRID,RT_CONFIDENCE,KTC_RT,KTC_MP,Motorcyclist,Commercial Vehicle,Young Driver,Mature Driver,Pedestrian,Bicyclist,Distracted,Aggressive,Impaired,Unrestrained,Intersection,Roadway Departure,Median Cross-over,CityCrash,DACid,Intersection Crash,Segment Crash,Int_ID,CityIntersection
72700418,980100,2.02E+11,20211122,1450,,LYKINS,,CRK,,,,,,N,Y,THOMPSON,,RD,N,NULL,NULL,NULL,NULL,NULL,NULL,,NULL,NULL,NULL,NULL,,NULL,0,0,2,2,N,N,25,NULL,98,9801,NULL,,Y,37.50779,-82.54859,N,NULL,NULL,NULL,NULL,NULL,NULL,NULL,NULL,1,3,1,3,1,1,2,2,7,3,N,NULL,Y,N,1450,1512,1512,N,NULL,10,,,N,,N,N,,NULL,NULL,2021,O,7.27E+11,098-CS-1215  -000,MEDIUM,098-CS-1215  -000,0.211,0,0,1,0,0,0,1,0,0,0,1,0,0,1,Non-DAC,1,0,195-2104,1
72532151,980100,2.02E+11,20200814,2317,,US23,,,US0023,US0023,0,098 US-23,US0023,N,N,NULL,NULL,NULL,N,NULL,NULL,NULL,NULL,NULL,NULL,20.009,NULL,NULL,NULL,NULL,,NULL,0,0,2,2,N,N,55,NULL,98,9801,NULL,,Y,37.44933,-82.51221,N,NULL,NULL,NULL,NULL,NULL,NULL,NULL,NULL,1,3,4,6,1,1,2,4,1,3,N,NULL,N,N,2317,2323,,N,NULL,55,,1,N,,N,N,098-US-0023-0,NULL,NULL,2020,O,7.25E+11,098-US-0023  -000,HIGH,098-US-0023  -000,20.009,0,0,0,0,0,0,1,0,0,0,0,0,0,1,Non-DAC,0,1,,
72724300,980100,2.02E+11,20220121,959,,US23,,,US0023,US0023,0,098 US-23,US0023,N,N,NULL,NULL,NULL,N,NULL,NULL,NULL,NULL,NULL,NULL,27.36,NULL,NULL,NULL,NULL,,NULL,1,0,2,2,N,N,55,NULL,98,9801,NULL,,Y,37.51087,-82.54843,N,NULL,NULL,NULL,NULL,NULL,NULL,NULL,NULL,5,3,6,6,1,1,2,2,7,3,Y,NULL,Y,Y,959,1002,1043,N,NULL,49,,1,Y,,N,N,098-US-0023-0,NULL,NULL,2022,C,7.27E+11,098-US-0023  -000,HIGH,098-US-0023  -000,27.36,0,0,0,0,0,0,1,0,1,0,0,0,0,1,Non-DAC,1,0,195-0811,1
72576120,980100,2.02E+11,20201216,1752,,HAROLDS BRANCH,,RD,,,,,,N,N,NULL,NULL,NULL,N,NULL,NULL,NULL,NULL,NULL,NULL,0.412,NULL,NULL,NULL,NULL,,NULL,0,0,2,2,Y,N,55,NULL,98,9801,NULL,,Y,37.46959,-82.51728,N,NULL,NULL,NULL,NULL,NULL,NULL,NULL,NULL,7,3,1,1,1,5,6,6,6,3,N,NULL,Y,N,1754,1757,1757,N,NULL,54,,,N,,N,N,,NULL,NULL,2020,O,7.26E+11,098-CS-1223  -000,MEDIUM,098-CS-1223  -000,0.412,0,0,0,0,0,0,0,1,0,0,0,1,0,1,Non-DAC,0,1,,
72626851,980100,2.02E+11,20210514,724,,HAMBLEY,,BLVD,,,,,,N,N,NULL,NULL,NULL,N,NULL,NULL,NULL,NULL,NULL,NULL,1.368,NULL,NULL,NULL,NULL,,NULL,1,0,2,2,N,N,35,NULL,98,9801,NULL,,Y,37.48442,-82.52801,N,NULL,NULL,NULL,NULL,NULL,NULL,NULL,NULL,5,3,2,6,1,1,2,2,6,3,Y,NULL,Y,Y,724,724,811,N,NULL,49,,,N,,N,N,,NULL,NULL,2021,C,7.26E+11,098-CS-1222  -000,MEDIUM,098-CS-1222  -000,1.368,0,0,0,0,0,0,1,0,0,0,0,0,0,1,DAC,1,0,195-0986,1
72737103,980100,2.02E+11,20220225,1041,,HAMBLEY,,BLVD,,,0,098 CS-1222,CS1222,N,N,NULL,NULL,NULL,N,NULL,NULL,NULL,NULL,NULL,NULL,,NULL,NULL,NULL,NULL,,NULL,0,0,2,2,N,N,35,NULL,98,9801,NULL,,Y,37.47402,-82.5273,N,NULL,NULL,NULL,NULL,NULL,NULL,NULL,NULL,4,3,2,6,1,1,2,2,1,3,N,NULL,Y,N,1041,1046,1107,N,NULL,70,,,N,,N,N,098-CS-1222-0,NULL,NULL,2022,O,7.27E+11,098-CS-1222  -000,HIGH,098-CS-1222  -000,0,0,0,0,0,0,0,1,0,0,0,0,0,0,1,DAC,1,0,195-1167,1
72666158,KSP0900,09-21-0706,20210816,1030,,KY3218,,,KY3218,KY3218,0,098 KY-3218,KY3218,N,N,NULL,NULL,NULL,N,NULL,NULL,NULL,NULL,NULL,NULL,3.153,NULL,NULL,NULL,NULL,,NULL,1,1,2,2,N,N,55,NULL,98,9807,NULL,,Y,37.56092,-82.55774,N,NULL,NULL,NULL,NULL,NULL,NULL,NULL,NULL,7,3,2,4,1,5,2,2,7,3,N,NULL,N,Y,1147,1210,,N,NULL,54,8,0,Y,,N,N,098-KY-3218-0,NULL,NULL,2021,K,7.27E+11,098-KY-3218  -000,HIGH,098-KY-3218  -000,3.153,0,0,0,0,0,0,0,0,0,0,0,1,0,1,Non-DAC,0,1,,
72827805,980100,2.02E+11,20221105,1644,,CASSIDY,,BLVD,,,0,098 CS-1191,CS1191,N,N,NULL,NULL,NULL,N,NULL,NULL,NULL,NULL,NULL,NULL,0.176,NULL,NULL,NULL,NULL,,NULL,0,0,2,2,N,N,25,NULL,98,9801,NULL,,Y,37.5038,-82.53489,N,NULL,NULL,NULL,NULL,NULL,NULL,NULL,NULL,4,3,4,6,1,1,2,2,1,3,N,NULL,Y,N,1644,1651,1731,N,NULL,70,,,N,,N,N,098-CS-1191-0,NULL,NULL,2022,O,7.28E+11,098-CS-1191  -000,HIGH,098-CS-1191  -000,0.176,0,0,0,0,0,0,1,0,0,0,0,0,0,1,Non-DAC,0,1,,
72504901,980100,2.02E+11,20200526,1658,,KY3496,,,KY3496,KY3496,,,,N,N,NULL,NULL,NULL,N,NULL,NULL,NULL,NULL,NULL,NULL,0.868,NULL,NULL,NULL,NULL,,NULL,0,0,2,2,Y,N,35,NULL,98,9801,NULL,,Y,37.47209,-82.52827,N,NULL,NULL,NULL,NULL,NULL,NULL,NULL,NULL,6,3,2,6,1,1,2,2,1,3,N,NULL,Y,N,1700,1719,1719,N,NULL,70,16,0,N,,N,N,,NULL,NULL,2020,O,7.25E+11,098-KY-3496  -000,HIGH,098-KY-3496  -000,0.868,0,0,0,1,0,0,0,0,0,0,0,0,0,1,DAC,0,1,,
72685447,980100,2.02E+11,20211019,726,,BAIRD,,AVE,KY1426,KY1426,0,098 KY-1426,KY1426,N,N,NULL,NULL,NULL,N,NULL,NULL,NULL,NULL,NULL,NULL,5.387,NULL,NULL,NULL,NULL,,NULL,1,0,2,2,Y,N,15,NULL,98,9801,NULL,,Y,37.47295,-82.52708,N,NULL,NULL,NULL,NULL,NULL,NULL,NULL,NULL,1,3,2,6,1,1,2,2,7,3,N,NULL,Y,N,727,731,811,N,NULL,55,,0,N,,N,N,098-KY-1426-0,NULL,NULL,2021,C,7.27E+11,098-KY-1426  -000,HIGH,098-KY-1426  -000,5.387,0,0,0,0,0,0,0,0,0,0,0,0,0,1,DAC,1,0,195-1174,1
72685004,980100,2.02E+11,20211013,1219,,CASSIDY,,BLVD,,,0,098 CS-1191,CS1191,N,N,NULL,NULL,NULL,N,NULL,NULL,NULL,NULL,NULL,NULL,0.258,NULL,NULL,NULL,NULL,,NULL,1,0,2,2,N,N,35,NULL,98,9801,NULL,,Y,37.50459,-82.53607,N,NULL,NULL,NULL,NULL,NULL,NULL,NULL,NULL,1,3,4,6,1,1,2,2,1,3,Y,NULL,Y,Y,1219,1220,1249,N,NULL,55,,,N,,N,N,098-CS-1191-0,NULL,NULL,2021,C,7.27E+11,098-CS-1191  -000,HIGH,098-CS-1191  -000,0.258,0,0,0,1,0,0,1,0,0,0,0,0,0,1,Non-DAC,0,1,,
72783183,980100,2.02E+11,20220714,1718,,US119,,,US0119,US0119,0,098 US-119-10,US0119,N,N,NULL,NULL,NULL,N,NULL,NULL,NULL,NULL,NULL,NULL,2.705,NULL,NULL,NULL,NULL,,NULL,0,0,2,2,N,N,55,NULL,98,9801,NULL,,Y,37.51419,-82.48693,N,NULL,NULL,NULL,NULL,NULL,NULL,NULL,NULL,5,3,4,5,1,1,2,2,7,3,N,NULL,Y,N,1718,1729,,N,NULL,70,2,1,N,,N,N,098-US-0119-10,NULL,NULL,2022,O,7.28E+11,098-US-0119  -010,HIGH,098-US-0119  -000,2.705,0,0,0,0,0,0,0,0,0,0,0,0,0,1,DAC,1,0,195-0777,1
72558634,KSP0900,20-763350,20201029,2036,,KY3495,,,KY3495,KY3495,0,098 KY-3495,KY3495,N,N,NULL,NULL,NULL,N,NULL,NULL,NULL,NULL,NULL,NULL,0.6,NULL,NULL,NULL,NULL,,NULL,0,0,1,1,N,N,45,NULL,98,9801,NULL,,Y,37.4924,-82.53487,N,NULL,NULL,NULL,NULL,NULL,NULL,NULL,NULL,9,3,2,6,1,5,6,9,7,3,N,NULL,Y,Y,2038,2042,2042,N,NULL,38,17,0,N,,N,N,098-KY-3495-0,NULL,NULL,2020,O,7.26E+11,098-KY-3495  -000,HIGH,098-KY-3495  -000,0.6,0,0,0,0,0,0,0,0,0,0,0,0,0,1,Non-DAC,0,1,,
72721795,980100,2.02E+11,20210111,1802,,PARK,,ST,,,0,098 CS-1058,CS1058,N,N,NULL,NULL,NULL,N,NULL,NULL,NULL,NULL,NULL,NULL,0.048,NULL,NULL,NULL,NULL,,NULL,0,0,2,2,N,N,5,NULL,98,9801,NULL,,Y,37.47499,-82.52245,N,NULL,NULL,NULL,NULL,NULL,NULL,NULL,NULL,2,3,1,6,1,1,2,2,6,3,N,NULL,Y,N,1756,1800,1810,N,NULL,47,,,N,,N,N,098-CS-1058-0,NULL,NULL,2021,O,7.27E+11,098-CS-1058  -000,HIGH,098-CS-1058  -000,0.048,0,0,0,0,0,0,0,0,0,0,0,0,0,1,DAC,0,1,,
72438653,370200,2019-44852,20191115,753,,US23,,,US0023,US0023,,,,N,N,NULL,NULL,NULL,N,NULL,NULL,NULL,NULL,NULL,NULL,19.973,NULL,NULL,NULL,NULL,,NULL,0,0,2,1,N,N,55,NULL,98,9801,NULL,,Y,37.44948,-82.51158,N,NULL,NULL,NULL,NULL,NULL,NULL,NULL,NULL,5,3,4,2,1,1,3,2,7,3,N,NULL,N,N,753,753,753,N,NULL,49,,1,N,,N,N,,NULL,NULL,2019,O,7.24E+11,098-US-0023  -000,MEDIUM,098-US-0023  -000,19.973,0,0,0,1,0,0,1,0,0,0,0,0,0,1,Non-DAC,0,1,,
72558287,980100,2.02E+11,20201028,1330,,CASSIDY,,BLVD,,,0,098 CS-1191,CS1191,N,N,NULL,NULL,NULL,N,NULL,NULL,NULL,NULL,NULL,NULL,0.17,NULL,NULL,NULL,NULL,,NULL,1,0,2,2,N,N,35,NULL,98,9801,NULL,,Y,37.50375,-82.5348,N,NULL,NULL,NULL,NULL,NULL,NULL,NULL,NULL,8,3,4,6,1,1,3,2,7,3,Y,NULL,Y,Y,1330,1336,,N,NULL,53,,,N,,N,N,098-CS-1191-0,NULL,NULL,2020,C,7.26E+11,098-CS-1191  -000,HIGH,098-CS-1191  -000,0.17,0,0,0,1,0,0,1,0,0,0,0,1,0,1,Non-DAC,0,1,,
72732839,980100,2.02E+11,20220214,1449,,US23,,,US0023,US0023,0,098 US-23,US0023,N,Y,KY3218,,,N,NULL,NULL,NULL,NULL,NULL,NULL,31.602,NULL,NULL,NULL,NULL,,NULL,0,0,2,2,N,N,55,NULL,98,9801,NULL,,Y,37.53698,-82.60163,N,NULL,NULL,NULL,NULL,NULL,NULL,NULL,NULL,5,3,4,6,1,1,2,2,7,3,N,NULL,Y,N,917,917,,N,NULL,35,,1,N,,Y,N,098-US-0023-0,NULL,NULL,2022,O,7.27E+11,098-US-0023  -000,HIGH,098-US-0023  -000,31.602,0,0,1,0,0,0,1,0,0,0,1,0,0,1,Non-DAC,1,0,195-0620,1
72825585,980100,2.02E+11,20221106,342,,CHLOE,,RD,KY1460,KY1460,0,098 KY-1460,KY1460,N,N,NULL,NULL,NULL,N,NULL,NULL,NULL,NULL,NULL,NULL,4.775,NULL,NULL,NULL,NULL,,NULL,0,0,1,1,N,N,45,NULL,98,9801,NULL,,Y,37.47806,-82.51073,N,NULL,NULL,NULL,NULL,NULL,NULL,NULL,NULL,9,6,2,6,1,1,2,6,7,3,N,NULL,Y,N,342,345,413,Y,NULL,44,,0,Y,,N,N,098-KY-1460-0,NULL,NULL,2022,O,7.28E+11,098-KY-1460  -000,HIGH,098-KY-1460  -000,4.775,0,0,0,0,0,0,1,0,1,0,0,1,0,1,Non-DAC,0,1,,
72610972,980100,2.02E+11,20210405,2052,,HAMBLEY,,BLVD,,,,,,N,N,NULL,NULL,NULL,N,NULL,NULL,NULL,NULL,NULL,NULL,,NULL,NULL,NULL,NULL,NULL,NULL,3,0,2,2,N,N,45,NULL,98,9801,NULL,,Y,37.47929,-82.54307,N,NULL,NULL,NULL,NULL,NULL,NULL,NULL,NULL,3,3,4,6,1,1,2,1,1,3,Y,NULL,Y,Y,2054,2055,2139,N,NULL,52,,,Y,,N,N,,NULL,NULL,2021,B,7.26E+11,098-KY-1384  -000,MEDIUM,098-KY-1384  -000,6.795,0,0,1,0,0,0,0,1,0,0,0,1,0,1,DAC,1,0,195-1101,1
72509777,980100,2.02E+11,20200605,2037,,KY3496,,,KY3496,KY3496,0,098 KY-3496,KY3496,N,N,NULL,NULL,NULL,N,NULL,NULL,NULL,NULL,NULL,NULL,0.453,NULL,NULL,NULL,NULL,,NULL,2,0,2,2,N,N,35,NULL,98,9801,NULL,,Y,37.46946,-82.5338,N,NULL,NULL,NULL,NULL,NULL,NULL,NULL,NULL,1,3,2,6,1,1,2,2,1,3,Y,NULL,Y,Y,2040,2044,2107,N,NULL,55,16,0,N,,N,N,098-KY-3496-0,NULL,NULL,2020,C,7.25E+11,098-KY-3496  -000,HIGH,098-KY-3496  -000,0.453,0,0,1,1,0,0,0,1,0,0,0,0,0,1,DAC,0,1,,
72574466,980100,2.02E+11,20201212,1515,,KY3496,,,KY3496,KY3496,,,,N,N,NULL,NULL,NULL,N,NULL,NULL,NULL,NULL,NULL,NULL,0.106,NULL,NULL,NULL,NULL,,NULL,3,0,2,2,N,N,35,NULL,98,9801,NULL,,Y,37.46598,-82.52962,N,NULL,NULL,NULL,NULL,NULL,NULL,NULL,NULL,1,3,2,6,1,5,6,2,1,3,N,NULL,Y,Y,1515,1522,,Y,NULL,55,16,0,N,,N,N,,NULL,NULL,2020,B,7.26E+11,098-KY-3496  -000,HIGH,098-KY-3496  -000,0.106,0,0,0,1,0,0,1,1,0,0,0,1,0,1,DAC,0,1,,
72511254,980100,2.02E+11,20200615,840,,US23,,,US0023,US0023,0,098 US-23,US0023,N,N,NULL,NULL,NULL,N,NULL,NULL,NULL,NULL,NULL,NULL,21.404,NULL,NULL,NULL,NULL,,NULL,0,0,2,2,N,N,55,NULL,98,9801,NULL,,Y,37.45056,-82.52413,N,NULL,NULL,NULL,NULL,NULL,NULL,NULL,NULL,5,3,4,6,1,1,2,2,1,3,N,NULL,Y,N,840,847,840,N,NULL,49,,1,Y,,N,N,098-US-0023-0,NULL,NULL,2020,O,7.25E+11,098-US-0023  -000,HIGH,098-US-0023  -000,21.404,0,0,0,0,0,0,1,0,0,0,0,0,0,1,Non-DAC,0,1,,
72543771,980100,2.02E+11,20200917,944,,US119,N,,,,,,,N,N,NULL,NULL,NULL,N,NULL,NULL,NULL,NULL,NULL,NULL,,NULL,NULL,NULL,NULL,NULL,NULL,0,0,2,2,N,N,55,NULL,98,9801,NULL,,Y,37.50378,-82.53212,N,NULL,NULL,NULL,NULL,NULL,NULL,NULL,NULL,8,3,2,3,1,5,3,2,1,3,N,NULL,Y,N,944,958,1001,N,NULL,53,,,N,,N,N,,NULL,NULL,2020,O,7.25E+11,098-US-0119  -010,MEDIUM,098-US-0119  -000,0.002,0,1,0,0,0,0,0,0,0,0,0,1,0,1,Non-DAC,1,0,195-0861,1
72571961,980100,2.02E+11,20201204,1531,,US23,,,US0023,US0023,,,,N,N,NULL,NULL,NULL,N,NULL,NULL,NULL,NULL,NULL,NULL,26.21,NULL,NULL,NULL,NULL,,NULL,1,0,1,1,N,N,55,NULL,98,9801,NULL,,Y,37.50262,-82.53222,N,NULL,NULL,NULL,NULL,NULL,NULL,NULL,NULL,9,5,5,6,1,5,6,2,7,3,N,NULL,Y,Y,1533,1539,,Y,NULL,40,,1,N,,N,N,,NULL,NULL,2020,C,7.26E+11,098-US-0023  -000,MEDIUM,098-US-0023  -000,26.21,0,0,0,0,0,0,0,0,0,0,0,1,0,1,Non-DAC,1,0,195-0861,1
72741576,980100,2.02E+11,20220316,2220,,US23,,,US0023,US0023,0,098 US-23-10,US0023,N,N,NULL,NULL,NULL,N,NULL,NULL,NULL,NULL,NULL,NULL,31.345,NULL,NULL,NULL,NULL,,NULL,0,0,1,1,N,N,55,NULL,98,9801,NULL,,Y,37.53633,-82.59692,N,NULL,NULL,NULL,NULL,NULL,NULL,NULL,NULL,9,6,4,3,1,1,2,6,7,3,N,NULL,Y,N,2220,2227,2227,N,NULL,40,,1,N,,N,N,098-US-0023-10,NULL,NULL,2022,O,7.27E+11,098-US-0023  -010,HIGH,098-US-0023  -000,31.345,0,0,0,0,0,0,0,0,0,0,0,1,0,1,Non-DAC,0,1,,
72458607,980100,2.02E+11,20191227,1253,,KY1426,,,KY1426,KY1426,,,,N,Y,CHLOE,,RD,N,NULL,NULL,NULL,NULL,NULL,NULL,6.19,NULL,NULL,NULL,NULL,,NULL,2,0,2,2,N,N,45,NULL,98,9801,NULL,,Y,37.47765,-82.51628,N,NULL,NULL,NULL,NULL,NULL,NULL,NULL,NULL,8,3,3,6,1,5,3,2,7,3,Y,NULL,Y,Y,1254,1258,,N,NULL,19,,0,Y,,N,N,,NULL,NULL,2019,C,7.25E+11,098-KY-1426  -000,HIGH,098-KY-1426  -000,6.19,0,0,0,0,0,0,1,0,1,0,1,0,0,1,DAC,1,0,195-1116,1
72772713,980100,2.02E+11,20220613,1550,,CHERRY,,LN,,,0,098 CS-1184,CS1184,N,N,NULL,NULL,NULL,N,NULL,NULL,NULL,NULL,NULL,NULL,0.028,NULL,NULL,NULL,NULL,,NULL,0,0,1,1,N,N,10,NULL,98,9801,NULL,,Y,37.48392,-82.54407,N,NULL,NULL,NULL,NULL,NULL,NULL,NULL,NULL,9,3,1,6,1,1,2,2,6,3,N,NULL,Y,N,1554,1600,1600,Y,NULL,40,,,N,,N,N,098-CS-1184-0,NULL,NULL,2022,O,7.28E+11,098-CS-1184  -000,HIGH,098-CS-1184  -000,0.028,0,0,0,0,0,0,1,0,0,0,0,1,0,1,Non-DAC,0,1,,
72700761,980100,2.02E+11,20211122,1901,,US23,,,US0023,US0023,0,098 US-23,US0023,N,N,NULL,NULL,NULL,N,NULL,NULL,NULL,NULL,NULL,NULL,29.756,NULL,NULL,NULL,NULL,,NULL,0,0,1,1,N,N,55,NULL,98,9801,NULL,,Y,37.53366,-82.57799,N,NULL,NULL,NULL,NULL,NULL,NULL,NULL,NULL,9,3,4,6,1,1,2,5,2,3,N,NULL,Y,N,1902,1911,1911,N,NULL,38,,1,N,,N,N,098-US-0023-0,NULL,NULL,2021,O,7.27E+11,098-US-0023  -000,HIGH,098-US-0023  -000,29.756,0,0,0,0,0,0,0,0,0,0,0,0,0,1,Non-DAC,0,1,,
72592436,980100,2.02E+11,20210208,834,,US23,,,US0023,US0023,0,098 US-23,US0023,N,N,NULL,NULL,NULL,N,NULL,NULL,NULL,NULL,NULL,NULL,23.378,NULL,NULL,NULL,NULL,,NULL,0,0,2,2,N,N,55,NULL,98,9801,NULL,,Y,37.4683,-82.53283,N,NULL,NULL,NULL,NULL,NULL,NULL,NULL,NULL,5,3,4,6,1,1,2,2,7,3,N,NULL,Y,N,834,841,841,N,NULL,49,,1,Y,,N,N,098-US-0023-0,NULL,NULL,2021,O,7.26E+11,098-US-0023  -000,HIGH,098-US-0023  -000,23.378,0,0,0,0,0,0,1,0,0,0,0,0,0,1,DAC,0,1,,
72731525,980100,2.02E+11,20220208,1741,,US23,,,US0023,US0023,0,098 US-23,US0023,N,N,NULL,NULL,NULL,N,NULL,NULL,NULL,NULL,NULL,NULL,21.672,NULL,NULL,NULL,NULL,,NULL,0,0,2,2,N,N,55,NULL,98,9801,NULL,,Y,37.45388,-82.52173,N,NULL,NULL,NULL,NULL,NULL,NULL,NULL,NULL,5,3,4,6,1,1,2,2,1,3,N,NULL,Y,Y,1742,1742,1809,N,NULL,49,,1,N,,N,N,098-US-0023-0,NULL,NULL,2022,O,7.27E+11,098-US-0023  -000,HIGH,098-US-0023  -000,21.672,0,1,0,1,0,0,1,0,0,0,0,0,0,1,Non-DAC,0,1,,
72778539,980500,2022AR032,20220701,1220,,MAYO TRAIL,,,,,,,,N,N,NULL,NULL,NULL,N,NULL,NULL,NULL,NULL,NULL,NULL,,NULL,NULL,NULL,NULL,NULL,NULL,0,0,2,2,N,N,45,NULL,98,9807,NULL,,Y,37.53157,-82.5771,N,NULL,NULL,NULL,NULL,NULL,NULL,NULL,NULL,5,3,6,6,1,1,2,2,7,3,N,NULL,Y,Y,1220,1225,1225,N,NULL,70,,,N,,N,N,,NULL,NULL,2022,O,7.28E+11,098-US-0023  -010,MEDIUM,098-US-0023  -000,29.585,0,0,1,0,0,0,0,0,0,0,0,0,0,1,Non-DAC,1,0,195-0664,1
72643700,980100,2.02E+11,20210628,1215,,US23,,,US0023,US0023,,,,N,N,NULL,NULL,NULL,N,NULL,NULL,NULL,NULL,NULL,NULL,20.977,NULL,NULL,NULL,NULL,,NULL,0,0,2,2,N,N,55,NULL,98,9801,NULL,,Y,37.44466,-82.52543,N,NULL,NULL,NULL,NULL,NULL,NULL,NULL,NULL,1,3,2,3,1,1,2,2,7,3,N,NULL,Y,N,1215,1220,1348,N,NULL,55,,1,N,,N,N,,NULL,NULL,2021,O,7.26E+11,098-US-0023  -010,MEDIUM,098-US-0023  -000,20.977,0,0,0,0,0,0,1,0,0,0,0,0,0,1,Non-DAC,0,1,,
72757619,980100,2.02E+11,20220502,1833,,KY1426,,,KY1426,KY1426,,,,N,N,NULL,NULL,NULL,N,NULL,NULL,NULL,NULL,NULL,NULL,9.119,NULL,NULL,NULL,NULL,,NULL,0,0,1,1,N,N,45,NULL,98,9801,NULL,,Y,37.50686,-82.48898,N,NULL,NULL,NULL,NULL,NULL,NULL,NULL,NULL,9,5,3,1,1,1,2,2,7,3,N,NULL,Y,N,1833,1839,,N,NULL,44,,0,N,,N,N,,NULL,NULL,2022,O,7.28E+11,098-KY-1426  -000,MEDIUM,098-KY-1426  -000,9.119,0,0,0,0,0,0,0,0,0,0,0,1,0,1,Non-DAC,0,1,,
72628665,980100,2.02E+11,20210523,2005,,BYPASS,S,RD,KY1426,KY1426,0,098 KY-1426,KY1426,N,N,NULL,NULL,NULL,N,NULL,NULL,NULL,NULL,NULL,NULL,6.547,NULL,NULL,NULL,NULL,,NULL,1,0,2,1,N,N,45,NULL,98,9801,NULL,,Y,37.4823,-82.51377,N,NULL,NULL,NULL,NULL,NULL,NULL,NULL,NULL,9,3,2,6,1,1,2,2,1,3,Y,NULL,Y,Y,2005,2007,2021,N,NULL,37,,0,N,,N,N,098-KY-1426-0,NULL,NULL,2021,B,7.26E+11,098-KY-1426  -000,HIGH,098-KY-1426  -000,6.547,0,0,0,0,0,1,0,1,0,0,0,0,0,1,DAC,0,1,,
72480363,980100,2.02E+11,20200224,915,,BOB AMOS,,DR,,,0,098 CS-1025,CS1025,N,N,NULL,NULL,NULL,N,NULL,NULL,NULL,NULL,NULL,NULL,0.77,NULL,NULL,NULL,NULL,,NULL,0,0,2,2,N,N,15,NULL,98,9801,NULL,,Y,37.4693,-82.54323,N,NULL,NULL,NULL,NULL,NULL,NULL,NULL,NULL,7,97,2,6,1,5,2,2,7,3,N,NULL,N,N,915,922,922,N,NULL,47,,,N,,N,N,098-CS-1025-0,NULL,NULL,2020,O,7.25E+11,098-CS-1025  -000,HIGH,098-CS-1025  -000,0.77,0,0,0,1,0,0,1,0,0,0,0,0,0,1,Non-DAC,0,1,,
72685969,980100,2.02E+11,20211021,838,,CEDAR CREEK,,RD,,,0,098 CS-1038,CS1038,N,N,NULL,NULL,NULL,N,NULL,NULL,NULL,NULL,NULL,NULL,,NULL,NULL,NULL,NULL,NULL,NULL,0,0,2,2,N,N,35,NULL,98,9801,NULL,,Y,37.47917,-82.558,N,NULL,NULL,NULL,NULL,NULL,NULL,NULL,NULL,2,97,2,6,2,1,2,2,6,3,N,NULL,Y,Y,839,845,845,N,NULL,47,,,N,,N,N,098-CS-1038-0,NULL,NULL,2021,O,7.27E+11,098-CS-1038  -000,HIGH,098-CS-1038  -000,0.116,0,0,0,0,0,0,1,0,0,0,0,0,0,1,Non-DAC,0,1,,
72828860,980100,2.02E+11,20221111,1434,,US119,,,US0119,US0119,0,098 US-119-10,US0119,N,N,NULL,NULL,NULL,N,NULL,NULL,NULL,NULL,NULL,NULL,2.699,NULL,NULL,NULL,NULL,,NULL,0,0,1,1,N,N,55,NULL,98,9801,NULL,,Y,37.51418,-82.48703,N,NULL,NULL,NULL,NULL,NULL,NULL,NULL,NULL,9,3,4,6,1,5,6,2,7,3,N,NULL,Y,N,1434,1441,1441,N,NULL,41,2,1,N,,N,N,098-US-0119-10,NULL,NULL,2022,O,7.28E+11,098-US-0119  -010,HIGH,098-US-0119  -000,2.699,0,0,0,0,0,0,0,0,0,0,0,1,0,1,DAC,1,0,195-0777,1