MasterFile,AgencyORINumber,LocalCode,CollisionDate,CollisionTime,CollisionDayWeekCode,RoadwayName,RoadwayName_Direction_,RoadwayName_RoadwaySuffix_,RoadwayfromReport,CurrentRoadwayNumber,RoadwayNumberCoupletID,RSEUniqueGIS,RoadwayIdentifier,ParkingLotIndicator,IntersectionWith_Indicator_,IntersectionWith_NameRoadway_,IntersectionWith_Direction_,IntersectionWith_RoadwaySuffix_,BetweenStreets_Indicator_,BetweenStreets1_NameRoadway_,BetweenStreet1_Direction_,BetweenStreets1_RoadwaySuffix_,BetweenStreets2_NameRoadway_,BetweenStreets2_Direction_,BetweenStreets2_RoadwaySuffix_,Milepoint,ReportMilepointDeriveNumber,CurrentDerivedMiepointNumber,MilestoMilepoint,FeettoMilepoint,DirectionfromMilepoint_NSEW_,ValidMilepointIndicator,NumberInjured,NumberKilled,ofUnits,ofMotorVehicleUnits,Hit&RunIndicator,OneWayIndicator,SpeedLimitNumber,KilometersIndicator,CountyCode,CityCountyCode,MilesFromCity,DirectionFromCity_NSEW_,InCityLimitsIndicator,Latitude,Longitude,RampIndicator,RampFromIdentifier,RampFromDirCode,RampFromCoupletID,RSEUniqueGISRampFrom,RampToidentifier,RampToDirCode,RampToCoupletID,RSEUniqueGisRampTo,MannerofCollisionCode,LocationFirstEventCode,TotalLanes,RoadwayCharacterCode,RoadwaySurfaceCode,RoadwayConditionCode,WeatherCode,LightConditionCode,LandUseCode,SchoolBusRelatedCode,FirstAidSceneIndicator,CollDescPresentInd,InvestigationCompleteIndicator,PhotosTakenIndicator,TimeNotified,TimeArrived,TimeRoadwayOpened,PropertyDamageIndicator,DiagramPresentIndicator,DirectionalAnalysis,FunctionClassCode,NationalHwySysCode,EnforcementsIndicator,KARSCityCode,SecondaryCollisionIndicator,MedianCrossoverIndicator,RT_UNIQUE,MapIt,TimeLastLeft,YR,KABCO,MFNY,WorkingRID,RT_CONFIDENCE,KTC_RT,KTC_MP,Motorcyclist,Commercial Vehicle,Young Driver,Mature Driver,Pedestrian,Bicyclist,Distracted,Aggressive,Impaired,Unrestrained,Intersection,Roadway Departure,Median Cross-over,CityCrash,DACid,Intersection Crash,Segment Crash,Int_ID,CityIntersection
72661329,KSP0900,21-345801,20210819,1519,,US23,,,US0023,US0023,0,098 US-23-10,US0023,N,N,NULL,NULL,NULL,N,NULL,NULL,NULL,NULL,NULL,NULL,18.313,NULL,NULL,NULL,NULL,,NULL,0,0,1,1,N,N,55,NULL,98,9801,NULL,,Y,37.43338,-82.51427,N,NULL,NULL,NULL,NULL,NULL,NULL,NULL,NULL,9,3,4,3,1,5,6,2,7,3,N,NULL,Y,Y,1519,1544,1555,N,NULL,40,,1,N,,N,N,098-US-0023-10,NULL,NULL,2021,O,7.27E+11,098-US-0023  -010,HIGH,098-US-0023  -000,18.313,0,0,1,0,0,0,0,0,0,0,0,1,0,1,Non-DAC,0,1,,
72500368,980100,2.02E+11,20200509,2023,,US23,,,US0023,US0023,,,,N,N,NULL,NULL,NULL,N,NULL,NULL,NULL,NULL,NULL,NULL,25.083,NULL,NULL,NULL,NULL,,NULL,0,0,1,1,N,N,55,NULL,98,9801,NULL,,Y,37.48911,-82.53921,N,NULL,NULL,NULL,NULL,NULL,NULL,NULL,NULL,9,6,4,6,1,1,2,2,7,3,N,NULL,Y,N,2023,2028,2028,N,NULL,44,,1,N,,N,Y,,NULL,NULL,2020,O,7.25E+11,098-US-0023  -000,MEDIUM,098-US-0023  -000,25.083,0,0,0,0,0,0,0,0,0,0,0,1,0,1,Non-DAC,0,1,,
72506855,KSP0900,20-20546,20200531,1346,,US23,,,US0023,US0023,0,098 US-23-10,US0023,N,N,NULL,NULL,NULL,N,NULL,NULL,NULL,NULL,NULL,NULL,29.875,NULL,NULL,NULL,NULL,,NULL,0,0,2,2,N,N,55,NULL,98,9801,NULL,,Y,37.53521,-82.57896,N,NULL,NULL,NULL,NULL,NULL,NULL,NULL,NULL,5,3,4,6,1,1,2,2,3,3,N,NULL,Y,N,1348,1350,,N,NULL,49,,1,N,,N,N,098-US-0023-10,NULL,NULL,2020,O,7.25E+11,098-US-0023  -010,HIGH,098-US-0023  -000,29.875,0,0,1,0,0,0,1,0,0,0,0,0,0,1,Non-DAC,0,1,,
72695772,980500,2021AR044,20211112,1232,,US23,,,US0023,US0023,0,098 US-23-10,US0023,N,N,NULL,NULL,NULL,N,NULL,NULL,NULL,NULL,NULL,NULL,,NULL,NULL,NULL,NULL,NULL,NULL,0,0,2,2,N,N,55,NULL,98,9807,NULL,,Y,37.5336,-82.57809,N,NULL,NULL,NULL,NULL,NULL,NULL,NULL,NULL,8,3,4,6,1,1,2,2,7,3,N,NULL,Y,Y,1225,1232,1232,N,NULL,53,,1,N,,N,N,098-US-0023-10,NULL,NULL,2021,O,7.27E+11,098-US-0023  -010,HIGH,098-US-0023  -000,29.754,0,0,0,0,0,0,1,0,0,0,0,1,0,1,Non-DAC,0,1,,
72693614,980100,2.02E+11,20211103,1526,,US23,,,US0023,US0023,0,098 US-23,US0023,N,Y,MAYO,,CIR,N,NULL,NULL,NULL,NULL,NULL,NULL,22.282,NULL,NULL,NULL,NULL,,NULL,2,0,2,2,N,N,55,NULL,98,9801,NULL,,Y,37.46141,-82.51699,N,NULL,NULL,NULL,NULL,NULL,NULL,NULL,NULL,1,3,4,4,1,1,2,2,7,3,N,NULL,Y,Y,1526,1533,1551,N,NULL,10,,1,N,,N,Y,098-US-0023-0,NULL,NULL,2021,C,7.27E+11,098-US-0023  -000,HIGH,098-US-0023  -000,22.282,0,0,0,1,0,0,1,1,0,0,1,0,1,1,Non-DAC,0,1,,
72661299,980100,2.02E+11,20210821,1425,,US23,,,US0023,US0023,,,,N,N,NULL,NULL,NULL,N,NULL,NULL,NULL,NULL,NULL,NULL,23.062,NULL,NULL,NULL,NULL,,NULL,0,0,2,2,N,N,55,NULL,98,9801,NULL,,Y,37.46592,-82.52806,N,NULL,NULL,NULL,NULL,NULL,NULL,NULL,NULL,5,3,4,6,1,1,2,2,7,3,N,NULL,Y,N,1425,1427,1443,N,NULL,49,,1,N,,N,N,,NULL,NULL,2021,O,7.27E+11,098-US-0023  -000,MEDIUM,098-US-0023  -000,23.062,0,0,0,0,0,0,0,0,0,0,0,0,0,1,DAC,0,1,,
72622218,980100,2.02E+11,20210507,1715,,US23,,,US0023,US0023,0,098 US-23,US0023,N,N,NULL,NULL,NULL,N,NULL,NULL,NULL,NULL,NULL,NULL,26.233,NULL,NULL,NULL,NULL,,NULL,0,0,2,2,N,N,55,NULL,98,9801,NULL,,Y,37.50294,-82.53205,N,NULL,NULL,NULL,NULL,NULL,NULL,NULL,NULL,5,3,4,6,1,1,2,2,1,3,N,NULL,Y,N,1715,1720,1728,N,NULL,49,,1,N,,N,N,098-US-0023-0,NULL,NULL,2021,O,7.26E+11,098-US-0023  -000,HIGH,098-US-0023  -000,26.233,0,0,0,0,0,0,1,0,0,0,0,0,0,1,Non-DAC,1,0,195-0861,1
72659316,980100,2.02E+11,20210812,1757,,US23,,,US0023,US0023,0,098 US-23-10,US0023,N,N,NULL,NULL,NULL,N,NULL,NULL,NULL,NULL,NULL,NULL,25.418,NULL,NULL,NULL,NULL,,NULL,0,0,2,2,N,N,55,NULL,98,9801,NULL,,Y,37.49234,-82.53472,N,NULL,NULL,NULL,NULL,NULL,NULL,NULL,NULL,1,3,4,6,1,1,2,2,7,3,N,NULL,Y,N,1757,1805,1805,N,NULL,55,,1,N,,N,N,098-US-0023-10,NULL,NULL,2021,O,7.27E+11,098-US-0023  -010,HIGH,098-US-0023  -000,25.418,0,0,0,0,0,0,1,0,0,0,0,0,0,1,Non-DAC,0,1,,
72651783,980100,2.02E+11,20210720,1906,,THOMPSON,,RD,,,0,098 CS-1215,CS1215,N,N,NULL,NULL,NULL,N,NULL,NULL,NULL,NULL,NULL,NULL,0.547,NULL,NULL,NULL,NULL,,NULL,1,0,2,2,N,N,35,NULL,98,9801,NULL,,Y,37.50583,-82.54285,N,NULL,NULL,NULL,NULL,NULL,NULL,NULL,NULL,4,3,2,6,1,1,2,2,7,3,N,NULL,Y,Y,1906,1912,2008,N,NULL,70,,,N,,N,N,098-CS-1215-0,NULL,NULL,2021,B,7.27E+11,098-CS-1215  -000,HIGH,098-CS-1215  -000,0.547,0,0,1,0,0,0,1,0,0,0,0,0,0,1,Non-DAC,0,1,,
72544909,980100,20200011542,20200922,1118,,US23,,,US0023,US0023,0,098 US-23-10,US0023,N,N,NULL,NULL,NULL,N,NULL,NULL,NULL,NULL,NULL,NULL,21.372,NULL,NULL,NULL,NULL,,NULL,1,0,2,2,N,N,55,NULL,98,9801,NULL,,Y,37.45013,-82.52436,N,NULL,NULL,NULL,NULL,NULL,NULL,NULL,NULL,3,3,4,6,1,1,2,2,6,3,N,NULL,Y,Y,1118,1129,1156,Y,NULL,52,,1,N,,Y,N,098-US-0023-10,NULL,NULL,2020,C,7.25E+11,098-US-0023  -010,HIGH,098-US-0023  -000,21.372,0,0,0,1,0,0,1,0,0,0,0,1,0,1,Non-DAC,0,1,,
72591215,980100,2.02E+11,20210204,901,,DIVISION,,ST,,,0,098 CS-1130,CS1130,N,Y,2ND,,ST,N,NULL,NULL,NULL,NULL,NULL,NULL,0.051,NULL,NULL,NULL,NULL,,NULL,0,0,2,2,N,N,15,NULL,98,9801,NULL,,Y,37.48005,-82.51831,N,NULL,NULL,NULL,NULL,NULL,NULL,NULL,NULL,5,3,2,6,1,1,3,2,1,3,N,NULL,Y,N,901,904,911,N,NULL,35,,,N,,N,N,098-CS-1130-0,NULL,NULL,2021,O,7.26E+11,098-CS-1130  -000,HIGH,098-CS-1130  -000,0.051,0,0,0,0,0,0,1,0,0,0,1,0,0,1,DAC,1,0,195-1082,1
72818697,980100,2.02E+11,20221018,1510,,US23,,,US0023,US0023,0,098 US-23-10,US0023,N,Y,CEDAR HILLS,,RD,N,NULL,NULL,NULL,NULL,NULL,NULL,22.941,NULL,NULL,NULL,NULL,,NULL,3,0,2,2,N,N,55,NULL,98,9801,NULL,,Y,37.46535,-82.52597,N,NULL,NULL,NULL,NULL,NULL,NULL,NULL,NULL,5,3,4,6,1,1,3,2,1,3,N,NULL,Y,Y,1510,1512,1543,N,NULL,35,,1,N,,N,N,098-US-0023-10,NULL,NULL,2022,B,7.28E+11,098-US-0023  -010,HIGH,098-US-0023  -000,22.941,0,0,0,0,0,0,1,0,0,0,1,0,0,1,DAC,0,1,,
72466643,980100,2.02E+12,20200121,1608,,HAMBLEY BOULEVARD,,,,,,,,N,N,NULL,NULL,NULL,N,NULL,NULL,NULL,NULL,NULL,NULL,,NULL,NULL,NULL,NULL,NULL,NULL,4,0,2,2,N,N,45,NULL,98,9801,NULL,,Y,37.47948,-82.54266,N,NULL,NULL,NULL,NULL,NULL,NULL,NULL,NULL,1,3,4,6,1,1,3,2,1,3,Y,NULL,Y,Y,1609,1633,1647,N,NULL,55,,,N,,N,N,,NULL,NULL,2020,A,7.25E+11,098-KY-1384  -000,MEDIUM,098-KY-1384  -000,6.822,0,0,0,1,0,0,1,1,0,0,0,1,0,1,DAC,0,1,,
72690467,980100,2.02E+11,20211029,1447,,US23,,,US0023,US0023,0,098 US-23,US0023,N,N,NULL,NULL,NULL,N,NULL,NULL,NULL,NULL,NULL,NULL,24.125,NULL,NULL,NULL,NULL,,NULL,2,0,1,1,N,N,55,NULL,98,9801,NULL,,Y,37.47698,-82.54012,N,NULL,NULL,NULL,NULL,NULL,NULL,NULL,NULL,9,6,4,1,1,1,3,2,7,3,N,NULL,Y,Y,1447,1450,,N,NULL,51,,1,N,,N,N,098-US-0023-0,NULL,NULL,2021,C,7.27E+11,098-US-0023  -000,HIGH,098-US-0023  -000,24.125,0,0,0,0,0,0,0,0,0,0,0,1,0,1,DAC,0,1,,
72855829,980100,2.02E+11,20230113,1133,,ISLAND CREEK,,RD,KY1426,KY1426,0,098 KY-1426,KY1426,N,N,NULL,NULL,NULL,N,NULL,NULL,NULL,NULL,NULL,NULL,,NULL,NULL,NULL,NULL,NULL,NULL,0,0,1,1,N,N,35,NULL,98,9801,NULL,,Y,37.45238,-82.53516,N,NULL,NULL,NULL,NULL,NULL,NULL,NULL,NULL,9,5,2,3,1,5,6,2,7,3,N,NULL,Y,N,1202,1202,1242,N,NULL,44,8,0,Y,,N,N,098-KY-1426-0,NULL,NULL,2023,O,7.29E+11,098-KY-1426  -000,HIGH,098-KY-1426  -000,3.662,0,0,0,0,0,0,0,0,1,0,0,1,0,1,Non-DAC,0,1,,
72775291,980100,2.02E+11,20220615,928,,MAIN,,ST,,,0,098 CS-1112,CS1112,N,N,NULL,NULL,NULL,N,NULL,NULL,NULL,NULL,NULL,NULL,0.12,NULL,NULL,NULL,NULL,,NULL,0,0,2,2,N,Y,15,NULL,98,9801,NULL,,Y,37.47929,-82.51762,N,NULL,NULL,NULL,NULL,NULL,NULL,NULL,NULL,2,97,2,6,1,1,2,2,7,3,N,NULL,Y,N,928,929,929,N,NULL,47,,,N,,N,N,098-CS-1112-0,NULL,NULL,2022,O,7.28E+11,098-CS-1112  -000,HIGH,098-CS-1112  -000,0.12,0,0,0,0,0,0,1,0,0,0,0,0,0,1,DAC,1,0,195-1087,1
72520552,980100,2.02E+11,20200713,1415,,BAIRD,,AVE,KY1426,KY1426,0,098 KY-1426,KY1426,N,N,NULL,NULL,NULL,N,NULL,NULL,NULL,NULL,NULL,NULL,5.392,NULL,NULL,NULL,NULL,,NULL,0,0,2,2,N,N,25,NULL,98,9801,NULL,,Y,37.47322,-82.52712,N,NULL,NULL,NULL,NULL,NULL,NULL,NULL,NULL,8,3,4,6,1,1,2,2,7,3,N,NULL,N,N,1415,1417,1425,N,NULL,53,,0,N,,N,N,098-KY-1426-0,NULL,NULL,2020,O,7.25E+11,098-KY-1426  -000,HIGH,098-KY-1426  -000,5.392,0,0,0,1,0,0,1,0,0,0,0,1,0,1,DAC,1,0,195-1174,1
72635883,980100,2.02E+11,20210601,1635,,2ND,,ST,,,0,098 CS-1117,CS1117,N,N,NULL,NULL,NULL,N,NULL,NULL,NULL,NULL,NULL,NULL,0.051,NULL,NULL,NULL,NULL,,NULL,0,0,2,2,N,N,15,NULL,98,9801,NULL,,Y,37.48289,-82.51608,N,NULL,NULL,NULL,NULL,NULL,NULL,NULL,NULL,8,3,1,6,1,1,2,2,1,3,N,NULL,Y,N,1635,1642,,N,NULL,53,,,N,,N,N,098-CS-1117-0,NULL,NULL,2021,O,7.26E+11,098-CS-1117  -000,HIGH,098-CS-1117  -000,0.051,0,0,0,0,0,0,1,0,0,0,0,1,0,1,DAC,1,0,195-1037,1
72572895,980100,2.02E+11,20201207,1238,,US23,,,US0023,US0023,,,,N,N,NULL,NULL,NULL,N,NULL,NULL,NULL,NULL,NULL,NULL,30.937,NULL,NULL,NULL,NULL,,NULL,0,0,1,1,N,N,55,NULL,98,9801,NULL,,Y,37.54042,-82.59234,N,NULL,NULL,NULL,NULL,NULL,NULL,NULL,NULL,9,2,4,3,1,1,3,2,1,3,N,NULL,N,N,1238,1255,1316,N,NULL,70,,1,N,,N,N,,NULL,NULL,2020,O,7.26E+11,098-US-0023  -000,MEDIUM,098-US-0023  -000,30.937,0,0,0,0,0,0,0,0,0,0,0,1,0,1,Non-DAC,0,1,,
72770334,980100,2.02E+11,20220607,1720,,US23,,,US0023,US0023,0,098 US-23-10,US0023,N,N,NULL,NULL,NULL,N,NULL,NULL,NULL,NULL,NULL,NULL,26.486,NULL,NULL,NULL,NULL,,NULL,0,0,3,3,N,N,55,NULL,98,9801,NULL,,Y,37.50635,-82.5335,N,NULL,NULL,NULL,NULL,NULL,NULL,NULL,NULL,5,3,4,6,1,1,3,2,7,2,N,NULL,Y,N,1720,1720,1753,N,NULL,49,,1,N,,N,N,098-US-0023-10,NULL,NULL,2022,O,7.28E+11,098-US-0023  -010,HIGH,098-US-0023  -000,26.486,0,0,0,0,0,0,1,0,0,0,0,0,0,1,Non-DAC,0,1,,
72617432,980100,2.02E+11,20210419,1734,,SCOTT,,AVE,,,,,,N,N,NULL,NULL,NULL,N,NULL,NULL,NULL,NULL,NULL,NULL,0.222,NULL,NULL,NULL,NULL,,NULL,0,0,2,2,N,Y,15,NULL,98,9801,NULL,,Y,37.48389,-82.51876,N,NULL,NULL,NULL,NULL,NULL,NULL,NULL,NULL,2,3,1,6,1,1,2,2,6,3,N,NULL,Y,N,1734,1737,1737,N,NULL,47,,,N,,N,N,,NULL,NULL,2021,O,7.26E+11,098-CS-1116  -000,MEDIUM,098-CS-1116  -000,0.222,0,0,0,0,0,0,1,0,0,0,0,0,0,1,DAC,1,0,195-0991,1
72723538,980100,2.02E+11,20220119,2056,,BYPASS,N,RD,KY1460,KY1460,0,098 KY-1460,KY1460,N,N,NULL,NULL,NULL,N,NULL,NULL,NULL,NULL,NULL,NULL,6.237,NULL,NULL,NULL,NULL,,NULL,0,0,1,1,N,N,45,NULL,98,9801,NULL,,Y,37.48544,-82.53165,N,NULL,NULL,NULL,NULL,NULL,NULL,NULL,NULL,9,3,2,6,1,5,6,5,6,3,N,NULL,Y,N,2056,2056,2103,N,NULL,70,16,0,N,,N,N,098-KY-1460-0,NULL,NULL,2022,O,7.27E+11,098-KY-1460  -000,HIGH,098-KY-1460  -000,6.237,0,0,0,0,0,0,0,0,0,0,0,0,0,1,DAC,0,1,,
72594242,KSP0900,2152887,20210209,830,,CEDAR HILLS,,RD,KY1426,KY1426,0,098 KY-1426,KY1426,N,N,NULL,NULL,NULL,N,NULL,NULL,NULL,NULL,NULL,NULL,3.692,NULL,NULL,NULL,NULL,,NULL,0,0,1,1,N,N,55,NULL,98,9801,NULL,,Y,37.45241,-82.53528,N,NULL,NULL,NULL,NULL,NULL,NULL,NULL,NULL,9,3,2,1,1,2,2,2,7,3,N,NULL,N,N,830,830,928,N,NULL,70,8,0,N,,N,N,098-KY-1426-0,NULL,NULL,2021,O,7.26E+11,098-KY-1426  -000,HIGH,098-KY-1426  -000,3.692,0,0,0,0,0,0,0,0,0,0,0,1,0,1,Non-DAC,0,1,,
72845339,980100,2.02E+11,20221219,1241,,US119,,,US0119,US0119,0,098 US-119,US0119,N,N,NULL,NULL,NULL,N,NULL,NULL,NULL,NULL,NULL,NULL,2.663,NULL,NULL,NULL,NULL,,NULL,1,0,3,3,N,N,55,NULL,98,9801,NULL,,Y,37.51406,-82.48768,N,NULL,NULL,NULL,NULL,NULL,NULL,NULL,NULL,1,3,4,6,1,1,2,2,7,3,Y,NULL,Y,Y,1242,1246,1309,N,NULL,55,2,1,N,,N,N,098-US-0119-0,NULL,NULL,2022,B,7.28E+11,098-US-0119  -000,HIGH,098-US-0119  -000,2.663,0,0,0,1,0,0,0,1,0,0,0,0,0,1,DAC,1,0,195-0777,1
72539646,980100,2.02E+11,20200906,1610,,OWSLEY,,RD,KY1384,KY1384,,,,N,N,NULL,NULL,NULL,N,NULL,NULL,NULL,NULL,NULL,NULL,6.122,NULL,NULL,NULL,NULL,,NULL,0,0,2,2,N,N,35,NULL,98,9801,NULL,,Y,37.47591,-82.55405,N,NULL,NULL,NULL,NULL,NULL,NULL,NULL,NULL,5,3,2,4,1,1,2,2,6,3,N,NULL,Y,N,1610,1610,1640,N,NULL,49,17,0,Y,,N,N,,NULL,NULL,2020,O,7.25E+11,098-KY-1384  -000,HIGH,098-KY-1384  -000,6.122,0,0,1,0,0,0,1,0,0,0,0,0,0,1,Non-DAC,0,1,,
72642857,980100,2.02E+11,20210701,2257,,JULIUS,,AVE,,,0,098 CS-1156,CS1156,N,N,NULL,NULL,NULL,N,NULL,NULL,NULL,NULL,NULL,NULL,0.211,NULL,NULL,NULL,NULL,,NULL,0,0,2,2,N,N,15,NULL,98,9801,NULL,,Y,37.47887,-82.52423,N,NULL,NULL,NULL,NULL,NULL,NULL,NULL,NULL,5,97,1,6,3,8,5,5,6,3,N,NULL,Y,N,2257,2301,2301,N,NULL,47,,,N,,N,N,098-CS-1156-0,NULL,NULL,2021,O,7.26E+11,098-CS-1156  -000,HIGH,098-CS-1156  -000,0.211,0,0,0,0,0,0,1,0,0,0,0,0,0,1,DAC,0,1,,
72644785,980100,2.02E+11,20210701,2044,,KENTUCKY,,AVE,,,0,098 CS-1162,CS1162,N,Y,SMITH,,ST,N,NULL,NULL,NULL,NULL,NULL,NULL,0.056,NULL,NULL,NULL,NULL,,NULL,0,0,2,2,Y,N,15,NULL,98,9801,NULL,,Y,37.48314,-82.52132,N,NULL,NULL,NULL,NULL,NULL,NULL,NULL,NULL,2,3,,,1,5,6,3,6,3,N,NULL,Y,Y,2044,2047,,Y,NULL,6,,,Y,,N,N,098-CS-1162-0,NULL,NULL,2021,O,7.26E+11,098-CS-1162  -000,HIGH,098-CS-1162  -000,0.056,0,0,0,0,0,0,1,0,0,1,1,0,0,1,DAC,1,0,195-1022,1
72792147,980100,2.02E+11,20220809,1642,,US23,,,US0023,US0023,0,098 US-23,US0023,N,N,NULL,NULL,NULL,N,NULL,NULL,NULL,NULL,NULL,NULL,26.22,NULL,NULL,NULL,NULL,,NULL,0,0,2,2,N,N,55,NULL,98,9801,NULL,,Y,37.50277,-82.53203,N,NULL,NULL,NULL,NULL,NULL,NULL,NULL,NULL,5,3,4,6,1,1,3,2,7,3,N,NULL,Y,N,1644,1644,1644,N,NULL,49,,1,N,,N,N,098-US-0023-0,NULL,NULL,2022,O,7.28E+11,098-US-0023  -000,HIGH,098-US-0023  -000,26.22,0,0,1,0,0,0,0,1,0,0,0,0,0,1,Non-DAC,1,0,195-0861,1
72527308,KSP0900,20-615231,20200723,2032,,BYPASS,S,RD,KY1426,KY1426,0,098 KY-1426,KY1426,N,N,NULL,NULL,NULL,N,NULL,NULL,NULL,NULL,NULL,NULL,6.551,NULL,NULL,NULL,NULL,,NULL,1,0,1,1,N,N,55,NULL,98,9801,NULL,,Y,37.48233,-82.5137,N,NULL,NULL,NULL,NULL,NULL,NULL,NULL,NULL,9,3,2,6,1,5,3,2,7,3,N,NULL,Y,Y,2032,2032,2032,N,NULL,40,,0,N,,N,N,098-KY-1426-0,NULL,NULL,2020,C,7.25E+11,098-KY-1426  -000,HIGH,098-KY-1426  -000,6.551,0,0,1,0,0,0,0,0,0,1,0,1,0,1,DAC,1,0,195-1019,1
72705516,980100,2.02E+11,20211129,1403,,US23,,,US0023,US0023,0,098 US-23,US0023,N,Y,CASSIDY,,BLVD,N,NULL,NULL,NULL,NULL,NULL,NULL,26.292,NULL,NULL,NULL,NULL,,NULL,0,0,2,2,Y,N,55,NULL,98,9801,NULL,,Y,37.50377,-82.53236,N,NULL,NULL,NULL,NULL,NULL,NULL,NULL,NULL,5,3,4,6,1,1,2,2,7,3,N,NULL,N,N,1403,1413,1425,N,NULL,35,,1,N,,N,N,098-US-0023-0,NULL,NULL,2021,O,7.27E+11,098-US-0023  -000,HIGH,098-US-0023  -000,26.292,0,0,0,0,0,0,1,0,0,0,1,0,0,1,Non-DAC,0,1,,
72795148,980100,2.02E+11,20220811,1134,,US23,,,US0023,US0023,0,098 US-23-10,US0023,N,N,NULL,NULL,NULL,N,NULL,NULL,NULL,NULL,NULL,NULL,24.9,NULL,NULL,NULL,NULL,,NULL,0,0,2,2,N,N,55,NULL,98,9801,NULL,,Y,37.4872,-82.54158,N,NULL,NULL,NULL,NULL,NULL,NULL,NULL,NULL,5,3,4,6,1,5,3,2,7,3,N,NULL,Y,N,1135,1140,1140,N,NULL,49,,1,N,,N,N,098-US-0023-10,NULL,NULL,2022,O,7.28E+11,098-US-0023  -010,HIGH,098-US-0023  -000,24.9,0,0,0,1,0,0,0,0,0,0,0,0,0,1,Non-DAC,0,1,,
72494296,980100,2.02E+11,20200413,807,,REDALE,,RD,,,0,098 CS-1244,CS1244,N,N,NULL,NULL,NULL,N,NULL,NULL,NULL,NULL,NULL,NULL,0.179,NULL,NULL,NULL,NULL,,NULL,1,0,2,1,Y,N,15,NULL,98,9801,NULL,,Y,37.48714,-82.52739,N,NULL,NULL,NULL,NULL,NULL,NULL,NULL,NULL,9,3,1,6,1,5,3,2,1,3,Y,NULL,N,N,807,814,814,N,NULL,70,,,N,,N,N,098-CS-1244-0,NULL,NULL,2020,C,7.25E+11,098-CS-1244  -000,HIGH,098-CS-1244  -000,0.179,0,0,0,0,1,0,0,0,0,0,0,0,0,1,DAC,1,0,195-0943,1
72518791,980100,2.02E+11,20200706,1800,,US23,,,US0023,US0023,,,,N,N,NULL,NULL,NULL,N,NULL,NULL,NULL,NULL,NULL,NULL,24.895,NULL,NULL,NULL,NULL,,NULL,0,0,2,2,N,N,55,NULL,98,9801,NULL,,Y,37.48705,-82.54144,N,NULL,NULL,NULL,NULL,NULL,NULL,NULL,NULL,8,3,4,6,1,1,2,2,7,3,N,NULL,Y,N,1932,1947,1947,N,NULL,53,,1,N,,N,N,,NULL,NULL,2020,O,7.25E+11,098-US-0023  -000,MEDIUM,098-US-0023  -000,24.895,0,0,0,0,0,0,0,0,0,0,0,1,0,1,Non-DAC,0,1,,
72644232,980100,2.02E+11,20210706,1042,,BYPASS,S,RD,KY1426,KY1426,0,098 KY-1426,KY1426,N,N,NULL,NULL,NULL,N,NULL,NULL,NULL,NULL,NULL,NULL,6.199,NULL,NULL,NULL,NULL,,NULL,1,0,2,2,N,N,55,NULL,98,9801,NULL,,Y,37.47776,-82.51617,N,NULL,NULL,NULL,NULL,NULL,NULL,NULL,NULL,1,3,2,6,1,1,2,2,7,3,N,NULL,Y,Y,1042,1043,1102,N,NULL,55,,0,N,,N,N,098-KY-1426-0,NULL,NULL,2021,C,7.26E+11,098-KY-1426  -000,HIGH,098-KY-1426  -000,6.199,0,0,1,1,0,0,0,1,0,0,0,1,0,1,DAC,1,0,195-1116,1
72552297,980100,2.02E+11,20201011,1042,,US23,,,US0023,US0023,,,,N,N,NULL,NULL,NULL,N,NULL,NULL,NULL,NULL,NULL,NULL,26.261,NULL,NULL,NULL,NULL,,NULL,0,0,3,3,N,N,55,NULL,98,9801,NULL,,Y,37.50338,-82.53232,N,NULL,NULL,NULL,NULL,NULL,NULL,NULL,NULL,5,3,4,6,1,5,3,2,1,3,N,NULL,Y,N,1042,1050,1136,N,NULL,49,,1,N,,N,N,,NULL,NULL,2020,O,7.26E+11,098-US-0023  -010,MEDIUM,098-US-0023  -000,26.261,0,0,0,1,0,0,1,0,0,0,0,0,0,1,Non-DAC,1,0,195-0861,1
72742313,980100,2.02E+11,20220319,2319,,US23,,,US0023,US0023,0,098 US-23,US0023,N,N,NULL,NULL,NULL,N,NULL,NULL,NULL,NULL,NULL,NULL,27.337,NULL,NULL,NULL,NULL,,NULL,0,0,2,2,N,N,55,NULL,98,9801,NULL,,Y,37.51077,-82.54799,N,NULL,NULL,NULL,NULL,NULL,NULL,NULL,NULL,5,3,4,6,1,5,6,7,7,3,N,NULL,Y,N,2319,2328,2329,N,NULL,49,,1,N,,N,N,098-US-0023-0,NULL,NULL,2022,O,7.27E+11,098-US-0023  -000,HIGH,098-US-0023  -000,27.337,0,0,0,1,0,0,1,0,0,0,0,0,0,1,Non-DAC,1,0,195-0812,1
72478363,980100,2.02E+11,20200214,1706,,KY1426,,,KY1426,KY1426,0,098 KY-1426,KY1426,N,N,NULL,NULL,NULL,N,NULL,NULL,NULL,NULL,NULL,NULL,6.76,NULL,NULL,NULL,NULL,,NULL,0,0,2,2,N,N,55,NULL,98,9801,NULL,,Y,37.48471,-82.51141,N,NULL,NULL,NULL,NULL,NULL,NULL,NULL,NULL,2,97,2,6,1,1,2,2,1,3,N,NULL,Y,N,1707,1711,,N,NULL,56,,0,N,,N,N,098-KY-1426-0,NULL,NULL,2020,O,7.25E+11,098-KY-1426  -000,HIGH,098-KY-1426  -000,6.76,0,0,0,0,0,0,1,0,0,0,0,0,0,1,Non-DAC,0,1,,