MasterFile,AgencyORINumber,LocalCode,CollisionDate,CollisionTime,CollisionDayWeekCode,RoadwayName,RoadwayName_Direction_,RoadwayName_RoadwaySuffix_,RoadwayfromReport,CurrentRoadwayNumber,RoadwayNumberCoupletID,RSEUniqueGIS,RoadwayIdentifier,ParkingLotIndicator,IntersectionWith_Indicator_,IntersectionWith_NameRoadway_,IntersectionWith_Direction_,IntersectionWith_RoadwaySuffix_,BetweenStreets_Indicator_,BetweenStreets1_NameRoadway_,BetweenStreet1_Direction_,BetweenStreets1_RoadwaySuffix_,BetweenStreets2_NameRoadway_,BetweenStreets2_Direction_,BetweenStreets2_RoadwaySuffix_,Milepoint,ReportMilepointDeriveNumber,CurrentDerivedMiepointNumber,MilestoMilepoint,FeettoMilepoint,DirectionfromMilepoint_NSEW_,ValidMilepointIndicator,NumberInjured,NumberKilled,ofUnits,ofMotorVehicleUnits,Hit&RunIndicator,OneWayIndicator,SpeedLimitNumber,KilometersIndicator,CountyCode,CityCountyCode,MilesFromCity,DirectionFromCity_NSEW_,InCityLimitsIndicator,Latitude,Longitude,RampIndicator,RampFromIdentifier,RampFromDirCode,RampFromCoupletID,RSEUniqueGISRampFrom,RampToidentifier,RampToDirCode,RampToCoupletID,RSEUniqueGisRampTo,MannerofCollisionCode,LocationFirstEventCode,TotalLanes,RoadwayCharacterCode,RoadwaySurfaceCode,RoadwayConditionCode,WeatherCode,LightConditionCode,LandUseCode,SchoolBusRelatedCode,FirstAidSceneIndicator,CollDescPresentInd,InvestigationCompleteIndicator,PhotosTakenIndicator,TimeNotified,TimeArrived,TimeRoadwayOpened,PropertyDamageIndicator,DiagramPresentIndicator,DirectionalAnalysis,FunctionClassCode,NationalHwySysCode,EnforcementsIndicator,KARSCityCode,SecondaryCollisionIndicator,MedianCrossoverIndicator,RT_UNIQUE,MapIt,TimeLastLeft,YR,KABCO,MFNY,WorkingRID,RT_CONFIDENCE,KTC_RT,KTC_MP,Motorcyclist,Commercial Vehicle,Young Driver,Mature Driver,Pedestrian,Bicyclist,Distracted,Aggressive,Impaired,Unrestrained,Intersection,Roadway Departure,Median Cross-over,CityCrash,DACid,Intersection Crash,Segment Crash,Int_ID,CityIntersection
72438196,980100,2.02E+11,20191111,1505,,HAROLDS BRANCH,,RD,,,0,098 CS-1223,CS1223,N,N,NULL,NULL,NULL,N,NULL,NULL,NULL,NULL,NULL,NULL,,NULL,NULL,NULL,NULL,NULL,NULL,0,0,2,1,N,N,15,NULL,98,9801,NULL,,Y,37.47128,-82.52117,N,NULL,NULL,NULL,NULL,NULL,NULL,NULL,NULL,1,97,2,1,2,1,2,2,5,3,N,NULL,Y,N,1505,1507,1519,N,NULL,47,,,N,,N,N,098-CS-1223-0,NULL,NULL,2019,O,7.24E+11,098-CS-1223  -000,HIGH,098-CS-1223  -000,0.135,0,0,0,0,0,0,1,0,0,0,0,0,0,1,Non-DAC,0,1,,
72573964,980100,2.02E+11,20201204,1815,,US23,N,,,,,,,N,N,NULL,NULL,NULL,N,NULL,NULL,NULL,NULL,NULL,NULL,,NULL,NULL,NULL,NULL,NULL,NULL,0,0,2,2,Y,N,55,NULL,98,9801,NULL,,Y,37.50376,-82.53216,N,NULL,NULL,NULL,NULL,NULL,NULL,NULL,NULL,5,3,6,6,1,5,6,5,1,3,N,NULL,Y,N,1815,1822,,N,NULL,70,,,Y,,N,N,,NULL,NULL,2020,O,7.26E+11,098-US-0023  -000,MEDIUM,098-US-0023  -000,26.291,0,0,0,0,0,0,1,0,0,0,0,0,0,1,Non-DAC,0,1,,
72471770,980500,2020AR013,20200204,1350,,MAYO,N,TRL,US0023,US0023,0,098 US-23-10,US0023,N,N,NULL,NULL,NULL,N,NULL,NULL,NULL,NULL,NULL,NULL,29.603,NULL,NULL,NULL,NULL,,NULL,0,0,2,2,N,N,55,NULL,98,9801,NULL,,Y,37.5315,-82.57714,N,NULL,NULL,NULL,NULL,NULL,NULL,NULL,NULL,5,3,4,6,1,6,3,2,7,3,N,NULL,Y,N,1350,1353,,N,NULL,70,,1,N,,N,N,098-US-0023-10,NULL,NULL,2020,O,7.25E+11,098-US-0023  -010,HIGH,098-US-0023  -000,29.603,0,0,0,0,0,0,1,0,0,0,0,0,0,1,Non-DAC,0,1,,
72585866,980100,2.02E+11,20210117,1141,,KY3496,,,KY3496,KY3496,0,098 KY-3496,KY3496,N,N,NULL,NULL,NULL,N,NULL,NULL,NULL,NULL,NULL,NULL,0.206,NULL,NULL,NULL,NULL,,NULL,0,0,2,2,N,N,35,NULL,98,9801,NULL,,Y,37.46659,-82.53128,N,NULL,NULL,NULL,NULL,NULL,NULL,NULL,NULL,8,97,2,6,1,1,2,2,1,3,N,NULL,Y,N,1140,1140,,N,NULL,47,16,0,N,,N,N,098-KY-3496-0,NULL,NULL,2021,O,7.26E+11,098-KY-3496  -000,HIGH,098-KY-3496  -000,0.206,0,0,0,0,0,0,1,0,0,0,0,0,0,1,DAC,0,1,,
72645998,980100,2.02E+11,20210710,1236,,MAYO,S,TRL,US0023,US0023,0,098 US-23-10,US0023,N,N,NULL,NULL,NULL,N,NULL,NULL,NULL,NULL,NULL,NULL,22.941,NULL,NULL,NULL,NULL,,NULL,0,0,2,2,N,N,55,NULL,98,9801,NULL,,Y,37.46535,-82.52596,N,NULL,NULL,NULL,NULL,NULL,NULL,NULL,NULL,1,3,4,6,1,1,3,2,7,3,N,NULL,Y,N,1236,1242,1242,N,NULL,55,,1,N,,N,N,098-US-0023-10,NULL,NULL,2021,O,7.26E+11,098-US-0023  -010,HIGH,098-US-0023  -000,22.941,0,0,0,1,0,0,1,1,0,0,0,0,0,1,DAC,0,1,,
72430700,980100,2.02E+11,20191101,1722,,US23,,,US0023,US0023,0,098 US-23,US0023,N,N,NULL,NULL,NULL,N,NULL,NULL,NULL,NULL,NULL,NULL,25.116,NULL,NULL,NULL,NULL,,NULL,0,0,2,2,N,N,55,NULL,98,9801,NULL,,Y,37.48948,-82.53882,N,NULL,NULL,NULL,NULL,NULL,NULL,NULL,NULL,5,3,4,6,1,1,2,2,1,3,N,NULL,Y,N,1722,1725,,N,NULL,49,,1,N,,N,N,098-US-0023-0,NULL,NULL,2019,O,7.24E+11,098-US-0023  -000,HIGH,098-US-0023  -000,25.116,0,0,1,0,0,0,1,0,0,0,0,0,0,1,Non-DAC,0,1,,
72428925,980100,2.02E+11,20191029,1627,,US23,,,US0023,US0023,,,,N,Y,KELSEY FRIEND,,DR,N,NULL,NULL,NULL,NULL,NULL,NULL,31.603,NULL,NULL,NULL,NULL,,NULL,0,0,2,2,N,N,55,NULL,98,9801,NULL,,Y,37.53687,-82.60168,N,NULL,NULL,NULL,NULL,NULL,NULL,NULL,NULL,1,3,4,6,1,1,2,2,7,3,N,NULL,Y,N,1627,1641,1641,N,NULL,8,,1,N,,N,N,,NULL,NULL,2019,O,7.24E+11,098-US-0023  -010,MEDIUM,098-US-0023  -000,31.603,0,0,0,0,0,0,1,1,0,0,1,0,0,1,Non-DAC,1,0,195-0620,1
72615082,980500,2021AR016,20210416,1405,,MAYO,N,TRL,US0023,US0023,0,098 US-23,US0023,N,N,NULL,NULL,NULL,N,NULL,NULL,NULL,NULL,NULL,NULL,,NULL,NULL,NULL,NULL,NULL,NULL,3,0,2,2,N,N,45,NULL,98,9807,NULL,,Y,37.52984,-82.57599,N,NULL,NULL,NULL,NULL,NULL,NULL,NULL,NULL,4,3,6,6,1,1,2,2,7,3,Y,NULL,Y,Y,1405,1407,1530,N,NULL,70,,1,N,,N,N,098-US-0023-0,NULL,NULL,2021,C,7.26E+11,098-US-0023  -000,HIGH,098-US-0023  -000,29.469,0,0,0,0,0,0,1,1,0,0,0,0,0,1,Non-DAC,0,1,,
72481965,980100,2.02E+11,20200228,1750,,THOMPSON,,RD,,,0,098 CS-1215,CS1215,N,N,NULL,NULL,NULL,N,NULL,NULL,NULL,NULL,NULL,NULL,0.529,NULL,NULL,NULL,NULL,,NULL,0,0,2,2,N,N,35,NULL,98,9801,NULL,,Y,37.50591,-82.54317,N,NULL,NULL,NULL,NULL,NULL,NULL,NULL,NULL,1,3,2,6,1,1,2,2,1,3,N,NULL,Y,N,1750,1802,1826,N,NULL,55,,,Y,,N,N,098-CS-1215-0,NULL,NULL,2020,O,7.25E+11,098-CS-1215  -000,HIGH,098-CS-1215  -000,0.529,0,0,1,0,0,0,0,1,0,0,0,0,0,1,Non-DAC,0,1,,
72780724,980100,2.02E+11,20220623,936,,US23,,,US0023,US0023,0,098 US-23,US0023,N,N,NULL,NULL,NULL,N,NULL,NULL,NULL,NULL,NULL,NULL,19.813,NULL,NULL,NULL,NULL,,NULL,0,0,1,1,N,N,55,NULL,98,9801,NULL,,Y,37.44999,-82.50878,N,NULL,NULL,NULL,NULL,NULL,NULL,NULL,NULL,9,2,4,3,1,1,2,2,7,3,N,NULL,Y,N,936,945,1033,N,NULL,40,,1,N,,N,N,098-US-0023-0,NULL,NULL,2022,O,7.28E+11,098-US-0023  -000,HIGH,098-US-0023  -000,19.813,0,0,0,1,0,0,0,0,0,0,0,1,0,1,Non-DAC,0,1,,
72728614,KSP0900,22-40445,20220202,1803,,US119,,,US0119,US0119,0,098 US-119,US0119,N,N,NULL,NULL,NULL,N,NULL,NULL,NULL,NULL,NULL,NULL,0.124,NULL,NULL,NULL,NULL,,NULL,0,0,2,2,N,N,55,NULL,98,9801,2,W,N,37.50412,-82.52982,N,NULL,NULL,NULL,NULL,NULL,NULL,NULL,NULL,7,3,2,6,1,5,6,6,7,3,N,NULL,Y,N,1803,1814,1803,N,NULL,54,2,1,N,,N,N,098-US-0119-0,NULL,NULL,2022,O,7.27E+11,098-US-0119  -000,HIGH,098-US-0119  -000,0.124,0,0,0,0,0,0,0,0,0,0,0,1,0,1,Non-DAC,0,1,,
72528547,980100,2.02E+11,20200731,234,,US23,,,US0023,US0023,0,098 US-23,US0023,N,N,NULL,NULL,NULL,N,NULL,NULL,NULL,NULL,NULL,NULL,27.31,NULL,NULL,NULL,NULL,,NULL,0,0,1,1,N,N,55,NULL,98,9801,NULL,,Y,37.51098,-82.54749,N,NULL,NULL,NULL,NULL,NULL,NULL,NULL,NULL,9,3,4,6,1,1,2,6,1,3,N,NULL,Y,N,234,241,245,N,NULL,70,,1,N,,N,N,098-US-0023-0,NULL,NULL,2020,O,7.25E+11,098-US-0023  -000,HIGH,098-US-0023  -000,27.31,0,0,1,0,0,0,0,0,0,0,0,0,0,1,Non-DAC,0,1,,
72661465,980100,2.02E+11,20210821,1538,,US23,,,US0023,US0023,0,098 US-23-10,US0023,N,N,NULL,NULL,NULL,N,NULL,NULL,NULL,NULL,NULL,NULL,26.876,NULL,NULL,NULL,NULL,,NULL,0,0,2,2,N,N,55,NULL,98,9801,NULL,,Y,37.50972,-82.53894,N,NULL,NULL,NULL,NULL,NULL,NULL,NULL,NULL,5,3,4,6,1,1,2,2,1,3,Y,NULL,Y,N,1503,1513,1700,N,NULL,49,,1,Y,,N,N,098-US-0023-10,NULL,NULL,2021,O,7.27E+11,098-US-0023  -010,HIGH,098-US-0023  -000,26.876,0,0,0,0,0,0,1,0,1,0,0,0,0,1,Non-DAC,0,1,,
72768762,980100,2.02E+11,20220603,1315,,HAMBLEY,,BLVD,,,,,,N,N,NULL,NULL,NULL,N,NULL,NULL,NULL,NULL,NULL,NULL,,NULL,NULL,NULL,NULL,NULL,NULL,0,0,2,2,N,N,25,NULL,98,9801,NULL,,Y,37.48137,-82.51886,N,NULL,NULL,NULL,NULL,NULL,NULL,NULL,NULL,1,3,2,3,1,1,3,2,1,3,N,NULL,Y,N,1315,1316,1351,N,NULL,55,,,N,,N,N,,NULL,NULL,2022,O,7.28E+11,098-CS-1222  -000,MEDIUM,098-CS-1222  -000,0.72,0,0,1,0,0,0,1,0,0,0,0,0,0,1,DAC,1,0,195-1068,1
72730606,980100,2.02E+11,20220213,1823,,KY3496,,,KY3496,KY3496,0,098 KY-3496,KY3496,N,N,NULL,NULL,NULL,N,NULL,NULL,NULL,NULL,NULL,NULL,0.78,NULL,NULL,NULL,NULL,,NULL,0,0,2,2,N,N,35,NULL,98,9801,NULL,,Y,37.47206,-82.52989,N,NULL,NULL,NULL,NULL,NULL,NULL,NULL,NULL,1,3,2,6,1,1,3,3,7,3,N,NULL,Y,N,1823,1823,1823,N,NULL,55,16,0,N,,N,N,098-KY-3496-0,NULL,NULL,2022,O,7.27E+11,098-KY-3496  -000,HIGH,098-KY-3496  -000,0.78,0,0,1,0,0,0,0,1,0,0,0,0,0,1,DAC,1,0,195-1185,1
72563366,980100,2.02E+11,20201110,707,,OWSLEY,,RD,KY1384,KY1384,0,098 KY-1384,KY1384,N,N,NULL,NULL,NULL,N,NULL,NULL,NULL,NULL,NULL,NULL,7.018,NULL,NULL,NULL,NULL,,NULL,1,0,2,2,N,N,45,NULL,98,9801,NULL,,Y,37.48013,-82.53933,N,NULL,NULL,NULL,NULL,NULL,NULL,NULL,NULL,1,3,4,6,1,1,2,2,1,3,Y,NULL,Y,Y,707,707,752,N,NULL,55,16,0,N,,N,N,098-KY-1384-0,NULL,NULL,2020,C,7.26E+11,098-KY-1384  -000,HIGH,098-KY-1384  -000,7.018,0,0,1,0,0,0,1,0,0,0,0,0,0,1,DAC,0,1,,
72563573,980100,2.02E+11,20201111,1434,,KY1426,,,KY1426,KY1426,0,098 KY-1426,KY1426,N,N,NULL,NULL,NULL,N,NULL,NULL,NULL,NULL,NULL,NULL,7.498,NULL,NULL,NULL,NULL,,NULL,1,0,1,1,N,N,45,NULL,98,9801,NULL,,Y,37.49044,-82.50043,N,NULL,NULL,NULL,NULL,NULL,NULL,NULL,NULL,9,3,2,3,1,5,6,2,1,3,N,NULL,Y,Y,1434,1435,1506,N,NULL,70,,0,N,,N,N,098-KY-1426-0,NULL,NULL,2020,B,7.26E+11,098-KY-1426  -000,HIGH,098-KY-1426  -000,7.498,0,0,0,0,0,0,0,0,0,0,0,1,0,1,Non-DAC,0,1,,
72657860,980100,2.02E+11,20210808,1741,,CASSIDY,,BLVD,,,,,,N,N,NULL,NULL,NULL,N,NULL,NULL,NULL,NULL,NULL,NULL,0.24,NULL,NULL,NULL,NULL,,NULL,0,0,2,2,N,N,15,NULL,98,9801,NULL,,Y,37.50444,-82.5358,N,NULL,NULL,NULL,NULL,NULL,NULL,NULL,NULL,5,3,2,6,1,1,2,2,1,3,N,NULL,Y,N,1741,1743,1807,N,NULL,49,,,N,,N,N,,NULL,NULL,2021,O,7.27E+11,098-CS-1191  -000,LOW,098-CS-1191  -000,0.24,0,0,0,0,0,0,1,0,0,0,0,0,0,1,Non-DAC,0,1,,
72696679,980100,2.02E+11,20211113,1759,,LYKINS,,CRK,,,,,,N,N,NULL,NULL,NULL,N,NULL,NULL,NULL,NULL,NULL,NULL,0.24,NULL,NULL,NULL,NULL,,NULL,0,0,1,1,N,N,25,NULL,98,9801,NULL,,Y,37.50481,-82.54839,N,NULL,NULL,NULL,NULL,NULL,NULL,NULL,NULL,9,97,1,3,1,1,2,6,6,3,N,NULL,Y,N,1759,1810,,Y,NULL,40,,,N,,N,N,,NULL,NULL,2021,O,7.27E+11,098-CS-1249  -000,MEDIUM,098-CS-1249  -000,0.24,0,0,0,0,0,0,0,0,0,0,0,1,0,1,Non-DAC,0,1,,
72776620,980100,2.02E+11,20220621,1642,,US23 TURN LANE,,,US0023,US0023,0,098 US-23-21,US0023,N,N,NULL,NULL,NULL,N,NULL,NULL,NULL,NULL,NULL,NULL,0.01,NULL,NULL,NULL,NULL,,NULL,0,0,1,1,N,N,55,NULL,98,9801,NULL,,Y,37.50364,-82.53255,N,NULL,NULL,NULL,NULL,NULL,NULL,NULL,NULL,9,3,4,6,1,1,2,2,7,3,N,NULL,Y,N,1642,1643,1643,N,NULL,70,,1,N,,N,N,098-US-0023-21,NULL,NULL,2022,O,7.28E+11,098-US-0023  -021,HIGH,098-US-0023  -021,0.01,0,0,0,0,0,0,0,0,0,0,0,1,0,1,Non-DAC,1,0,195-0861,1
72746872,980100,2.02E+11,20220325,1927,,US23,,,US0023,US0023,0,098 US-23,US0023,N,Y,KY3496,,,N,NULL,NULL,NULL,NULL,NULL,NULL,23.062,NULL,NULL,NULL,NULL,,NULL,4,0,2,2,N,N,55,NULL,98,9801,NULL,,Y,37.46593,-82.52807,N,NULL,NULL,NULL,NULL,NULL,NULL,NULL,NULL,1,3,6,6,1,1,2,2,1,3,N,NULL,Y,Y,1927,1932,2012,N,NULL,10,,1,N,,N,N,098-US-0023-0,NULL,NULL,2022,B,7.27E+11,098-US-0023  -000,HIGH,098-US-0023  -000,23.062,0,0,0,1,0,0,1,1,0,1,1,0,0,1,DAC,0,1,,
72757878,370200,2022-164162,20220504,1601,,US23,,,US0023,US0023,0,098 US-23-10,US0023,N,N,NULL,NULL,NULL,N,NULL,NULL,NULL,NULL,NULL,NULL,18.456,NULL,NULL,NULL,NULL,,NULL,0,0,2,2,Y,N,55,NULL,98,9801,NULL,,Y,37.4352,-82.51292,N,NULL,NULL,NULL,NULL,NULL,NULL,NULL,NULL,8,3,4,5,1,1,2,2,7,3,N,NULL,Y,N,1601,1618,1644,N,NULL,53,,1,N,,N,N,098-US-0023-10,NULL,NULL,2022,O,7.28E+11,098-US-0023  -010,HIGH,098-US-0023  -000,18.456,0,1,0,0,0,0,0,0,0,0,0,1,0,1,Non-DAC,0,1,,
72528128,980100,2.02E+11,20200714,1955,,US119,,,US0119,US0119,0,098 US-119,US0119,N,N,NULL,NULL,NULL,N,NULL,NULL,NULL,NULL,NULL,NULL,2.705,NULL,NULL,NULL,NULL,,NULL,3,0,2,2,N,N,55,NULL,98,9801,NULL,,Y,37.51402,-82.48693,N,NULL,NULL,NULL,NULL,NULL,NULL,NULL,NULL,1,3,2,4,1,1,2,2,7,3,Y,NULL,Y,Y,1955,2000,2051,N,NULL,55,2,1,N,,N,N,098-US-0119-0,NULL,NULL,2020,C,7.25E+11,098-US-0119  -000,HIGH,098-US-0119  -000,2.705,0,0,0,0,0,0,1,0,0,0,0,0,0,1,DAC,1,0,195-0777,1
72797041,980100,2.02E+11,20220822,1309,,CASSIDY,,BLVD,,,0,098 CS-1191,CS1191,N,N,NULL,NULL,NULL,N,NULL,NULL,NULL,NULL,NULL,NULL,0.157,NULL,NULL,NULL,NULL,,NULL,0,0,2,2,Y,N,35,NULL,98,9801,NULL,,Y,37.50368,-82.53461,N,NULL,NULL,NULL,NULL,NULL,NULL,NULL,NULL,1,3,,3,1,1,3,2,7,3,N,NULL,Y,N,1310,1315,1315,N,NULL,55,,,N,,N,N,098-CS-1191-0,NULL,NULL,2022,O,7.28E+11,098-CS-1191  -000,HIGH,098-CS-1191  -000,0.157,0,0,1,0,0,0,0,1,0,0,0,0,0,1,Non-DAC,0,1,,
72696280,980100,2.02E+11,20211112,1530,,US23,,,US0023,US0023,0,098 US-23-10,US0023,N,N,NULL,NULL,NULL,N,NULL,NULL,NULL,NULL,NULL,NULL,31.99,NULL,NULL,NULL,NULL,,NULL,0,0,1,1,N,N,55,NULL,98,9801,NULL,,Y,37.53747,-82.6086,N,NULL,NULL,NULL,NULL,NULL,NULL,NULL,NULL,9,4,4,6,1,1,2,2,7,3,N,NULL,Y,N,1530,1531,1541,N,NULL,51,,1,N,,N,N,098-US-0023-10,NULL,NULL,2021,O,7.27E+11,098-US-0023  -010,HIGH,098-US-0023  -000,31.99,0,0,0,1,0,0,1,1,0,0,0,1,0,1,Non-DAC,0,1,,
72477167,980100,2.02E+11,20200216,1844,,US23,,,US0023,US0023,0,098 US-23,US0023,N,N,NULL,NULL,NULL,N,NULL,NULL,NULL,NULL,NULL,NULL,22.961,NULL,NULL,NULL,NULL,,NULL,0,0,2,2,N,N,55,NULL,98,9801,NULL,,Y,37.46554,-82.52631,N,NULL,NULL,NULL,NULL,NULL,NULL,NULL,NULL,8,3,4,6,1,1,2,7,1,3,N,NULL,Y,N,1844,1848,1848,N,NULL,53,,1,N,,N,N,098-US-0023-0,NULL,NULL,2020,O,7.25E+11,098-US-0023  -000,HIGH,098-US-0023  -000,22.961,0,0,1,0,0,0,0,1,0,0,0,1,0,1,DAC,0,1,,
72704180,980100,2.02E+11,20211201,,,HAMBLEY,,BLVD,,,0,098 CS-1222,CS1222,N,N,NULL,NULL,NULL,N,NULL,NULL,NULL,NULL,NULL,NULL,0.565,NULL,NULL,NULL,NULL,,NULL,0,0,2,2,Y,N,35,NULL,98,9801,NULL,,Y,37.47923,-82.51977,N,NULL,NULL,NULL,NULL,NULL,NULL,NULL,NULL,8,7,,6,1,1,2,3,1,3,N,NULL,Y,N,919,919,919,N,NULL,47,,,N,,N,N,098-CS-1222-0,NULL,NULL,2021,O,7.27E+11,098-CS-1222  -000,HIGH,098-CS-1222  -000,0.565,0,0,0,0,0,0,1,0,0,0,0,0,0,1,DAC,1,0,195-2107,1
72594989,980100,2.02E+11,20210216,758,,US23,,,US0023,US0023,0,098 US-23,US0023,N,N,NULL,NULL,NULL,N,NULL,NULL,NULL,NULL,NULL,NULL,23.704,NULL,NULL,NULL,NULL,,NULL,0,0,2,1,N,N,55,NULL,98,9801,NULL,,Y,37.47272,-82.53463,N,NULL,NULL,NULL,NULL,NULL,NULL,NULL,NULL,5,5,4,6,1,2,3,2,7,3,N,NULL,Y,N,758,758,800,N,NULL,47,,1,N,,N,N,098-US-0023-0,NULL,NULL,2021,O,7.26E+11,098-US-0023  -000,HIGH,098-US-0023  -000,23.704,0,0,0,0,0,0,0,0,0,0,0,1,0,1,DAC,0,1,,
72673968,980100,2.02E+11,20210922,1614,,BAIRD,,AVE,KY1426,KY1426,0,098 KY-1426,KY1426,N,N,NULL,NULL,NULL,N,NULL,NULL,NULL,NULL,NULL,NULL,5.393,NULL,NULL,NULL,NULL,,NULL,0,0,2,2,N,N,35,NULL,98,9801,NULL,,Y,37.4733,-82.52711,N,NULL,NULL,NULL,NULL,NULL,NULL,NULL,NULL,4,3,2,6,1,1,3,2,7,3,N,NULL,Y,N,1614,1614,1615,N,NULL,70,,0,N,,N,N,098-KY-1426-0,NULL,NULL,2021,O,7.27E+11,098-KY-1426  -000,HIGH,098-KY-1426  -000,5.393,0,0,0,0,0,0,0,1,0,0,0,0,0,1,DAC,1,0,195-1174,1
72588626,980100,2.02E+11,20210127,1900,,SMITH,,ST,,,,,,N,N,NULL,NULL,NULL,N,NULL,NULL,NULL,NULL,NULL,NULL,0.031,NULL,NULL,NULL,NULL,,NULL,0,0,2,2,N,N,5,NULL,98,9801,NULL,,Y,37.4833,-82.52187,N,NULL,NULL,NULL,NULL,NULL,NULL,NULL,NULL,2,3,1,6,1,5,9,5,6,3,N,NULL,Y,N,1900,1904,,N,NULL,47,,,N,,N,N,,NULL,NULL,2021,O,7.26E+11,098-CS-1163  -000,MEDIUM,098-CS-1163  -000,0.031,0,0,0,0,0,0,0,0,0,0,0,0,0,1,DAC,0,1,,
72563647,980100,2.02E+11,20201028,1730,,JULIUS,,AVE,,,,,,N,N,NULL,NULL,NULL,N,NULL,NULL,NULL,NULL,NULL,NULL,0.158,NULL,NULL,NULL,NULL,,NULL,0,0,2,2,Y,N,15,NULL,98,9801,NULL,,Y,37.4783,-82.52367,N,NULL,NULL,NULL,NULL,NULL,NULL,NULL,NULL,3,3,1,4,1,1,2,2,6,3,N,NULL,Y,N,1723,1726,1726,N,NULL,47,,,Y,,N,N,,NULL,NULL,2020,O,7.26E+11,098-CS-1156  -000,MEDIUM,098-CS-1156  -000,0.158,0,0,1,0,0,0,1,0,0,0,0,0,0,1,DAC,0,1,,
72719723,980100,2.02E+11,20220110,503,,CLEVENGER,,ST,,,0,098 CS-1154,CS1154,N,N,NULL,NULL,NULL,N,NULL,NULL,NULL,NULL,NULL,NULL,0.018,NULL,NULL,NULL,NULL,,NULL,0,0,2,2,N,N,15,NULL,98,9801,NULL,,Y,37.47576,-82.52415,N,NULL,NULL,NULL,NULL,NULL,NULL,NULL,NULL,3,3,1,5,1,2,3,5,6,3,N,NULL,Y,N,503,507,629,N,NULL,47,,,N,,N,N,098-CS-1154-0,NULL,NULL,2022,O,7.27E+11,098-CS-1154  -000,HIGH,098-CS-1154  -000,0.018,0,0,0,0,0,0,0,0,0,0,0,0,0,1,DAC,1,0,195-1149,1
72686339,980100,2.02E+11,20211022,1143,,HAMBLEY,,BLVD,,,0,098 CS-1222,CS1222,N,N,NULL,NULL,NULL,N,NULL,NULL,NULL,NULL,NULL,NULL,0.029,NULL,NULL,NULL,NULL,,NULL,0,0,2,2,N,N,35,NULL,98,9801,NULL,,Y,37.47417,-82.52684,N,NULL,NULL,NULL,NULL,NULL,NULL,NULL,NULL,1,3,3,6,1,1,2,2,7,3,N,NULL,Y,N,1144,1144,1145,N,NULL,55,,,N,,N,N,098-CS-1222-0,NULL,NULL,2021,O,7.27E+11,098-CS-1222  -000,HIGH,098-CS-1222  -000,0.029,0,0,0,0,0,0,1,0,0,0,0,0,0,1,DAC,1,0,195-1167,1
72503647,980100,2.02E+11,20200522,1336,,US23,,,US0023,US0023,0,098 US-23,US0023,N,N,NULL,NULL,NULL,N,NULL,NULL,NULL,NULL,NULL,NULL,22.935,NULL,NULL,NULL,NULL,,NULL,0,0,2,2,N,N,55,NULL,98,9801,NULL,,Y,37.46545,-82.52586,N,NULL,NULL,NULL,NULL,NULL,NULL,NULL,NULL,5,3,4,6,1,5,3,2,7,3,N,NULL,Y,N,1336,1341,1341,N,NULL,49,,1,N,,N,N,098-US-0023-0,NULL,NULL,2020,O,7.25E+11,098-US-0023  -000,HIGH,098-US-0023  -000,22.935,0,0,0,0,0,0,1,0,0,0,0,0,0,1,DAC,0,1,,
72747991,KSP0900,22-124790,20220406,1945,,KY3417,,,KY3417,KY3417,,,,N,N,NULL,NULL,NULL,N,NULL,NULL,NULL,NULL,NULL,NULL,0.376,NULL,NULL,NULL,NULL,,NULL,1,0,1,1,N,N,35,NULL,98,9801,NULL,,Y,37.46671,-82.5582,N,NULL,NULL,NULL,NULL,NULL,NULL,NULL,NULL,9,3,2,1,1,5,6,6,7,3,N,NULL,Y,Y,1945,1955,2030,N,NULL,70,17,0,N,,N,N,,NULL,NULL,2022,C,7.27E+11,098-KY-3417  -000,HIGH,098-KY-3417  -000,0.376,0,0,1,0,0,0,0,1,0,0,0,1,0,1,Non-DAC,0,1,,
72587774,980100,2.02E+11,20210125,1009,,DESKINS,,DR,,,0,098 PR-1331,PR1331,N,N,NULL,NULL,NULL,N,NULL,NULL,NULL,NULL,NULL,NULL,0.01,NULL,NULL,NULL,NULL,,NULL,0,0,2,2,N,N,15,NULL,98,9801,0.1,W,N,37.53725,-82.60505,N,NULL,NULL,NULL,NULL,NULL,NULL,NULL,NULL,5,3,2,6,1,5,6,2,7,3,N,NULL,N,N,1009,1024,1024,N,NULL,49,,,N,,N,N,098-PR-1331-0,NULL,NULL,2021,O,7.26E+11,098-PR-1331  -000,HIGH,098-PR-1331  -000,0.01,0,0,0,0,0,0,1,1,0,0,0,0,0,1,Non-DAC,1,0,195-0615,1
72472582,980100,2.02E+11,20200123,123,,KY1460,,,KY1460,KY1460,0,098 KY-1460,KY1460,N,N,NULL,NULL,NULL,N,NULL,NULL,NULL,NULL,NULL,NULL,7.075,NULL,NULL,NULL,NULL,,NULL,0,0,1,1,N,N,45,NULL,98,9801,NULL,,Y,37.48635,-82.54296,N,NULL,NULL,NULL,NULL,NULL,NULL,NULL,NULL,9,3,2,6,1,1,2,4,1,3,N,NULL,Y,N,123,127,,N,NULL,38,16,0,N,,N,N,098-KY-1460-0,NULL,NULL,2020,O,7.25E+11,098-KY-1460  -000,HIGH,098-KY-1460  -000,7.075,0,0,0,0,0,0,0,0,0,0,0,0,0,1,Non-DAC,1,0,195-0957,1