MasterFile,AgencyORINumber,LocalCode,CollisionDate,CollisionTime,CollisionDayWeekCode,RoadwayName,RoadwayName_Direction_,RoadwayName_RoadwaySuffix_,RoadwayfromReport,CurrentRoadwayNumber,RoadwayNumberCoupletID,RSEUniqueGIS,RoadwayIdentifier,ParkingLotIndicator,IntersectionWith_Indicator_,IntersectionWith_NameRoadway_,IntersectionWith_Direction_,IntersectionWith_RoadwaySuffix_,BetweenStreets_Indicator_,BetweenStreets1_NameRoadway_,BetweenStreet1_Direction_,BetweenStreets1_RoadwaySuffix_,BetweenStreets2_NameRoadway_,BetweenStreets2_Direction_,BetweenStreets2_RoadwaySuffix_,Milepoint,ReportMilepointDeriveNumber,CurrentDerivedMiepointNumber,MilestoMilepoint,FeettoMilepoint,DirectionfromMilepoint_NSEW_,ValidMilepointIndicator,NumberInjured,NumberKilled,ofUnits,ofMotorVehicleUnits,Hit&RunIndicator,OneWayIndicator,SpeedLimitNumber,KilometersIndicator,CountyCode,CityCountyCode,MilesFromCity,DirectionFromCity_NSEW_,InCityLimitsIndicator,Latitude,Longitude,RampIndicator,RampFromIdentifier,RampFromDirCode,RampFromCoupletID,RSEUniqueGISRampFrom,RampToidentifier,RampToDirCode,RampToCoupletID,RSEUniqueGisRampTo,MannerofCollisionCode,LocationFirstEventCode,TotalLanes,RoadwayCharacterCode,RoadwaySurfaceCode,RoadwayConditionCode,WeatherCode,LightConditionCode,LandUseCode,SchoolBusRelatedCode,FirstAidSceneIndicator,CollDescPresentInd,InvestigationCompleteIndicator,PhotosTakenIndicator,TimeNotified,TimeArrived,TimeRoadwayOpened,PropertyDamageIndicator,DiagramPresentIndicator,DirectionalAnalysis,FunctionClassCode,NationalHwySysCode,EnforcementsIndicator,KARSCityCode,SecondaryCollisionIndicator,MedianCrossoverIndicator,RT_UNIQUE,MapIt,TimeLastLeft,YR,KABCO,MFNY,WorkingRID,RT_CONFIDENCE,KTC_RT,KTC_MP,Motorcyclist,Commercial Vehicle,Young Driver,Mature Driver,Pedestrian,Bicyclist,Distracted,Aggressive,Impaired,Unrestrained,Intersection,Roadway Departure,Median Cross-over,CityCrash,DACid,Intersection Crash,Segment Crash,Int_ID,CityIntersection
72633922,980100,2.02E+11,20210607,1853,,US23 TURN LANE,,,US0023,US0023,0,098 US-23-21,US0023,N,Y,CASSIDY,,BLVD,N,NULL,NULL,NULL,NULL,NULL,NULL,0.031,NULL,NULL,NULL,NULL,,NULL,0,0,1,1,N,N,55,NULL,98,9801,NULL,,Y,37.50339,-82.53235,N,NULL,NULL,NULL,NULL,NULL,NULL,NULL,NULL,9,3,4,6,1,5,3,2,7,3,N,NULL,Y,N,1853,1857,,Y,NULL,35,,1,N,,N,N,098-US-0023-21,NULL,NULL,2021,O,7.26E+11,098-US-0023  -021,HIGH,098-US-0023  -021,0.031,0,0,0,0,0,0,0,0,0,0,1,0,0,1,Non-DAC,1,0,195-0861,1
72475639,980100,2.02E+11,20200206,1833,,KY1460,,,KY1460,KY1460,0,098 KY-1460,KY1460,N,N,NULL,NULL,NULL,N,NULL,NULL,NULL,NULL,NULL,NULL,6.699,NULL,NULL,NULL,NULL,,NULL,0,0,2,2,N,N,45,NULL,98,9801,NULL,,Y,37.48363,-82.53923,N,NULL,NULL,NULL,NULL,NULL,NULL,NULL,NULL,1,3,2,6,1,5,3,4,1,3,N,NULL,Y,N,1833,1839,,N,NULL,55,16,0,N,,N,N,098-KY-1460-0,NULL,NULL,2020,O,7.25E+11,098-KY-1460  -000,HIGH,098-KY-1460  -000,6.699,0,0,0,0,0,0,1,0,0,0,0,0,0,1,Non-DAC,0,1,,
72687351,980100,2.02E+11,20211025,1239,,US23,,,US0023,US0023,0,098 US-23,US0023,N,N,NULL,NULL,NULL,N,NULL,NULL,NULL,NULL,NULL,NULL,23.054,NULL,NULL,NULL,NULL,,NULL,0,0,3,3,N,N,55,NULL,98,9801,NULL,,Y,37.46593,-82.52791,N,NULL,NULL,NULL,NULL,NULL,NULL,NULL,NULL,5,3,4,6,1,5,6,2,1,3,N,NULL,Y,N,1240,1248,1318,N,NULL,49,,1,N,,N,N,098-US-0023-0,NULL,NULL,2021,O,7.27E+11,098-US-0023  -000,HIGH,098-US-0023  -000,23.054,0,0,1,0,0,0,1,0,0,0,0,0,0,1,DAC,0,1,,
72613448,980100,2.02E+11,20210405,1545,,KY1426,,,KY1426,KY1426,0,098 KY-1426,KY1426,N,Y,NORTHGATE,,DR,N,NULL,NULL,NULL,NULL,NULL,NULL,6.925,NULL,NULL,NULL,NULL,,NULL,2,0,2,2,N,N,45,NULL,98,9801,NULL,,Y,37.48621,-82.50909,N,NULL,NULL,NULL,NULL,NULL,NULL,NULL,NULL,4,3,2,4,1,1,2,2,1,3,Y,NULL,Y,Y,1546,1548,1621,N,NULL,16,,0,N,,N,N,098-KY-1426-0,NULL,NULL,2021,C,7.26E+11,098-KY-1426  -000,HIGH,098-KY-1426  -000,6.925,0,0,0,1,0,0,0,1,0,0,1,0,0,1,Non-DAC,1,0,195-0950,1
72602222,980100,2.02E+11,20210305,1359,,BYPASS ROAD,,,,,,,,N,N,NULL,NULL,NULL,N,NULL,NULL,NULL,NULL,NULL,NULL,,NULL,NULL,NULL,NULL,NULL,NULL,0,0,2,2,Y,N,15,NULL,98,9801,NULL,,Y,37.47215,-82.52272,N,NULL,NULL,NULL,NULL,NULL,NULL,NULL,NULL,2,97,2,6,2,1,2,2,1,3,N,NULL,Y,N,1359,1411,1411,N,NULL,47,,,N,,N,N,,NULL,NULL,2021,O,7.26E+11,098-CS-1223  -000,MEDIUM,098-CS-1223  -000,0.041,0,0,0,0,0,0,1,0,0,0,0,0,0,1,Non-DAC,0,1,,
72673859,980100,2.02E+11,20210922,1341,,CHLOE,,RD,KY1460,KY1460,0,098 KY-1460,KY1460,N,N,NULL,NULL,NULL,N,NULL,NULL,NULL,NULL,NULL,NULL,3.413,NULL,NULL,NULL,NULL,,NULL,0,0,1,1,N,N,35,NULL,98,9801,NULL,,Y,37.47503,-82.48726,N,NULL,NULL,NULL,NULL,NULL,NULL,NULL,NULL,9,5,2,2,1,5,6,2,7,3,N,NULL,Y,N,1341,1347,1414,N,NULL,44,,0,N,,N,N,098-KY-1460-0,NULL,NULL,2021,O,7.27E+11,098-KY-1460  -000,HIGH,098-KY-1460  -000,3.413,0,0,0,0,0,0,0,0,0,0,0,1,0,1,Non-DAC,0,1,,
72693091,980100,2.02E+11,20211105,936,,CEDAR HILLS,,DR,KY3417,KY3417,0,098 KY-3417,KY3417,N,N,NULL,NULL,NULL,N,NULL,NULL,NULL,NULL,NULL,NULL,0.648,NULL,NULL,NULL,NULL,,NULL,0,0,1,1,N,N,35,NULL,98,9801,NULL,,Y,37.47072,-82.55771,N,NULL,NULL,NULL,NULL,NULL,NULL,NULL,NULL,9,4,2,4,1,1,2,2,6,3,N,NULL,Y,N,936,943,1017,Y,NULL,40,17,0,Y,,N,N,098-KY-3417-0,NULL,NULL,2021,O,7.27E+11,098-KY-3417  -000,HIGH,098-KY-3417  -000,0.648,0,0,0,0,0,0,1,0,1,1,0,1,0,1,Non-DAC,1,0,195-1199,1
72607172,980100,2.02E+11,20210325,2046,,CASSIDY,,BLVD,,,,,,N,N,NULL,NULL,NULL,N,NULL,NULL,NULL,NULL,NULL,NULL,0.235,NULL,NULL,NULL,NULL,,NULL,0,0,2,2,Y,N,25,NULL,98,9801,NULL,,Y,37.50438,-82.53573,N,NULL,NULL,NULL,NULL,NULL,NULL,NULL,NULL,1,3,4,6,1,5,3,5,1,3,N,NULL,Y,N,2046,2051,,N,NULL,55,,,N,,N,N,,NULL,NULL,2021,O,7.26E+11,098-CS-1191  -000,LOW,098-CS-1191  -000,0.235,0,0,0,0,0,0,1,1,0,0,0,0,0,1,Non-DAC,0,1,,
72726666,980100,2.02E+11,20220118,1559,,US23,,,US0023,US0023,0,098 US-23,US0023,N,N,NULL,NULL,NULL,N,NULL,NULL,NULL,NULL,NULL,NULL,21.475,NULL,NULL,NULL,NULL,,NULL,0,0,2,2,N,N,55,NULL,98,9801,NULL,,Y,37.45152,-82.52367,N,NULL,NULL,NULL,NULL,NULL,NULL,NULL,NULL,5,3,4,6,1,1,2,2,1,3,N,NULL,Y,N,1559,1604,,N,NULL,49,,1,N,,N,N,098-US-0023-0,NULL,NULL,2022,O,7.27E+11,098-US-0023  -000,HIGH,098-US-0023  -000,21.475,0,0,0,0,0,0,1,0,0,0,0,0,0,1,Non-DAC,1,0,195-1274,1
72744590,980100,2.02E+11,20220325,1737,,THOMPSON,,RD,,,0,098 CS-1215,CS1215,N,N,NULL,NULL,NULL,N,NULL,NULL,NULL,NULL,NULL,NULL,0.646,NULL,NULL,NULL,NULL,,NULL,0,0,2,2,N,N,35,NULL,98,9801,NULL,,Y,37.50528,-82.5412,N,NULL,NULL,NULL,NULL,NULL,NULL,NULL,NULL,1,3,2,6,1,1,3,2,7,3,N,NULL,Y,N,1737,1747,1747,N,NULL,55,,,N,,N,N,098-CS-1215-0,NULL,NULL,2022,O,7.27E+11,098-CS-1215  -000,HIGH,098-CS-1215  -000,0.646,0,0,0,1,0,0,1,1,0,0,0,0,0,1,Non-DAC,0,1,,
72810386,980100,2.02E+11,20220924,1910,,KY1426,,,KY1426,KY1426,0,098 KY-1426,KY1426,N,N,NULL,NULL,NULL,N,NULL,NULL,NULL,NULL,NULL,NULL,8.124,NULL,NULL,NULL,NULL,,NULL,0,0,1,1,N,N,55,NULL,98,9801,NULL,,Y,37.49295,-82.49094,N,NULL,NULL,NULL,NULL,NULL,NULL,NULL,NULL,9,3,2,1,1,5,3,1,7,3,Y,NULL,Y,N,1910,1912,1944,N,NULL,40,,0,N,,N,N,098-KY-1426-0,NULL,NULL,2022,O,7.28E+11,098-KY-1426  -000,HIGH,098-KY-1426  -000,8.124,0,0,1,0,0,0,1,0,0,0,0,1,0,1,Non-DAC,0,1,,
72470412,980100,2.02E+11,20200131,1757,,US23,,,US0023,US0023,0,098 US-23,US0023,N,N,NULL,NULL,NULL,N,NULL,NULL,NULL,NULL,NULL,NULL,23.057,NULL,NULL,NULL,NULL,,NULL,0,0,2,2,N,N,55,NULL,98,9801,NULL,,Y,37.46585,-82.52814,N,NULL,NULL,NULL,NULL,NULL,NULL,NULL,NULL,1,3,4,6,1,5,3,5,1,3,N,NULL,Y,Y,1757,1805,1851,N,NULL,55,,1,N,,N,N,098-US-0023-0,NULL,NULL,2020,O,7.25E+11,098-US-0023  -000,HIGH,098-US-0023  -000,23.057,0,0,0,1,0,0,0,1,0,0,0,0,0,1,DAC,0,1,,
72686859,KSP0900,21-432175,20211020,1028,,KY3218,,,KY3218,KY3218,0,098 KY-3218,KY3218,N,N,NULL,NULL,NULL,N,NULL,NULL,NULL,NULL,NULL,NULL,3.035,NULL,NULL,NULL,NULL,,NULL,0,0,1,1,N,N,55,NULL,98,9801,NULL,,Y,37.5597,-82.55919,N,NULL,NULL,NULL,NULL,NULL,NULL,NULL,NULL,9,3,2,2,1,1,2,2,7,3,N,NULL,Y,N,1028,1101,1135,N,NULL,44,8,0,N,,N,N,098-KY-3218-0,NULL,NULL,2021,O,7.27E+11,098-KY-3218  -000,HIGH,098-KY-3218  -000,3.035,0,0,0,0,0,0,0,0,0,0,0,1,0,1,Non-DAC,0,1,,
72713365,980100,2.02E+11,20211224,1817,,US23,,,US0023,US0023,,,,N,N,NULL,NULL,NULL,N,NULL,NULL,NULL,NULL,NULL,NULL,0.181,NULL,NULL,NULL,NULL,NULL,NULL,0,0,2,2,N,N,55,NULL,98,9801,NULL,,Y,37.48003,-82.54353,N,US0023,S,NULL,098 US-23-231,KY1384,,NULL,098 US-23-231,8,3,4,6,1,1,2,5,7,3,N,NULL,Y,N,1817,1821,,N,NULL,53,,1,N,,N,N,,NULL,NULL,2021,O,7.27E+11,098-US-0023  -231,HIGH,098-US-0023  -231,0.181,0,0,0,0,0,0,0,0,0,0,0,1,0,1,Non-DAC,0,1,,
72731054,980100,2.02E+11,20220214,903,,US23,,,US0023,US0023,0,098 US-23,US0023,N,N,NULL,NULL,NULL,N,NULL,NULL,NULL,NULL,NULL,NULL,31.592,NULL,NULL,NULL,NULL,,NULL,0,0,3,3,N,N,55,NULL,98,9801,NULL,,Y,37.53695,-82.60141,N,NULL,NULL,NULL,NULL,NULL,NULL,NULL,NULL,5,3,4,6,1,1,3,2,7,3,N,NULL,Y,N,903,916,,N,NULL,49,,1,N,,N,N,098-US-0023-0,NULL,NULL,2022,O,7.27E+11,098-US-0023  -000,HIGH,098-US-0023  -000,31.592,0,0,0,1,0,0,0,0,0,0,0,0,0,1,Non-DAC,1,0,195-0620,1
72756547,KSP0900,22-00152534,20220426,1405,,US23,,,US0023,US0023,0,098 US-23-10,US0023,N,N,NULL,NULL,NULL,N,NULL,NULL,NULL,NULL,NULL,NULL,30.256,NULL,NULL,NULL,NULL,,NULL,0,0,2,2,N,N,55,NULL,98,9801,NULL,,Y,37.54016,-82.58202,N,NULL,NULL,NULL,NULL,NULL,NULL,NULL,NULL,8,3,4,6,1,1,3,2,7,3,N,NULL,Y,N,1410,1410,1410,N,NULL,53,,1,N,,N,N,098-US-0023-10,NULL,NULL,2022,O,7.28E+11,098-US-0023  -010,HIGH,098-US-0023  -000,30.256,0,0,0,1,0,0,1,0,0,0,0,1,0,1,Non-DAC,0,1,,
72657769,980100,2.02E+11,20210809,1534,,CASSIDY,,BLVD,,,0,098 CS-1191,CS1191,N,N,NULL,NULL,NULL,N,NULL,NULL,NULL,NULL,NULL,NULL,0.293,NULL,NULL,NULL,NULL,,NULL,0,0,2,2,N,N,15,NULL,98,9801,NULL,,Y,37.50641,-82.53716,N,NULL,NULL,NULL,NULL,NULL,NULL,NULL,NULL,1,97,2,6,1,1,2,2,1,3,N,NULL,Y,N,1534,1548,1600,N,NULL,55,,,N,,N,N,098-CS-1191-0,NULL,NULL,2021,O,7.27E+11,098-CS-1191  -000,HIGH,098-CS-1191  -000,0.293,0,0,1,0,0,0,1,0,0,0,0,0,0,1,Non-DAC,0,1,,
72665445,KSP0900,2021-353268,20210824,1754,,CHLOE,,RD,KY1460,KY1460,0,098 KY-1460,KY1460,N,N,NULL,NULL,NULL,N,NULL,NULL,NULL,NULL,NULL,NULL,3.122,NULL,NULL,NULL,NULL,,NULL,1,0,1,1,N,N,35,NULL,98,9801,NULL,,Y,37.47277,-82.48302,N,NULL,NULL,NULL,NULL,NULL,NULL,NULL,NULL,9,3,2,6,1,1,2,2,7,3,N,NULL,Y,Y,1754,1754,1754,N,NULL,70,,0,N,,N,N,098-KY-1460-0,NULL,NULL,2021,B,7.27E+11,098-KY-1460  -000,HIGH,098-KY-1460  -000,3.122,0,0,0,0,0,0,0,0,0,0,0,1,0,1,Non-DAC,0,1,,
72773708,980100,2.02E+11,20220616,1556,,US119,,,US0119,US0119,0,098 US-119-10,US0119,N,N,NULL,NULL,NULL,N,NULL,NULL,NULL,NULL,NULL,NULL,0.055,NULL,NULL,NULL,NULL,,NULL,0,0,2,2,N,N,55,NULL,98,9801,NULL,,Y,37.50398,-82.53107,N,NULL,NULL,NULL,NULL,NULL,NULL,NULL,NULL,5,3,4,6,1,1,2,2,7,3,N,NULL,Y,N,1556,1604,,N,NULL,40,2,1,N,,N,N,098-US-0119-10,NULL,NULL,2022,O,7.28E+11,098-US-0119  -010,HIGH,098-US-0119  -000,0.055,0,0,1,0,0,0,0,0,0,0,0,1,0,1,Non-DAC,1,0,195-0861,1
72665009,980100,2.02E+11,20210831,530,,US23,,,US0023,US0023,0,098 US-23,US0023,N,N,NULL,NULL,NULL,N,NULL,NULL,NULL,NULL,NULL,NULL,32.774,NULL,NULL,NULL,NULL,,NULL,0,0,1,1,N,N,55,NULL,98,9801,NULL,,Y,37.5314,-82.6199,N,NULL,NULL,NULL,NULL,NULL,NULL,NULL,NULL,9,3,4,6,1,1,2,4,7,3,N,NULL,Y,N,600,612,612,N,NULL,38,,1,N,,N,N,098-US-0023-0,NULL,NULL,2021,O,7.27E+11,098-US-0023  -000,HIGH,098-US-0023  -000,32.774,0,0,0,0,0,0,0,0,0,0,0,0,0,1,Non-DAC,1,0,195-0668,1
72710520,980100,2.02E+11,20211217,1521,,US23,,,US0023,US0023,0,098 US-23-10,US0023,N,N,NULL,NULL,NULL,N,NULL,NULL,NULL,NULL,NULL,NULL,29.827,NULL,NULL,NULL,NULL,,NULL,0,0,2,2,N,N,55,NULL,98,9801,NULL,,Y,37.53458,-82.5786,N,NULL,NULL,NULL,NULL,NULL,NULL,NULL,NULL,8,3,4,6,1,5,6,2,7,3,N,NULL,Y,N,1521,1536,,Y,NULL,53,,1,N,,N,N,098-US-0023-10,NULL,NULL,2021,O,7.27E+11,098-US-0023  -010,HIGH,098-US-0023  -000,29.827,0,0,0,1,0,0,0,0,0,0,0,1,0,1,Non-DAC,0,1,,
72538163,KSP0900,20-676698,20200901,159,,KY1426,,,KY1426,KY1426,0,098 KY-1426,KY1426,N,N,NULL,NULL,NULL,N,NULL,NULL,NULL,NULL,NULL,NULL,7.856,NULL,NULL,NULL,NULL,,NULL,0,0,2,2,N,N,55,NULL,98,9801,NULL,,Y,37.49032,-82.49413,N,NULL,NULL,NULL,NULL,NULL,NULL,NULL,NULL,1,97,2,1,1,5,3,4,6,3,N,NULL,Y,N,203,210,,N,NULL,47,,0,N,,N,N,098-KY-1426-0,NULL,NULL,2020,O,7.25E+11,098-KY-1426  -000,HIGH,098-KY-1426  -000,7.856,0,0,0,1,0,0,0,0,0,0,0,1,0,1,Non-DAC,1,0,195-0927,1
72851141,980100,2.02E+11,20230105,1702,,US23,,,US0023,US0023,0,098 US-23-10,US0023,N,N,NULL,NULL,NULL,N,NULL,NULL,NULL,NULL,NULL,NULL,26.343,NULL,NULL,NULL,NULL,,NULL,0,0,2,2,N,N,55,NULL,98,9801,NULL,,Y,37.50448,-82.53245,N,NULL,NULL,NULL,NULL,NULL,NULL,NULL,NULL,5,3,4,6,1,1,2,2,7,3,N,NULL,N,N,1702,1706,1717,N,NULL,70,,1,N,,N,N,098-US-0023-10,NULL,NULL,2023,O,7.29E+11,098-US-0023  -010,HIGH,098-US-0023  -000,26.279,0,0,1,1,0,0,0,0,0,0,0,0,0,1,Non-DAC,0,1,,
72508394,980100,2.02E+11,20200604,2016,,HAROLDS BRANCH,,RD,,,0,098 CS-1223,CS1223,N,N,NULL,NULL,NULL,N,NULL,NULL,NULL,NULL,NULL,NULL,0.177,NULL,NULL,NULL,NULL,,NULL,0,0,2,2,N,N,35,NULL,98,9801,NULL,,Y,37.4706,-82.5211,N,NULL,NULL,NULL,NULL,NULL,NULL,NULL,NULL,7,3,1,3,1,1,2,2,6,3,N,NULL,Y,N,2018,2022,2042,N,NULL,54,,,N,,N,N,098-CS-1223-0,NULL,NULL,2020,O,7.25E+11,098-CS-1223  -000,HIGH,098-CS-1223  -000,0.177,0,0,0,1,0,0,0,0,0,0,0,1,0,1,Non-DAC,0,1,,
72634890,KSP0900,2021-237086,20210610,18,,US23,,,US0023,US0023,0,098 US-23,US0023,N,N,NULL,NULL,NULL,N,NULL,NULL,NULL,NULL,NULL,NULL,23.555,NULL,NULL,NULL,NULL,,NULL,1,0,1,1,N,N,55,NULL,98,9801,NULL,,Y,37.47074,-82.53362,N,NULL,NULL,NULL,NULL,NULL,NULL,NULL,NULL,9,3,4,3,1,5,6,5,3,3,Y,NULL,N,Y,18,30,,N,NULL,40,,1,N,,N,N,098-US-0023-0,NULL,NULL,2021,C,7.26E+11,098-US-0023  -000,HIGH,098-US-0023  -000,23.555,0,0,0,0,0,0,0,1,0,1,0,1,0,1,DAC,0,1,,
72507536,980100,2.02E+11,20200604,1443,,KY3496,,,KY3496,KY3496,,,,N,N,NULL,NULL,NULL,N,NULL,NULL,NULL,NULL,NULL,NULL,0.605,NULL,NULL,NULL,NULL,,NULL,0,0,2,2,N,N,35,NULL,98,9801,NULL,,Y,37.47143,-82.53298,N,NULL,NULL,NULL,NULL,NULL,NULL,NULL,NULL,5,3,2,6,1,1,2,2,1,3,N,NULL,Y,N,1443,1444,,N,NULL,49,16,0,N,,N,N,,NULL,NULL,2020,O,7.25E+11,098-KY-3496  -000,HIGH,098-KY-3496  -000,0.605,0,0,1,0,0,0,0,1,0,0,0,0,0,1,DAC,1,0,195-1191,1
72654720,980100,2.02E+11,20210803,1518,,US23,,,US0023,US0023,0,098 US-23-10,US0023,N,N,NULL,NULL,NULL,N,NULL,NULL,NULL,NULL,NULL,NULL,25.595,NULL,NULL,NULL,NULL,,NULL,0,0,2,2,N,N,55,NULL,98,9801,NULL,,Y,37.49426,-82.53258,N,NULL,NULL,NULL,NULL,NULL,NULL,NULL,NULL,8,3,4,6,1,1,2,2,7,3,N,NULL,Y,N,1518,1523,1523,N,NULL,53,,1,N,,N,N,098-US-0023-10,NULL,NULL,2021,O,7.27E+11,098-US-0023  -010,HIGH,098-US-0023  -000,25.595,0,1,0,1,0,0,1,0,0,0,0,1,0,1,Non-DAC,0,1,,
72530884,980100,2.02E+11,20200809,1819,,US23,,,US0023,US0023,0,098 US-23,US0023,N,N,NULL,NULL,NULL,N,NULL,NULL,NULL,NULL,NULL,NULL,27.324,NULL,NULL,NULL,NULL,,NULL,0,0,2,2,N,N,55,NULL,98,9801,NULL,,Y,37.51072,-82.54772,N,NULL,NULL,NULL,NULL,NULL,NULL,NULL,NULL,5,3,4,6,1,1,2,2,1,3,N,NULL,Y,N,1820,1833,1833,N,NULL,49,,1,N,,N,N,098-US-0023-0,NULL,NULL,2020,O,7.25E+11,098-US-0023  -000,HIGH,098-US-0023  -000,27.324,0,0,1,0,0,0,0,0,0,0,0,0,0,1,Non-DAC,1,0,195-0812,1
72707044,980100,2.02E+11,20211209,1104,,US23,,,US0023,US0023,0,098 US-23,US0023,N,N,NULL,NULL,NULL,N,NULL,NULL,NULL,NULL,NULL,NULL,26.28,NULL,NULL,NULL,NULL,,NULL,0,0,2,2,N,N,55,NULL,98,9801,NULL,,Y,37.50362,-82.53214,N,NULL,NULL,NULL,NULL,NULL,NULL,NULL,NULL,5,3,4,6,1,1,2,2,7,3,N,NULL,Y,N,1106,1114,1123,N,NULL,70,,1,Y,,N,N,098-US-0023-0,NULL,NULL,2021,O,7.27E+11,098-US-0023  -000,HIGH,098-US-0023  -000,26.28,0,0,0,1,0,0,0,0,0,0,0,0,0,1,Non-DAC,0,1,,
72675691,980100,2.02E+11,20210922,2029,,US23,,,US0023,US0023,,,,N,N,NULL,NULL,NULL,N,NULL,NULL,NULL,NULL,NULL,NULL,23.06,NULL,NULL,NULL,NULL,,NULL,0,0,2,2,N,N,55,NULL,98,9801,NULL,,Y,37.46582,-82.52808,N,NULL,NULL,NULL,NULL,NULL,NULL,NULL,NULL,4,3,4,6,1,5,3,6,1,3,N,NULL,Y,N,2029,2032,2106,N,NULL,70,,1,N,,N,N,,NULL,NULL,2021,O,7.27E+11,098-US-0023  -010,MEDIUM,098-US-0023  -000,23.06,0,0,0,0,0,0,1,0,0,0,0,0,0,1,DAC,0,1,,
72786660,980100,2.02E+11,20220725,1637,,MAYO,S,TRL,US0023,US0023,0,098 US-23-10,US0023,N,N,NULL,NULL,NULL,N,NULL,NULL,NULL,NULL,NULL,NULL,23.063,NULL,NULL,NULL,NULL,,NULL,1,0,2,2,N,N,55,NULL,98,9801,NULL,,Y,37.46583,-82.52814,N,NULL,NULL,NULL,NULL,NULL,NULL,NULL,NULL,4,3,4,6,1,1,3,2,1,3,Y,NULL,Y,Y,1637,1640,1713,N,NULL,70,,1,N,,N,N,098-US-0023-10,NULL,NULL,2022,B,7.28E+11,098-US-0023  -010,HIGH,098-US-0023  -000,23.063,0,0,0,0,0,0,1,1,0,1,0,0,0,1,DAC,0,1,,
72771390,980100,2.02E+11,20220610,1454,,CASSIDY,,BLVD,,,0,098 CS-1191,CS1191,N,N,NULL,NULL,NULL,N,NULL,NULL,NULL,NULL,NULL,NULL,0.195,NULL,NULL,NULL,NULL,NULL,NULL,1,0,1,1,N,N,25,NULL,98,9801,NULL,,Y,37.50397,-82.53516,N,NULL,NULL,NULL,NULL,NULL,NULL,NULL,NULL,9,3,3,6,1,1,2,2,1,3,N,NULL,Y,Y,1454,1458,,N,NULL,39,,,N,,N,N,098-CS-1191-0,NULL,NULL,2022,B,7.28E+11,098-CS-1191  -000,HIGH,098-CS-1191  -000,0.195,1,0,0,0,0,0,0,0,0,0,0,0,0,1,Non-DAC,0,1,,
72756281,980100,2.02E+11,20220422,1728,,CHLOE,,RD,KY1460,KY1460,0,098 KY-1460,KY1460,N,N,NULL,NULL,NULL,N,NULL,NULL,NULL,NULL,NULL,NULL,2.732,NULL,NULL,NULL,NULL,,NULL,0,0,2,2,N,N,15,NULL,98,9801,NULL,,Y,37.46878,-82.47836,N,NULL,NULL,NULL,NULL,NULL,NULL,NULL,NULL,2,97,1,6,1,1,2,2,6,3,N,NULL,Y,N,1728,1737,1805,N,NULL,56,,0,N,,N,N,098-KY-1460-0,NULL,NULL,2022,O,7.28E+11,098-KY-1460  -000,HIGH,098-KY-1460  -000,2.732,0,0,0,0,0,0,1,0,0,0,0,0,0,1,Non-DAC,0,1,,
72708405,980100,2.02E+11,20211206,1204,,BYPASS,S,RD,KY1426,KY1426,0,098 KY-1426,KY1426,N,Y,BYPASS,N,RD,N,NULL,NULL,NULL,NULL,NULL,NULL,6.602,NULL,NULL,NULL,NULL,,NULL,0,0,2,2,N,N,45,NULL,98,9801,NULL,,Y,37.483,-82.51329,N,NULL,NULL,NULL,NULL,NULL,NULL,NULL,NULL,5,3,2,6,1,5,3,2,7,3,N,NULL,Y,N,1204,1211,1232,N,NULL,35,,0,N,,N,N,098-KY-1426-0,NULL,NULL,2021,O,7.27E+11,098-KY-1426  -000,HIGH,098-KY-1426  -000,6.602,0,0,0,1,0,0,1,1,0,0,1,0,0,1,DAC,1,0,195-1019,1
72863906,980100,2.02E+11,20230209,825,,HAMBLEY,,BLVD,,,0,098 CS-1222,CS1222,N,N,NULL,NULL,NULL,N,NULL,NULL,NULL,NULL,NULL,NULL,0.383,NULL,NULL,NULL,NULL,,NULL,0,0,2,2,N,N,25,NULL,98,9801,NULL,,Y,37.4771,-82.5217,N,NULL,NULL,NULL,NULL,NULL,NULL,NULL,NULL,5,3,3,6,1,1,2,2,7,3,N,NULL,Y,N,825,827,828,N,NULL,49,,,N,,N,N,098-CS-1222-0,NULL,NULL,2023,O,7.29E+11,098-CS-1222  -000,HIGH,098-CS-1222  -000,0.383,0,0,0,0,0,0,1,0,0,0,0,0,0,1,DAC,1,0,195-1126,1
72624650,980100,2.02E+11,20210514,1315,,HUFFMAN,,AVE,,,0,098 CS-1123,CS1123,N,N,NULL,NULL,NULL,N,NULL,NULL,NULL,NULL,NULL,NULL,0.019,NULL,NULL,NULL,NULL,,NULL,0,0,2,2,N,N,15,NULL,98,9801,NULL,,Y,37.47703,-82.51736,N,NULL,NULL,NULL,NULL,NULL,NULL,NULL,NULL,1,3,3,6,1,1,2,2,7,3,N,NULL,Y,N,1315,1320,1320,N,NULL,55,,,N,,N,N,098-CS-1123-0,NULL,NULL,2021,O,7.26E+11,098-CS-1123  -000,HIGH,098-CS-1123  -000,0.019,0,0,0,1,0,0,1,0,0,0,0,0,0,1,DAC,1,0,195-1123,1