MasterFile,AgencyORINumber,LocalCode,CollisionDate,CollisionTime,CollisionDayWeekCode,RoadwayName,RoadwayName_Direction_,RoadwayName_RoadwaySuffix_,RoadwayfromReport,CurrentRoadwayNumber,RoadwayNumberCoupletID,RSEUniqueGIS,RoadwayIdentifier,ParkingLotIndicator,IntersectionWith_Indicator_,IntersectionWith_NameRoadway_,IntersectionWith_Direction_,IntersectionWith_RoadwaySuffix_,BetweenStreets_Indicator_,BetweenStreets1_NameRoadway_,BetweenStreet1_Direction_,BetweenStreets1_RoadwaySuffix_,BetweenStreets2_NameRoadway_,BetweenStreets2_Direction_,BetweenStreets2_RoadwaySuffix_,Milepoint,ReportMilepointDeriveNumber,CurrentDerivedMiepointNumber,MilestoMilepoint,FeettoMilepoint,DirectionfromMilepoint_NSEW_,ValidMilepointIndicator,NumberInjured,NumberKilled,ofUnits,ofMotorVehicleUnits,Hit&RunIndicator,OneWayIndicator,SpeedLimitNumber,KilometersIndicator,CountyCode,CityCountyCode,MilesFromCity,DirectionFromCity_NSEW_,InCityLimitsIndicator,Latitude,Longitude,RampIndicator,RampFromIdentifier,RampFromDirCode,RampFromCoupletID,RSEUniqueGISRampFrom,RampToidentifier,RampToDirCode,RampToCoupletID,RSEUniqueGisRampTo,MannerofCollisionCode,LocationFirstEventCode,TotalLanes,RoadwayCharacterCode,RoadwaySurfaceCode,RoadwayConditionCode,WeatherCode,LightConditionCode,LandUseCode,SchoolBusRelatedCode,FirstAidSceneIndicator,CollDescPresentInd,InvestigationCompleteIndicator,PhotosTakenIndicator,TimeNotified,TimeArrived,TimeRoadwayOpened,PropertyDamageIndicator,DiagramPresentIndicator,DirectionalAnalysis,FunctionClassCode,NationalHwySysCode,EnforcementsIndicator,KARSCityCode,SecondaryCollisionIndicator,MedianCrossoverIndicator,RT_UNIQUE,MapIt,TimeLastLeft,YR,KABCO,MFNY,WorkingRID,RT_CONFIDENCE,KTC_RT,KTC_MP,Motorcyclist,Commercial Vehicle,Young Driver,Mature Driver,Pedestrian,Bicyclist,Distracted,Aggressive,Impaired,Unrestrained,Intersection,Roadway Departure,Median Cross-over,CityCrash,DACid,Intersection Crash,Segment Crash,Int_ID,CityIntersection
72751320,980100,2.02E+11,20220416,2027,,BAIRD,,AVE,KY1426,KY1426,0,098 KY-1426,KY1426,N,N,NULL,NULL,NULL,N,NULL,NULL,NULL,NULL,NULL,NULL,5.387,NULL,NULL,NULL,NULL,,NULL,0,0,2,2,N,N,55,NULL,98,9801,NULL,,Y,37.47339,-82.52714,N,NULL,NULL,NULL,NULL,NULL,NULL,NULL,NULL,1,3,2,6,1,1,2,5,1,3,N,NULL,Y,N,2027,2038,2044,N,NULL,55,,0,N,,N,N,098-KY-1426-0,NULL,NULL,2022,O,7.28E+11,098-KY-1426  -000,HIGH,098-KY-1426  -000,5.387,0,0,0,1,0,0,1,0,0,0,0,0,0,1,DAC,1,0,195-1174,1
72531137,980100,2.02E+11,20200813,1610,,US23,,,US0023,US0023,,,,N,N,NULL,NULL,NULL,N,NULL,NULL,NULL,NULL,NULL,NULL,21.541,NULL,NULL,NULL,NULL,,NULL,0,0,2,2,N,N,45,NULL,98,9801,NULL,,Y,37.45232,-82.52303,N,NULL,NULL,NULL,NULL,NULL,NULL,NULL,NULL,2,2,4,6,1,1,2,2,1,3,N,NULL,Y,N,1610,1618,,N,NULL,56,,1,N,,N,N,,NULL,NULL,2020,O,7.25E+11,098-US-0023  -000,MEDIUM,098-US-0023  -000,21.541,0,0,0,0,0,0,1,0,0,0,0,0,0,1,Non-DAC,1,0,195-1272,1
72507244,980100,2.02E+11,20200603,1228,,HUFFMAN,,AVE,,,0,098 CS-1123,CS1123,N,N,NULL,NULL,NULL,N,NULL,NULL,NULL,NULL,NULL,NULL,0.097,NULL,NULL,NULL,NULL,,NULL,0,0,2,2,N,N,15,NULL,98,9801,NULL,,Y,37.47772,-82.51855,N,NULL,NULL,NULL,NULL,NULL,NULL,NULL,NULL,1,3,3,6,1,1,2,2,1,3,N,NULL,Y,N,1228,1233,1300,N,NULL,55,,,Y,,N,N,098-CS-1123-0,NULL,NULL,2020,O,7.25E+11,098-CS-1123  -000,HIGH,098-CS-1123  -000,0.097,0,0,0,0,0,0,0,0,1,0,0,0,0,1,DAC,1,0,195-1117,1
72750637,980100,2.02E+11,20220408,1704,,US23,,,US0023,US0023,0,098 US-23,US0023,N,N,NULL,NULL,NULL,N,NULL,NULL,NULL,NULL,NULL,NULL,26.204,NULL,NULL,NULL,NULL,,NULL,0,0,3,3,N,N,55,NULL,98,9801,NULL,,Y,37.50253,-82.532,N,NULL,NULL,NULL,NULL,NULL,NULL,NULL,NULL,5,3,4,6,1,5,3,2,7,3,N,NULL,Y,N,1704,1710,1710,N,NULL,70,,1,N,,N,N,098-US-0023-0,NULL,NULL,2022,O,7.28E+11,098-US-0023  -000,HIGH,098-US-0023  -000,26.204,0,0,1,0,0,0,1,1,0,0,0,0,0,1,Non-DAC,1,0,195-0861,1
72688707,980100,2.02E+11,20211026,737,,HAMBLEY,,BLVD,,,0,098 CS-1222,CS1222,N,Y,OWSLEY,,RD,N,NULL,NULL,NULL,NULL,NULL,NULL,1.712,NULL,NULL,NULL,NULL,,NULL,3,0,2,2,N,N,35,NULL,98,9801,NULL,,Y,37.48168,-82.53329,N,NULL,NULL,NULL,NULL,NULL,NULL,NULL,NULL,1,3,2,6,1,5,6,5,1,3,Y,NULL,Y,Y,737,740,911,N,NULL,10,,,N,,N,N,098-CS-1222-0,NULL,NULL,2021,C,7.27E+11,098-CS-1222  -000,HIGH,098-CS-1222  -000,1.712,0,0,0,0,0,0,1,0,0,1,1,0,0,1,DAC,1,0,195-1064,1
72574072,980100,2.02E+11,20201211,1939,,CASSIDY,,BLVD,,,0,098 CS-1191,CS1191,N,N,NULL,NULL,NULL,N,NULL,NULL,NULL,NULL,NULL,NULL,0.298,NULL,NULL,NULL,NULL,,NULL,0,0,2,2,N,N,15,NULL,98,9801,NULL,,Y,37.50505,-82.53678,N,NULL,NULL,NULL,NULL,NULL,NULL,NULL,NULL,2,7,2,6,1,1,2,7,1,3,N,NULL,Y,N,1939,1951,,N,NULL,56,,,N,,N,N,098-CS-1191-0,NULL,NULL,2020,O,7.26E+11,098-CS-1191  -000,HIGH,098-CS-1191  -000,0.298,0,0,1,0,0,0,1,0,0,0,0,0,0,1,Non-DAC,0,1,,
72705463,980100,2.02E+11,20211206,1238,,MAYO,N,TRL,US0023,US0023,0,098 US-23-10,US0023,N,N,NULL,NULL,NULL,N,NULL,NULL,NULL,NULL,NULL,NULL,26.104,NULL,NULL,NULL,NULL,,NULL,0,0,1,1,N,N,55,NULL,98,9801,NULL,,Y,37.50113,-82.53197,N,NULL,NULL,NULL,NULL,NULL,NULL,NULL,NULL,9,6,4,6,1,5,6,2,1,3,N,NULL,Y,N,1238,1242,1242,Y,NULL,40,,1,N,,N,N,098-US-0023-10,NULL,NULL,2021,O,7.27E+11,098-US-0023  -010,HIGH,098-US-0023  -000,26.104,0,0,0,1,0,0,1,0,0,0,0,1,0,1,Non-DAC,0,1,,
72676936,980100,2.02E+11,20210929,1602,,CASSIDY,,BLVD,,,0,098 CS-1191,CS1191,N,N,NULL,NULL,NULL,N,NULL,NULL,NULL,NULL,NULL,NULL,0.054,NULL,NULL,NULL,NULL,,NULL,0,0,2,2,N,N,35,NULL,98,9801,NULL,,Y,37.5037,-82.53304,N,NULL,NULL,NULL,NULL,NULL,NULL,NULL,NULL,1,3,4,6,1,1,2,2,7,3,N,NULL,Y,N,1602,1614,1629,N,NULL,55,,,N,,N,N,098-CS-1191-0,NULL,NULL,2021,O,7.27E+11,098-CS-1191  -000,HIGH,098-CS-1191  -000,0.054,0,0,0,0,0,0,1,0,0,0,0,0,0,1,Non-DAC,0,1,,
72802194,980100,2.02E+11,20220901,1801,,US23,,,US0023,US0023,0,098 US-23,US0023,N,N,NULL,NULL,NULL,N,NULL,NULL,NULL,NULL,NULL,NULL,25.72,NULL,NULL,NULL,NULL,,NULL,1,0,4,4,N,N,55,NULL,98,9801,NULL,,Y,37.49567,-82.53117,N,NULL,NULL,NULL,NULL,NULL,NULL,NULL,NULL,5,3,4,6,1,1,2,2,7,3,Y,NULL,Y,Y,1801,1803,1842,N,NULL,49,,1,N,,N,N,098-US-0023-0,NULL,NULL,2022,B,7.28E+11,098-US-0023  -000,HIGH,098-US-0023  -000,25.72,0,0,0,1,0,0,1,0,0,0,0,0,0,1,Non-DAC,0,1,,
72742341,980100,2.02E+11,20220317,2201,,,,,US0023,US0023,,,,N,Y,US23 S RAMP TO KY1384,,,N,NULL,NULL,NULL,NULL,NULL,NULL,0.238,NULL,NULL,NULL,NULL,,NULL,0,0,2,2,N,Y,55,NULL,98,9801,NULL,,Y,37.47928,-82.54311,N,NULL,NULL,NULL,NULL,NULL,NULL,NULL,NULL,5,3,2,2,1,1,2,5,1,3,N,NULL,Y,N,2201,2206,,N,NULL,35,,1,N,,N,N,,NULL,NULL,2022,O,7.27E+11,098-US-0023  -231,HIGH,098-US-0023  -231,0.238,0,0,0,0,0,0,1,1,0,0,1,0,0,1,DAC,1,0,195-1101,1
72792921,980100,2.02E+11,20220809,1002,,BYPASS,S,RD,KY1426,KY1426,,,,N,Y,COMBS,,AVE,N,NULL,NULL,NULL,NULL,NULL,NULL,6.57,NULL,NULL,NULL,NULL,,NULL,0,0,2,2,N,N,45,NULL,98,9801,NULL,,Y,37.48259,-82.51357,N,NULL,NULL,NULL,NULL,NULL,NULL,NULL,NULL,5,3,4,6,1,1,2,2,7,3,N,NULL,Y,N,1002,1002,,N,NULL,35,,0,N,,N,N,,NULL,NULL,2022,O,7.28E+11,098-KY-1426  -000,HIGH,098-KY-1426  -000,6.57,0,0,0,0,0,0,1,0,0,0,1,0,0,1,DAC,1,0,195-1019,1
72592686,980100,2.02E+11,20210204,1340,,HAMBLEY,,BLVD,,,0,098 CS-1222,CS1222,N,N,NULL,NULL,NULL,N,NULL,NULL,NULL,NULL,NULL,NULL,1.712,NULL,NULL,NULL,NULL,,NULL,1,0,2,2,N,N,35,NULL,98,9801,NULL,,Y,37.48169,-82.53329,N,NULL,NULL,NULL,NULL,NULL,NULL,NULL,NULL,4,3,2,6,1,1,2,2,7,3,Y,NULL,Y,Y,1340,1343,1408,N,NULL,70,,,N,,N,N,098-CS-1222-0,NULL,NULL,2021,B,7.26E+11,098-CS-1222  -000,HIGH,098-CS-1222  -000,1.712,0,0,0,0,0,0,1,1,0,0,0,0,0,1,DAC,1,0,195-1064,1
72547421,980100,2.02E+11,20200928,2310,,BYPASS,S,RD,KY1426,KY1426,0,098 KY-1426,KY1426,N,N,NULL,NULL,NULL,N,NULL,NULL,NULL,NULL,NULL,NULL,5.575,NULL,NULL,NULL,NULL,,NULL,2,0,3,3,N,N,35,NULL,98,9801,NULL,,Y,37.47239,-82.5249,N,NULL,NULL,NULL,NULL,NULL,NULL,NULL,NULL,1,3,2,6,1,5,6,5,1,3,N,NULL,Y,Y,2310,2313,6,N,NULL,55,,0,N,,N,N,098-KY-1426-0,NULL,NULL,2020,C,7.25E+11,098-KY-1426  -000,HIGH,098-KY-1426  -000,5.575,0,0,1,0,0,0,0,0,0,0,0,0,0,1,DAC,0,1,,
72586673,980100,2.02E+11,20210116,1355,,US23,,,US0023,US0023,,,,N,N,NULL,NULL,NULL,N,NULL,NULL,NULL,NULL,NULL,NULL,26.221,NULL,NULL,NULL,NULL,,NULL,3,0,3,3,N,N,55,NULL,98,9801,NULL,,Y,37.50286,-82.53232,N,NULL,NULL,NULL,NULL,NULL,NULL,NULL,NULL,5,3,4,6,1,5,3,2,7,3,Y,NULL,Y,N,1356,1403,1423,N,NULL,70,,1,Y,,N,N,,NULL,NULL,2021,C,7.26E+11,098-US-0023  -010,MEDIUM,098-US-0023  -000,26.221,0,0,0,0,0,0,1,0,0,0,0,0,0,1,Non-DAC,1,0,195-0861,1
72645223,980100,2.02E+11,20210708,1951,,US23,,,US0023,US0023,0,098 US-23,US0023,N,N,NULL,NULL,NULL,N,NULL,NULL,NULL,NULL,NULL,NULL,30.957,NULL,NULL,NULL,NULL,,NULL,2,0,1,1,N,N,55,NULL,98,9801,NULL,,Y,37.54005,-82.59243,N,NULL,NULL,NULL,NULL,NULL,NULL,NULL,NULL,9,3,4,6,1,1,2,2,7,3,Y,NULL,Y,Y,1951,1958,2026,N,NULL,38,,1,N,,N,N,098-US-0023-0,NULL,NULL,2021,A,7.26E+11,098-US-0023  -000,HIGH,098-US-0023  -000,30.957,1,0,0,0,0,0,0,0,0,0,0,1,0,1,Non-DAC,0,1,,
72694820,980100,2.02E+11,20211104,1703,,US23,,,US0023,US0023,0,098 US-23,US0023,N,N,NULL,NULL,NULL,N,NULL,NULL,NULL,NULL,NULL,NULL,26.228,NULL,NULL,NULL,NULL,,NULL,1,0,3,3,N,N,55,NULL,98,9801,NULL,,Y,37.50287,-82.53204,N,NULL,NULL,NULL,NULL,NULL,NULL,NULL,NULL,5,3,4,6,1,1,2,2,1,3,N,NULL,Y,Y,1708,1709,1709,N,NULL,70,,1,N,,N,N,098-US-0023-0,NULL,NULL,2021,B,7.27E+11,098-US-0023  -000,HIGH,098-US-0023  -000,26.228,0,0,0,1,0,0,1,0,0,0,0,0,0,1,Non-DAC,1,0,195-0861,1
72391987,980100,2.02E+11,20190806,1340,,POPLAR,,ST,,,0,098 CS-1160,CS1160,N,N,NULL,NULL,NULL,N,NULL,NULL,NULL,NULL,NULL,NULL,0.101,NULL,NULL,NULL,NULL,,NULL,0,0,2,2,N,N,15,NULL,98,9801,NULL,,Y,37.48,-82.52204,N,NULL,NULL,NULL,NULL,NULL,NULL,NULL,NULL,8,3,1,6,1,1,2,2,1,3,N,NULL,Y,N,1341,1344,1344,N,NULL,53,,,N,,N,N,098-CS-1160-0,NULL,NULL,2019,O,7.24E+11,098-CS-1160  -000,HIGH,098-CS-1160  -000,0.101,0,0,1,0,0,0,0,0,0,1,0,1,0,1,DAC,0,1,,
72653589,980100,2.02E+11,20210727,2114,,US23,,,US0023,US0023,0,098 US-23,US0023,N,N,NULL,NULL,NULL,N,NULL,NULL,NULL,NULL,NULL,NULL,23.565,NULL,NULL,NULL,NULL,,NULL,0,0,2,2,N,N,55,NULL,98,9801,NULL,,Y,37.47109,-82.53391,N,NULL,NULL,NULL,NULL,NULL,NULL,NULL,NULL,8,3,4,6,1,1,3,7,7,3,N,NULL,Y,N,2114,2120,,N,NULL,53,,1,Y,,N,N,098-US-0023-0,NULL,NULL,2021,O,7.27E+11,098-US-0023  -000,HIGH,098-US-0023  -000,23.565,0,0,0,1,0,0,1,0,0,0,0,1,0,1,DAC,0,1,,
72566202,980100,2.02E+11,20201111,1518,,US23,,,US0023,US0023,,,,N,N,NULL,NULL,NULL,N,NULL,NULL,NULL,NULL,NULL,NULL,26.236,NULL,NULL,NULL,NULL,,NULL,0,0,2,2,N,N,55,NULL,98,9801,NULL,,Y,37.50298,-82.53206,N,NULL,NULL,NULL,NULL,NULL,NULL,NULL,NULL,5,3,4,6,1,5,6,2,7,3,N,NULL,Y,N,1518,1522,,N,NULL,70,,1,N,,N,N,,NULL,NULL,2020,O,7.26E+11,098-US-0023  -000,MEDIUM,098-US-0023  -000,26.236,0,0,0,0,0,0,0,0,0,0,0,0,0,1,Non-DAC,1,0,195-0861,1
72478364,980100,2.02E+11,20200215,2209,,KY3496,,,KY3496,KY3496,0,098 KY-3496,KY3496,N,N,NULL,NULL,NULL,N,NULL,NULL,NULL,NULL,NULL,NULL,0.171,NULL,NULL,NULL,NULL,,NULL,0,0,2,2,N,N,35,NULL,98,9801,NULL,,Y,37.46635,-82.53071,N,NULL,NULL,NULL,NULL,NULL,NULL,NULL,NULL,2,97,2,6,1,1,2,5,1,3,N,NULL,Y,N,2212,2212,,N,NULL,56,16,0,N,,N,N,098-KY-3496-0,NULL,NULL,2020,O,7.25E+11,098-KY-3496  -000,HIGH,098-KY-3496  -000,0.171,0,0,0,0,0,0,1,0,0,0,0,0,0,1,DAC,0,1,,
72562888,980100,2.02E+11,20201105,707,,US23,,,US0023,US0023,0,098 US-23,US0023,N,N,NULL,NULL,NULL,N,NULL,NULL,NULL,NULL,NULL,NULL,25.406,NULL,NULL,NULL,NULL,,NULL,2,0,2,2,N,N,55,NULL,98,9801,NULL,,Y,37.49228,-82.53486,N,NULL,NULL,NULL,NULL,NULL,NULL,NULL,NULL,1,3,4,6,1,1,2,2,7,3,Y,NULL,Y,Y,707,712,801,N,NULL,55,,1,N,,N,N,098-US-0023-0,NULL,NULL,2020,A,7.26E+11,098-US-0023  -000,HIGH,098-US-0023  -000,25.406,0,0,0,1,0,0,1,0,0,0,0,1,0,1,Non-DAC,0,1,,
72679041,980100,2.02E+11,20210930,1056,,US23,,,US0023,US0023,0,098 US-23-10,US0023,N,N,NULL,NULL,NULL,N,NULL,NULL,NULL,NULL,NULL,NULL,27.366,NULL,NULL,NULL,NULL,,NULL,0,0,2,2,N,N,55,NULL,98,9801,NULL,,Y,37.51077,-82.54864,N,NULL,NULL,NULL,NULL,NULL,NULL,NULL,NULL,5,3,4,6,1,1,2,2,7,3,N,NULL,Y,N,1056,1104,1107,N,NULL,49,,1,N,,N,N,098-US-0023-10,NULL,NULL,2021,O,7.27E+11,098-US-0023  -010,HIGH,098-US-0023  -000,27.366,0,0,1,0,0,0,0,0,0,0,0,0,0,1,Non-DAC,1,0,195-0811,1
72707645,980100,2.02E+11,20211210,1705,,US23,,,US0023,US0023,0,098 US-23,US0023,N,N,NULL,NULL,NULL,N,NULL,NULL,NULL,NULL,NULL,NULL,26.274,NULL,NULL,NULL,NULL,,NULL,0,0,2,2,N,N,55,NULL,98,9801,NULL,,Y,37.50353,-82.53213,N,NULL,NULL,NULL,NULL,NULL,NULL,NULL,NULL,5,3,4,6,1,5,3,2,1,3,N,NULL,Y,N,1705,1713,1808,N,NULL,49,,1,N,,Y,N,098-US-0023-0,NULL,NULL,2021,O,7.27E+11,098-US-0023  -000,HIGH,098-US-0023  -000,26.274,0,0,1,0,0,0,0,0,0,0,0,0,0,1,Non-DAC,0,1,,
72504073,980100,2.02E+11,20200519,1815,,KY1460,,,KY1460,KY1460,,,,N,N,NULL,NULL,NULL,N,NULL,NULL,NULL,NULL,NULL,NULL,6.648,NULL,NULL,NULL,NULL,,NULL,0,0,2,2,N,N,45,NULL,98,9801,NULL,,Y,37.48352,-82.53831,N,NULL,NULL,NULL,NULL,NULL,NULL,NULL,NULL,1,3,2,6,1,5,3,2,6,3,N,NULL,N,N,1810,1815,1820,N,NULL,55,16,0,N,,N,N,,NULL,NULL,2020,O,7.25E+11,098-KY-1460  -000,HIGH,098-KY-1460  -000,6.648,0,0,0,1,0,0,1,0,0,0,0,0,0,1,Non-DAC,1,0,195-1021,1
72755131,980100,2.02E+11,20220422,1211,,KY1426,,,KY1426,KY1426,0,098 KY-1426,KY1426,N,N,NULL,NULL,NULL,N,NULL,NULL,NULL,NULL,NULL,NULL,8.667,NULL,NULL,NULL,NULL,,NULL,1,0,1,1,N,N,55,NULL,98,9801,NULL,,Y,37.50068,-82.49034,N,NULL,NULL,NULL,NULL,NULL,NULL,NULL,NULL,9,3,2,5,1,1,2,2,7,3,N,NULL,N,Y,1212,1217,1306,N,NULL,40,,0,N,,N,N,098-KY-1426-0,NULL,NULL,2022,B,7.28E+11,098-KY-1426  -000,HIGH,098-KY-1426  -000,8.667,0,0,0,0,0,0,0,0,0,0,0,1,0,1,Non-DAC,0,1,,
72732727,980100,2.02E+11,20220212,2205,,US23,,,US0023,US0023,0,098 US-23-10,US0023,N,N,NULL,NULL,NULL,N,NULL,NULL,NULL,NULL,NULL,NULL,21.523,NULL,NULL,NULL,NULL,,NULL,0,0,2,2,Y,N,55,NULL,98,9801,NULL,,Y,37.45213,-82.52325,N,NULL,NULL,NULL,NULL,NULL,NULL,NULL,NULL,1,3,4,6,1,1,2,6,7,3,N,NULL,Y,N,2205,2212,2212,N,NULL,55,,1,N,,N,N,098-US-0023-10,NULL,NULL,2022,O,7.27E+11,098-US-0023  -010,HIGH,098-US-0023  -000,21.523,0,0,1,0,0,0,1,0,0,0,0,0,0,1,Non-DAC,1,0,195-1272,1
72511113,980100,2.02E+11,20200609,843,,BYPASS,S,RD,KY1426,KY1426,0,098 KY-1426,KY1426,N,N,NULL,NULL,NULL,N,NULL,NULL,NULL,NULL,NULL,NULL,5.656,NULL,NULL,NULL,NULL,,NULL,0,0,2,2,N,N,35,NULL,98,9801,NULL,,Y,37.47263,-82.52345,N,NULL,NULL,NULL,NULL,NULL,NULL,NULL,NULL,5,3,2,6,1,1,2,2,7,3,N,NULL,Y,N,843,847,900,N,NULL,49,,0,N,,N,N,098-KY-1426-0,NULL,NULL,2020,O,7.25E+11,098-KY-1426  -000,HIGH,098-KY-1426  -000,5.656,0,0,0,1,0,0,0,0,0,0,0,0,0,1,DAC,1,0,195-1179,1
72524071,980100,2.02E+11,20200723,1837,,MAYO,N,TRL,US0023,US0023,0,098 US-23-10,US0023,N,N,NULL,NULL,NULL,N,NULL,NULL,NULL,NULL,NULL,NULL,25.707,NULL,NULL,NULL,NULL,,NULL,0,0,2,2,N,N,55,NULL,98,9801,NULL,,Y,37.49553,-82.53142,N,NULL,NULL,NULL,NULL,NULL,NULL,NULL,NULL,1,3,4,6,1,5,6,2,7,3,N,NULL,Y,N,1837,1843,,N,NULL,55,,1,N,,N,N,098-US-0023-10,NULL,NULL,2020,O,7.25E+11,098-US-0023  -010,HIGH,098-US-0023  -000,25.707,0,0,0,0,0,0,1,0,0,0,0,0,0,1,Non-DAC,0,1,,
72523380,980100,2.02E+11,20200720,1715,,THOMPSON,,RD,,,,,,N,N,NULL,NULL,NULL,N,NULL,NULL,NULL,NULL,NULL,NULL,0.647,NULL,NULL,NULL,NULL,,NULL,0,0,3,3,N,N,35,NULL,98,9801,NULL,,Y,37.50528,-82.54118,N,NULL,NULL,NULL,NULL,NULL,NULL,NULL,NULL,1,3,3,6,1,1,2,2,7,3,Y,NULL,Y,N,1715,1720,1749,N,NULL,55,,,N,,N,N,,NULL,NULL,2020,O,7.25E+11,098-CS-1215  -000,MEDIUM,098-CS-1215  -000,0.647,0,0,0,1,0,0,1,0,0,0,0,0,0,1,Non-DAC,0,1,,
72635493,980100,2.02E+11,20210606,2111,,HAMBLEY,,BLVD,,,0,098 CS-1222,CS1222,N,N,NULL,NULL,NULL,N,NULL,NULL,NULL,NULL,NULL,NULL,0.027,NULL,NULL,NULL,NULL,,NULL,0,0,2,2,N,N,35,NULL,98,9801,NULL,,Y,37.47412,-82.52682,N,NULL,NULL,NULL,NULL,NULL,NULL,NULL,NULL,4,3,2,6,1,1,2,5,1,3,N,NULL,Y,N,2111,2111,2201,N,NULL,70,,,N,,N,N,098-CS-1222-0,NULL,NULL,2021,O,7.26E+11,098-CS-1222  -000,HIGH,098-CS-1222  -000,0.027,0,0,0,0,0,0,1,0,0,0,0,1,0,1,DAC,1,0,195-1167,1
72497920,980100,2.02E+11,20200424,750,,US23,,,US0023,US0023,,,,N,N,NULL,NULL,NULL,N,NULL,NULL,NULL,NULL,NULL,NULL,26.285,NULL,NULL,NULL,NULL,,NULL,0,0,2,2,N,N,55,NULL,98,9801,NULL,,Y,37.50368,-82.53215,N,NULL,NULL,NULL,NULL,NULL,NULL,NULL,NULL,5,3,4,6,1,5,6,2,7,3,N,NULL,Y,N,750,755,755,N,NULL,70,,1,N,,N,N,,NULL,NULL,2020,O,7.25E+11,098-US-0023  -000,MEDIUM,098-US-0023  -000,26.285,0,0,0,0,0,0,1,0,0,0,0,0,0,1,Non-DAC,0,1,,
72557974,980100,2.02E+11,20201028,748,,US23,,,US0023,US0023,0,098 US-23-10,US0023,N,Y,CASSIDY,,BLVD,N,NULL,NULL,NULL,NULL,NULL,NULL,26.291,NULL,NULL,NULL,NULL,,NULL,0,0,3,3,N,N,55,NULL,98,9801,NULL,,Y,37.50374,-82.53237,N,NULL,NULL,NULL,NULL,NULL,NULL,NULL,NULL,5,3,4,6,1,5,3,2,7,3,N,NULL,Y,N,748,754,824,N,NULL,35,,1,N,,N,N,098-US-0023-10,NULL,NULL,2020,O,7.26E+11,098-US-0023  -010,HIGH,098-US-0023  -000,26.291,0,0,1,0,0,0,1,0,0,0,1,0,0,1,Non-DAC,0,1,,
72591039,980100,2.02E+11,20210111,1533,,HIBBARD,,ST,,,,,,N,N,NULL,NULL,NULL,N,NULL,NULL,NULL,NULL,NULL,NULL,0.042,NULL,NULL,NULL,NULL,,NULL,0,0,2,2,N,N,20,NULL,98,9801,NULL,,Y,37.47367,-82.52674,N,NULL,NULL,NULL,NULL,NULL,NULL,NULL,NULL,2,3,2,6,1,1,3,2,7,3,N,NULL,N,N,1533,1538,1538,N,NULL,56,,,N,,N,N,,NULL,NULL,2021,O,7.26E+11,098-CS-1053  -000,MEDIUM,098-CS-1053  -000,0.042,0,0,0,0,0,0,1,1,0,0,0,0,0,1,DAC,1,0,195-1172,1
72843714,980100,2.02E+11,20221218,400,,US23,,,US0023,US0023,0,098 US-23,US0023,N,N,NULL,NULL,NULL,N,NULL,NULL,NULL,NULL,NULL,NULL,19.668,NULL,NULL,NULL,NULL,,NULL,0,0,1,1,N,N,55,NULL,98,9801,NULL,,Y,37.44937,-82.50663,N,NULL,NULL,NULL,NULL,NULL,NULL,NULL,NULL,9,3,4,3,1,1,3,6,3,3,N,NULL,Y,N,400,407,445,N,NULL,40,,1,N,,N,N,098-US-0023-0,NULL,NULL,2022,O,7.28E+11,098-US-0023  -000,HIGH,098-US-0023  -000,19.668,0,0,0,0,0,0,0,0,0,0,0,1,0,1,Non-DAC,1,0,195-1277,1
72740961,980100,2.02E+11,20220312,1115,,US23,,,US0023,US0023,0,098 US-23,US0023,N,N,NULL,NULL,NULL,N,NULL,NULL,NULL,NULL,NULL,NULL,27.248,NULL,NULL,NULL,NULL,,NULL,0,0,1,1,N,N,55,NULL,98,9801,NULL,,Y,37.51051,-82.54622,N,NULL,NULL,NULL,NULL,NULL,NULL,NULL,NULL,9,3,6,6,1,1,2,2,7,3,N,NULL,Y,N,1118,1122,1156,N,NULL,70,,1,Y,,N,N,098-US-0023-0,NULL,NULL,2022,O,7.27E+11,098-US-0023  -000,HIGH,098-US-0023  -000,27.248,0,0,0,0,0,0,0,0,0,1,0,1,0,1,Non-DAC,0,1,,
72713981,980100,2.02E+11,20211225,1354,,4TH,,ST,,,0,098 CS-1133,CS1133,N,N,NULL,NULL,NULL,N,NULL,NULL,NULL,NULL,NULL,NULL,0.03,NULL,NULL,NULL,NULL,,NULL,0,0,4,4,N,N,25,NULL,98,9801,NULL,,Y,37.48295,-82.51888,N,NULL,NULL,NULL,NULL,NULL,NULL,NULL,NULL,3,97,2,6,1,1,2,2,7,3,N,NULL,Y,Y,1354,1356,1525,Y,NULL,40,,,Y,,N,N,098-CS-1133-0,NULL,NULL,2021,O,7.27E+11,098-CS-1133  -000,HIGH,098-CS-1133  -000,0.03,0,0,0,0,0,0,1,0,1,0,0,1,0,1,DAC,1,0,195-1031,1
72462443,980100,2.02E+11,20200111,2140,,MAIN,,ST,,,0,098 CS-1112,CS1112,N,N,NULL,NULL,NULL,N,NULL,NULL,NULL,NULL,NULL,NULL,0.081,NULL,NULL,NULL,NULL,,NULL,0,0,2,2,N,N,15,NULL,98,9801,NULL,,Y,37.47879,-82.51795,N,NULL,NULL,NULL,NULL,NULL,NULL,NULL,NULL,2,3,1,6,1,5,3,5,1,3,N,NULL,Y,N,2140,2142,2142,N,NULL,47,,,Y,,N,N,098-CS-1112-0,NULL,NULL,2020,O,7.25E+11,098-CS-1112  -000,HIGH,098-CS-1112  -000,0.081,0,0,0,0,0,0,1,0,0,0,0,0,0,1,DAC,1,0,195-1102,1