MasterFile,AgencyORINumber,LocalCode,CollisionDate,CollisionTime,CollisionDayWeekCode,RoadwayName,RoadwayName_Direction_,RoadwayName_RoadwaySuffix_,RoadwayfromReport,CurrentRoadwayNumber,RoadwayNumberCoupletID,RSEUniqueGIS,RoadwayIdentifier,ParkingLotIndicator,IntersectionWith_Indicator_,IntersectionWith_NameRoadway_,IntersectionWith_Direction_,IntersectionWith_RoadwaySuffix_,BetweenStreets_Indicator_,BetweenStreets1_NameRoadway_,BetweenStreet1_Direction_,BetweenStreets1_RoadwaySuffix_,BetweenStreets2_NameRoadway_,BetweenStreets2_Direction_,BetweenStreets2_RoadwaySuffix_,Milepoint,ReportMilepointDeriveNumber,CurrentDerivedMiepointNumber,MilestoMilepoint,FeettoMilepoint,DirectionfromMilepoint_NSEW_,ValidMilepointIndicator,NumberInjured,NumberKilled,ofUnits,ofMotorVehicleUnits,Hit&RunIndicator,OneWayIndicator,SpeedLimitNumber,KilometersIndicator,CountyCode,CityCountyCode,MilesFromCity,DirectionFromCity_NSEW_,InCityLimitsIndicator,Latitude,Longitude,RampIndicator,RampFromIdentifier,RampFromDirCode,RampFromCoupletID,RSEUniqueGISRampFrom,RampToidentifier,RampToDirCode,RampToCoupletID,RSEUniqueGisRampTo,MannerofCollisionCode,LocationFirstEventCode,TotalLanes,RoadwayCharacterCode,RoadwaySurfaceCode,RoadwayConditionCode,WeatherCode,LightConditionCode,LandUseCode,SchoolBusRelatedCode,FirstAidSceneIndicator,CollDescPresentInd,InvestigationCompleteIndicator,PhotosTakenIndicator,TimeNotified,TimeArrived,TimeRoadwayOpened,PropertyDamageIndicator,DiagramPresentIndicator,DirectionalAnalysis,FunctionClassCode,NationalHwySysCode,EnforcementsIndicator,KARSCityCode,SecondaryCollisionIndicator,MedianCrossoverIndicator,RT_UNIQUE,MapIt,TimeLastLeft,YR,KABCO,MFNY,WorkingRID,RT_CONFIDENCE,KTC_RT,KTC_MP,Motorcyclist,Commercial Vehicle,Young Driver,Mature Driver,Pedestrian,Bicyclist,Distracted,Aggressive,Impaired,Unrestrained,Intersection,Roadway Departure,Median Cross-over,CityCrash,DACid,Intersection Crash,Segment Crash,Int_ID,CityIntersection
72809378,980100,2.02E+11,20220926,1332,,CASSIDY,,BLVD,,,0,098 CS-1191,CS1191,N,N,NULL,NULL,NULL,N,NULL,NULL,NULL,NULL,NULL,NULL,0.225,NULL,NULL,NULL,NULL,,NULL,0,0,2,2,N,N,35,NULL,98,9801,NULL,,Y,37.5043,-82.53558,N,NULL,NULL,NULL,NULL,NULL,NULL,NULL,NULL,1,3,4,6,1,1,2,2,1,3,N,NULL,Y,N,1332,1334,,N,NULL,55,,,N,,N,N,098-CS-1191-0,NULL,NULL,2022,O,7.28E+11,098-CS-1191  -000,HIGH,098-CS-1191  -000,0.225,0,0,0,1,0,0,1,1,0,0,0,0,0,1,Non-DAC,0,1,,
72563567,980100,2.02E+11,20201111,1628,,PEACH ORCHARD,,DR,,,,,,N,N,NULL,NULL,NULL,N,NULL,NULL,NULL,NULL,NULL,NULL,0.164,NULL,NULL,NULL,NULL,,NULL,0,0,2,2,N,N,35,NULL,98,9801,NULL,,Y,37.47973,-82.52433,N,NULL,NULL,NULL,NULL,NULL,NULL,NULL,NULL,7,3,2,1,1,5,6,2,6,3,N,NULL,Y,N,1626,1636,1713,N,NULL,54,,,N,,N,N,,NULL,NULL,2020,O,7.26E+11,098-CS-1156  -000,LOW,098-CS-1156  -000,0.164,0,0,1,1,0,0,0,1,0,0,0,1,0,1,DAC,0,1,,
72854021,980100,2.02E+11,20230113,1636,,KY3496,,,KY3496,KY3496,0,098 KY-3496,KY3496,N,N,NULL,NULL,NULL,N,NULL,NULL,NULL,NULL,NULL,NULL,0.157,NULL,NULL,NULL,NULL,,NULL,1,0,2,2,N,N,35,NULL,98,9801,NULL,,Y,37.46625,-82.53049,N,NULL,NULL,NULL,NULL,NULL,NULL,NULL,NULL,3,3,2,6,1,5,9,2,7,3,N,NULL,Y,Y,1636,1640,1717,N,NULL,52,16,0,Y,,N,N,098-KY-3496-0,NULL,NULL,2023,C,7.29E+11,098-KY-3496  -000,HIGH,098-KY-3496  -000,0.162,0,0,0,1,0,0,1,0,1,1,0,1,0,1,DAC,0,1,,
72563574,980100,2.02E+11,20201104,1215,,US23,,,US0023,US0023,,,,N,N,NULL,NULL,NULL,N,NULL,NULL,NULL,NULL,NULL,NULL,22.24,NULL,NULL,NULL,NULL,,NULL,0,0,2,2,N,N,55,NULL,98,9801,NULL,,Y,37.46063,-82.51683,N,NULL,NULL,NULL,NULL,NULL,NULL,NULL,NULL,8,3,4,3,1,1,2,2,1,3,N,NULL,Y,N,1215,1221,1258,N,NULL,53,,1,N,,N,N,,NULL,NULL,2020,O,7.26E+11,098-US-0023  -010,MEDIUM,098-US-0023  -000,22.24,0,0,0,1,0,0,0,1,0,0,0,1,0,1,Non-DAC,1,0,195-1243,1
72769259,KSP0900,22-209873,20220605,339,,US23,,,US0023,US0023,0,098 US-23,US0023,N,N,NULL,NULL,NULL,N,NULL,NULL,NULL,NULL,NULL,NULL,31.979,NULL,NULL,NULL,NULL,,NULL,0,0,1,1,N,N,55,NULL,98,9801,NULL,,Y,37.53758,-82.60842,N,NULL,NULL,NULL,NULL,NULL,NULL,NULL,NULL,9,3,4,6,1,1,2,6,1,3,N,NULL,Y,N,410,410,,N,NULL,38,,1,N,,N,N,098-US-0023-0,NULL,NULL,2022,O,7.28E+11,098-US-0023  -000,HIGH,098-US-0023  -000,31.979,0,0,0,0,0,0,0,0,0,0,0,0,0,1,Non-DAC,0,1,,
72636038,980100,2.02E+11,20210609,1712,,US23,,,US0023,US0023,0,098 US-23-10,US0023,N,N,NULL,NULL,NULL,N,NULL,NULL,NULL,NULL,NULL,NULL,27.422,NULL,NULL,NULL,NULL,,NULL,0,0,2,2,N,N,55,NULL,98,9807,NULL,,Y,37.51101,-82.54956,N,NULL,NULL,NULL,NULL,NULL,NULL,NULL,NULL,5,3,4,6,1,5,6,2,7,3,N,NULL,Y,N,1712,1719,1720,N,NULL,70,,1,N,,N,N,098-US-0023-10,NULL,NULL,2021,O,7.26E+11,098-US-0023  -010,HIGH,098-US-0023  -000,27.422,0,0,0,0,0,0,0,1,0,0,0,0,0,1,Non-DAC,0,1,,
72474185,980100,2.02E+11,20200208,2005,,CASSIDY,,BLVD,,,0,098 CS-1191,CS1191,N,N,NULL,NULL,NULL,N,NULL,NULL,NULL,NULL,NULL,NULL,0.25,NULL,NULL,NULL,NULL,,NULL,0,0,2,2,Y,N,25,NULL,98,9801,NULL,,Y,37.50452,-82.53594,N,NULL,NULL,NULL,NULL,NULL,NULL,NULL,NULL,1,3,4,6,1,5,3,5,1,3,N,NULL,Y,N,2006,2013,,N,NULL,55,,,N,,N,N,098-CS-1191-0,NULL,NULL,2020,O,7.25E+11,098-CS-1191  -000,HIGH,098-CS-1191  -000,0.25,0,0,1,0,0,0,1,0,0,0,0,0,0,1,Non-DAC,0,1,,
72808284,980100,2.02E+11,20220920,1304,,BAIRD,,AVE,KY1426,KY1426,0,098 KY-1426,KY1426,N,N,NULL,NULL,NULL,N,NULL,NULL,NULL,NULL,NULL,NULL,5.389,NULL,NULL,NULL,NULL,,NULL,0,0,2,2,N,N,15,NULL,98,9801,NULL,,Y,37.47313,-82.52716,N,NULL,NULL,NULL,NULL,NULL,NULL,NULL,NULL,1,3,2,6,1,1,2,2,7,3,N,NULL,Y,N,1305,1307,1334,N,NULL,55,,0,N,,N,N,098-KY-1426-0,NULL,NULL,2022,O,7.28E+11,098-KY-1426  -000,HIGH,098-KY-1426  -000,5.389,0,0,0,0,0,0,1,0,0,0,0,0,0,1,DAC,1,0,195-1174,1
72508664,980100,2.02E+11,20200601,2111,,CASSIDY,,BLVD,,,,,,N,N,NULL,NULL,NULL,N,NULL,NULL,NULL,NULL,NULL,NULL,0.318,NULL,NULL,NULL,NULL,,NULL,0,0,2,2,N,N,25,NULL,98,9801,NULL,,Y,37.50521,-82.5372,N,NULL,NULL,NULL,NULL,NULL,NULL,NULL,NULL,1,3,2,3,1,1,2,5,7,3,N,NULL,N,N,2111,2112,2112,N,NULL,55,,,N,,N,N,,NULL,NULL,2020,O,7.25E+11,098-CS-1191  -000,MEDIUM,098-CS-1191  -000,0.318,0,0,0,1,0,0,1,0,0,0,0,0,0,1,Non-DAC,0,1,,
72469526,980100,2.02E+11,20200115,1907,,WALNUT,,DR,,,0,098 CS-1095,CS1095,N,N,NULL,NULL,NULL,N,NULL,NULL,NULL,NULL,NULL,NULL,0.131,NULL,NULL,NULL,NULL,,NULL,0,0,2,2,N,N,15,NULL,98,9801,NULL,,Y,37.48226,-82.54078,N,NULL,NULL,NULL,NULL,NULL,NULL,NULL,NULL,2,97,2,6,1,1,2,4,1,3,N,NULL,Y,N,1907,1912,,N,NULL,47,,,N,,N,N,098-CS-1095-0,NULL,NULL,2020,O,7.25E+11,098-CS-1095  -000,HIGH,098-CS-1095  -000,0.131,0,0,0,1,0,0,1,0,0,0,0,0,0,1,Non-DAC,1,0,195-1061,1
72777952,KSP0900,22-240435,20220625,1506,,US23,,,US0023,US0023,0,098 US-23,US0023,N,N,NULL,NULL,NULL,N,NULL,NULL,NULL,NULL,NULL,NULL,17.575,NULL,NULL,NULL,NULL,,NULL,0,0,1,1,N,N,55,NULL,98,9801,NULL,,Y,37.42313,-82.51685,N,NULL,NULL,NULL,NULL,NULL,NULL,NULL,NULL,9,3,4,1,1,5,6,2,7,3,N,NULL,N,N,1506,1520,1520,N,NULL,44,,1,N,,N,N,098-US-0023-0,NULL,NULL,2022,O,7.28E+11,098-US-0023  -000,HIGH,098-US-0023  -000,17.575,0,0,0,0,0,0,0,0,0,0,0,1,0,1,Non-DAC,0,1,,
72555403,980100,2.02E+11,20201021,1523,,KY3496,,,KY3496,KY3496,0,098 KY-3496,KY3496,N,N,NULL,NULL,NULL,N,NULL,NULL,NULL,NULL,NULL,NULL,0.103,NULL,NULL,NULL,NULL,,NULL,0,0,2,2,N,N,35,NULL,98,9801,NULL,,Y,37.466,-82.52957,N,NULL,NULL,NULL,NULL,NULL,NULL,NULL,NULL,1,3,2,6,1,1,2,2,1,3,N,NULL,Y,N,1524,1530,1550,N,NULL,55,16,0,N,,N,N,098-KY-3496-0,NULL,NULL,2020,O,7.26E+11,098-KY-3496  -000,HIGH,098-KY-3496  -000,0.103,0,0,0,1,0,0,1,0,0,0,0,0,0,1,DAC,0,1,,
72598488,980100,2.02E+11,20210221,1744,,SAAD,,AVE,,,0,098 CS-1165,CS1165,N,N,NULL,NULL,NULL,N,NULL,NULL,NULL,NULL,NULL,NULL,0.028,NULL,NULL,NULL,NULL,,NULL,0,0,2,2,Y,N,15,NULL,98,9801,NULL,,Y,37.48267,-82.52058,N,NULL,NULL,NULL,NULL,NULL,NULL,NULL,NULL,8,3,1,1,1,1,2,2,6,3,N,NULL,N,N,1746,1751,1751,N,NULL,47,,,N,,N,N,098-CS-1165-0,NULL,NULL,2021,O,7.26E+11,098-CS-1165  -000,HIGH,098-CS-1165  -000,0.028,0,0,1,0,0,0,1,0,0,0,0,0,0,1,DAC,0,1,,
72543688,980100,2.02E+11,20200917,2042,,MAYO,S,TRL,US0023,US0023,0,098 US-23,US0023,N,N,NULL,NULL,NULL,N,NULL,NULL,NULL,NULL,NULL,NULL,20.975,NULL,NULL,NULL,NULL,,NULL,1,0,1,1,N,N,55,NULL,98,9801,NULL,,Y,37.44464,-82.52542,N,NULL,NULL,NULL,NULL,NULL,NULL,NULL,NULL,9,97,4,3,1,5,5,5,1,3,Y,NULL,Y,Y,2042,2042,2042,Y,NULL,70,,1,N,,N,N,098-US-0023-0,NULL,NULL,2020,C,7.25E+11,098-US-0023  -000,HIGH,098-US-0023  -000,20.975,0,0,0,0,0,0,0,0,0,1,0,0,0,1,Non-DAC,0,1,,
72527938,980100,2.02E+11,20200804,837,,US23,,,US0023,US0023,0,098 US-23,US0023,N,N,NULL,NULL,NULL,N,NULL,NULL,NULL,NULL,NULL,NULL,31.591,NULL,NULL,NULL,NULL,,NULL,0,0,2,2,N,N,55,NULL,98,9801,NULL,,Y,37.53688,-82.60184,N,NULL,NULL,NULL,NULL,NULL,NULL,NULL,NULL,5,3,4,6,1,1,2,2,7,3,N,NULL,Y,N,837,847,847,N,NULL,49,,1,N,,N,N,098-US-0023-0,NULL,NULL,2020,O,7.25E+11,098-US-0023  -000,HIGH,098-US-0023  -000,31.591,0,0,0,0,0,0,0,0,0,0,0,0,0,1,Non-DAC,1,0,195-0620,1
72689442,980100,2.02E+11,20211028,1342,,BYPASS,S,RD,KY1426,KY1426,0,098 KY-1426,KY1426,N,N,NULL,NULL,NULL,N,NULL,NULL,NULL,NULL,NULL,NULL,6.255,NULL,NULL,NULL,NULL,,NULL,0,0,2,2,N,N,55,NULL,98,9801,NULL,,Y,37.47842,-82.51559,N,NULL,NULL,NULL,NULL,NULL,NULL,NULL,NULL,1,3,2,6,1,5,6,2,1,3,N,NULL,Y,N,1343,1343,1344,N,NULL,55,,0,N,,N,N,098-KY-1426-0,NULL,NULL,2021,O,7.27E+11,098-KY-1426  -000,HIGH,098-KY-1426  -000,6.255,0,0,0,1,0,0,0,0,0,0,0,0,0,1,DAC,0,1,,
72830639,980100,2.02E+11,20221116,400,,KY1426,,,KY1426,KY1426,0,098 KY-1426,KY1426,N,N,NULL,NULL,NULL,N,NULL,NULL,NULL,NULL,NULL,NULL,8.027,NULL,NULL,NULL,NULL,,NULL,0,0,1,1,N,N,40,NULL,98,9801,NULL,,Y,37.49157,-82.49162,N,NULL,NULL,NULL,NULL,NULL,NULL,NULL,NULL,9,3,2,1,1,5,6,6,1,3,N,NULL,Y,N,415,422,519,N,NULL,44,,0,N,,N,N,098-KY-1426-0,NULL,NULL,2022,O,7.28E+11,098-KY-1426  -000,HIGH,098-KY-1426  -000,8.027,0,0,0,0,0,0,0,0,0,0,0,1,0,1,Non-DAC,0,1,,
72766145,980100,2.02E+11,20220519,1854,,US119,,,US0119,US0119,0,098 US-119-10,US0119,N,N,NULL,NULL,NULL,N,NULL,NULL,NULL,NULL,NULL,NULL,2.697,NULL,NULL,NULL,NULL,,NULL,0,0,2,2,N,N,55,NULL,98,9801,NULL,,Y,37.51401,-82.48712,N,NULL,NULL,NULL,NULL,NULL,NULL,NULL,NULL,5,3,2,6,1,1,3,2,7,3,N,NULL,Y,N,1854,1858,,N,NULL,49,2,1,N,,N,N,098-US-0119-10,NULL,NULL,2022,O,7.28E+11,098-US-0119  -010,HIGH,098-US-0119  -000,2.697,0,0,0,0,0,0,1,0,0,0,0,0,0,1,DAC,1,0,195-0777,1
72542544,980100,2.02E+11,20200902,1716,,US23,,,US0023,US0023,,,,N,N,NULL,NULL,NULL,N,NULL,NULL,NULL,NULL,NULL,NULL,26.217,NULL,NULL,NULL,NULL,,NULL,0,0,3,3,N,N,55,NULL,98,9801,NULL,,Y,37.50272,-82.53202,N,NULL,NULL,NULL,NULL,NULL,NULL,NULL,NULL,1,3,8,6,1,5,6,2,7,3,N,NULL,N,N,1717,1721,,N,NULL,55,,1,N,,N,Y,,NULL,NULL,2020,O,7.25E+11,098-US-0023  -000,MEDIUM,098-US-0023  -000,26.217,0,0,1,0,0,0,0,1,0,0,0,0,1,1,Non-DAC,1,0,195-0861,1
72515043,980100,2.02E+11,20200617,1400,,US23,,,US0023,US0023,,,,N,N,NULL,NULL,NULL,N,NULL,NULL,NULL,NULL,NULL,NULL,20.596,NULL,NULL,NULL,NULL,,NULL,0,0,2,2,N,N,55,NULL,98,9801,NULL,,Y,37.4433,-82.51921,N,NULL,NULL,NULL,NULL,NULL,NULL,NULL,NULL,8,3,4,3,1,1,2,2,7,3,N,NULL,Y,N,1400,1408,,N,NULL,53,,1,N,,N,N,,NULL,NULL,2020,O,7.25E+11,098-US-0023  -010,MEDIUM,098-US-0023  -000,20.596,0,0,0,0,0,0,1,0,0,0,0,1,0,1,Non-DAC,0,1,,
72501905,KSP0900,20-18190,20200515,1810,,MAYO,N,TRL,US0023,US0023,0,098 US-23-10,US0023,N,N,NULL,NULL,NULL,N,NULL,NULL,NULL,NULL,NULL,NULL,26.297,NULL,NULL,NULL,NULL,,NULL,2,0,2,2,N,N,55,NULL,98,9801,NULL,,Y,37.50385,-82.53238,N,NULL,NULL,NULL,NULL,NULL,NULL,NULL,NULL,4,3,4,6,1,1,2,2,1,3,Y,NULL,Y,Y,1810,1810,1900,N,NULL,70,,1,N,,N,N,098-US-0023-10,NULL,NULL,2020,B,7.25E+11,098-US-0023  -010,HIGH,098-US-0023  -000,26.297,0,0,0,0,0,0,0,1,0,1,0,0,0,1,Non-DAC,0,1,,
72619353,980100,2.02E+11,20210430,927,,HAMBLEY,,BLVD,,,0,098 CS-1222,CS1222,N,N,NULL,NULL,NULL,N,NULL,NULL,NULL,NULL,NULL,NULL,0.448,NULL,NULL,NULL,NULL,,NULL,0,0,2,2,Y,N,25,NULL,98,9801,NULL,,Y,37.47779,-82.52089,N,NULL,NULL,NULL,NULL,NULL,NULL,NULL,NULL,8,3,2,6,1,1,2,2,1,3,N,NULL,Y,Y,927,927,927,N,NULL,47,,,Y,,N,N,098-CS-1222-0,NULL,NULL,2021,O,7.26E+11,098-CS-1222  -000,HIGH,098-CS-1222  -000,0.448,0,0,0,0,0,0,0,0,0,0,0,0,0,1,DAC,0,1,,
72767280,980100,2.02E+11,20220530,1540,,KY3218,,,KY3218,KY3218,,,,N,N,NULL,NULL,NULL,N,NULL,NULL,NULL,NULL,NULL,NULL,0.008,NULL,NULL,NULL,NULL,,NULL,0,0,2,2,N,N,45,NULL,98,9801,NULL,,Y,37.53709,-82.60155,N,NULL,NULL,NULL,NULL,NULL,NULL,NULL,NULL,5,3,3,4,1,1,2,2,7,3,N,NULL,Y,N,1541,1549,,N,NULL,49,8,0,N,,N,N,,NULL,NULL,2022,O,7.28E+11,098-KY-3218  -000,HIGH,098-KY-3218  -000,0.008,0,0,0,0,0,0,1,0,0,0,0,0,0,1,Non-DAC,1,0,195-0620,1
72535496,980100,2.02E+11,20200824,614,,SCOTT,,AVE,,,,,,N,N,NULL,NULL,NULL,N,NULL,NULL,NULL,NULL,NULL,NULL,0.13,NULL,NULL,NULL,NULL,,NULL,0,0,2,1,N,Y,15,NULL,98,9801,NULL,,Y,37.48316,-82.51734,N,NULL,NULL,NULL,NULL,NULL,NULL,NULL,NULL,9,97,1,6,2,1,2,2,6,3,N,NULL,Y,N,614,616,616,N,NULL,37,,,N,,N,N,,NULL,NULL,2020,O,7.25E+11,098-CS-1116  -000,MEDIUM,098-CS-1116  -000,0.13,0,0,0,0,0,1,0,0,0,0,0,0,0,1,DAC,1,0,195-1017,1
72754250,980500,2022AR018,20220415,953,,US23,,,US0023,US0023,0,098 US-23,US0023,N,N,NULL,NULL,NULL,N,NULL,NULL,NULL,NULL,NULL,NULL,29.603,NULL,NULL,NULL,NULL,,NULL,0,0,2,2,N,N,55,NULL,98,9801,0.1,N,N,37.53159,-82.57696,N,NULL,NULL,NULL,NULL,NULL,NULL,NULL,NULL,8,3,5,6,1,1,2,2,1,3,N,NULL,Y,Y,953,956,1015,N,NULL,53,,1,N,,N,N,098-US-0023-0,NULL,NULL,2022,O,7.28E+11,098-US-0023  -000,HIGH,098-US-0023  -000,29.603,0,0,0,1,0,0,1,0,0,0,0,1,0,1,Non-DAC,0,1,,
72478360,980100,2.02E+11,20200217,1716,,MAYO,N,TRL,US0023,US0023,0,098 US-23,US0023,N,N,NULL,NULL,NULL,N,NULL,NULL,NULL,NULL,NULL,NULL,26.175,NULL,NULL,NULL,NULL,,NULL,0,0,2,2,N,N,55,NULL,98,9801,NULL,,Y,37.50212,-82.53194,N,NULL,NULL,NULL,NULL,NULL,NULL,NULL,NULL,5,3,4,6,1,1,3,2,1,3,N,NULL,Y,N,1716,1719,,N,NULL,70,,1,N,,N,N,098-US-0023-0,NULL,NULL,2020,O,7.25E+11,098-US-0023  -000,HIGH,098-US-0023  -000,26.175,0,0,0,0,0,0,1,0,0,0,0,0,0,1,Non-DAC,1,0,195-0861,1
72552990,980100,2.02E+11,20201014,1548,,BYPASS,S,RD,KY1426,KY1426,0,098 KY-1426,KY1426,N,N,NULL,NULL,NULL,N,NULL,NULL,NULL,NULL,NULL,NULL,5.848,NULL,NULL,NULL,NULL,,NULL,0,0,2,2,N,N,55,NULL,98,9801,NULL,,Y,37.47385,-82.52029,N,NULL,NULL,NULL,NULL,NULL,NULL,NULL,NULL,8,7,2,4,1,1,2,8,1,3,N,NULL,Y,N,1548,1548,,N,NULL,47,,0,N,,N,N,098-KY-1426-0,NULL,NULL,2020,O,7.26E+11,098-KY-1426  -000,HIGH,098-KY-1426  -000,5.848,0,0,1,0,0,0,0,0,0,0,0,0,0,1,DAC,0,1,,
72630489,KSP0900,21-212220,20210524,2308,,KY3218,,,KY3218,KY3218,0,098 KY-3218,KY3218,N,N,NULL,NULL,NULL,N,NULL,NULL,NULL,NULL,NULL,NULL,3.236,NULL,NULL,NULL,NULL,,NULL,2,0,1,1,N,N,55,NULL,98,9801,NULL,,Y,37.56206,-82.55688,N,NULL,NULL,NULL,NULL,NULL,NULL,NULL,NULL,9,3,2,1,1,1,2,6,7,3,Y,NULL,Y,Y,2312,2331,,N,NULL,70,8,0,N,,N,N,098-KY-3218-0,NULL,NULL,2021,A,7.26E+11,098-KY-3218  -000,HIGH,098-KY-3218  -000,3.236,0,0,1,0,0,0,1,0,0,1,0,1,0,1,Non-DAC,0,1,,
72466488,980100,2.02E+11,20200122,721,,BAIRD,,AVE,KY1426,KY1426,0,098 KY-1426,KY1426,N,N,NULL,NULL,NULL,N,NULL,NULL,NULL,NULL,NULL,NULL,5.393,NULL,NULL,NULL,NULL,,NULL,0,0,2,2,N,N,25,NULL,98,9801,NULL,,Y,37.47329,-82.52715,N,NULL,NULL,NULL,NULL,NULL,NULL,NULL,NULL,8,97,2,6,1,1,2,2,7,3,N,NULL,N,N,723,731,735,N,NULL,53,,0,N,,N,N,098-KY-1426-0,NULL,NULL,2020,O,7.25E+11,098-KY-1426  -000,HIGH,098-KY-1426  -000,5.393,0,0,0,1,0,0,1,0,0,0,0,1,0,1,DAC,1,0,195-1174,1
72724092,980100,2.02E+11,20220123,1858,,CHLOE,,RD,KY1460,KY1460,0,098 KY-1460,KY1460,N,N,NULL,NULL,NULL,N,NULL,NULL,NULL,NULL,NULL,NULL,,NULL,NULL,NULL,NULL,NULL,NULL,0,0,1,1,Y,N,35,NULL,98,9801,NULL,,Y,37.47744,-82.5051,N,NULL,NULL,NULL,NULL,NULL,NULL,NULL,NULL,9,5,2,6,1,5,3,5,5,3,N,NULL,Y,N,1859,1901,,N,NULL,40,,0,N,,N,N,098-KY-1460-0,NULL,NULL,2022,O,7.27E+11,098-KY-1460  -000,HIGH,098-KY-1460  -000,4.443,0,0,0,0,0,0,0,1,0,0,0,1,0,1,Non-DAC,0,1,,
72657996,980100,2.02E+11,20210811,1133,,KY1426,,,KY1426,KY1426,0,098 KY-1426,KY1426,N,N,NULL,NULL,NULL,N,NULL,NULL,NULL,NULL,NULL,NULL,6.894,NULL,NULL,NULL,NULL,,NULL,0,0,2,2,N,N,35,NULL,98,9801,NULL,,Y,37.48658,-82.50854,N,NULL,NULL,NULL,NULL,NULL,NULL,NULL,NULL,5,3,2,6,1,1,2,2,7,3,N,NULL,Y,N,1133,1155,1155,N,NULL,49,,0,N,,N,N,098-KY-1426-0,NULL,NULL,2021,O,7.27E+11,098-KY-1426  -000,HIGH,098-KY-1426  -000,6.894,0,0,1,0,0,0,1,0,0,0,0,0,0,1,Non-DAC,0,1,,
72505044,980100,2.02E+11,20200521,916,,BYPASS,S,RD,KY1426,KY1426,0,098 KY-1426,KY1426,N,N,NULL,NULL,NULL,N,NULL,NULL,NULL,NULL,NULL,NULL,6.594,NULL,NULL,NULL,NULL,,NULL,0,0,3,3,N,N,55,NULL,98,9801,NULL,,Y,37.48291,-82.51339,N,NULL,NULL,NULL,NULL,NULL,NULL,NULL,NULL,5,3,2,6,1,1,2,2,1,3,N,NULL,Y,N,917,919,1105,Y,NULL,49,,0,Y,,N,N,098-KY-1426-0,NULL,NULL,2020,O,7.25E+11,098-KY-1426  -000,HIGH,098-KY-1426  -000,6.594,0,0,0,1,0,0,0,0,1,0,0,0,0,1,DAC,1,0,195-1019,1
72743010,980100,2.02E+11,20220318,1528,,MAIN,,ST,,,0,098 CS-1112,CS1112,N,N,NULL,NULL,NULL,N,NULL,NULL,NULL,NULL,NULL,NULL,0.079,NULL,NULL,NULL,NULL,,NULL,0,0,1,1,N,N,15,NULL,98,9801,NULL,,Y,37.47877,-82.51796,N,NULL,NULL,NULL,NULL,NULL,NULL,NULL,NULL,9,4,2,6,1,1,2,2,1,3,N,NULL,Y,N,1528,1536,1536,Y,NULL,40,,,N,,N,N,098-CS-1112-0,NULL,NULL,2022,O,7.27E+11,098-CS-1112  -000,HIGH,098-CS-1112  -000,0.079,0,0,0,0,0,0,0,0,0,0,0,1,0,1,DAC,1,0,195-1102,1
72457795,980100,2.02E+11,20191231,726,,US23,,,US0023,US0023,,,,N,N,NULL,NULL,NULL,N,NULL,NULL,NULL,NULL,NULL,NULL,25.747,NULL,NULL,NULL,NULL,,NULL,0,0,2,2,N,N,55,NULL,98,9801,NULL,,Y,37.49603,-82.53111,N,NULL,NULL,NULL,NULL,NULL,NULL,NULL,NULL,8,3,4,3,1,1,2,5,7,3,N,NULL,N,N,726,736,726,N,NULL,53,,1,N,,N,N,,NULL,NULL,2019,O,7.25E+11,098-US-0023  -000,MEDIUM,098-US-0023  -000,25.747,0,0,0,0,0,0,1,0,0,0,0,1,0,1,Non-DAC,0,1,,
72538433,980100,2.02E+11,20200902,1535,,US23,,,US0023,US0023,0,098 US-23,US0023,N,N,NULL,NULL,NULL,N,NULL,NULL,NULL,NULL,NULL,NULL,23.057,NULL,NULL,NULL,NULL,,NULL,2,0,2,2,N,N,55,NULL,98,9801,NULL,,Y,37.46585,-82.52813,N,NULL,NULL,NULL,NULL,NULL,NULL,NULL,NULL,1,3,4,6,1,1,3,2,1,3,Y,NULL,Y,Y,1536,1537,1631,N,NULL,55,,1,N,,N,N,098-US-0023-0,NULL,NULL,2020,C,7.25E+11,098-US-0023  -000,HIGH,098-US-0023  -000,23.057,0,0,0,0,0,0,1,1,0,0,0,0,0,1,DAC,0,1,,
72612742,980100,2.02E+11,20210407,532,,US23,,,US0023,US0023,0,098 US-23-10,US0023,N,N,NULL,NULL,NULL,N,NULL,NULL,NULL,NULL,NULL,NULL,31.18,NULL,NULL,NULL,NULL,,NULL,0,0,1,1,N,N,55,NULL,98,9801,NULL,,Y,37.53755,-82.59462,N,NULL,NULL,NULL,NULL,NULL,NULL,NULL,NULL,9,3,4,3,1,1,2,6,1,3,N,NULL,Y,N,532,543,613,Y,NULL,40,,1,N,,N,Y,098-US-0023-10,NULL,NULL,2021,O,7.26E+11,098-US-0023  -010,HIGH,098-US-0023  -000,31.18,0,0,0,0,0,0,0,0,0,0,0,1,0,1,Non-DAC,0,1,,
72658667,980100,2.02E+11,20210810,1534,,US23,,,US0023,US0023,0,098 US-23,US0023,N,N,NULL,NULL,NULL,N,NULL,NULL,NULL,NULL,NULL,NULL,27.366,NULL,NULL,NULL,NULL,,NULL,0,0,2,2,N,N,55,NULL,98,9801,NULL,,Y,37.51106,-82.54951,N,NULL,NULL,NULL,NULL,NULL,NULL,NULL,NULL,8,3,4,6,1,1,2,2,1,3,N,NULL,Y,N,1534,1556,,N,NULL,53,,1,N,,N,N,098-US-0023-0,NULL,NULL,2021,O,7.27E+11,098-US-0023  -000,HIGH,098-US-0023  -000,27.366,0,0,0,1,0,0,1,0,0,0,0,1,0,1,Non-DAC,1,0,195-0811,1