MasterFile,AgencyORINumber,LocalCode,CollisionDate,CollisionTime,CollisionDayWeekCode,RoadwayName,RoadwayName_Direction_,RoadwayName_RoadwaySuffix_,RoadwayfromReport,CurrentRoadwayNumber,RoadwayNumberCoupletID,RSEUniqueGIS,RoadwayIdentifier,ParkingLotIndicator,IntersectionWith_Indicator_,IntersectionWith_NameRoadway_,IntersectionWith_Direction_,IntersectionWith_RoadwaySuffix_,BetweenStreets_Indicator_,BetweenStreets1_NameRoadway_,BetweenStreet1_Direction_,BetweenStreets1_RoadwaySuffix_,BetweenStreets2_NameRoadway_,BetweenStreets2_Direction_,BetweenStreets2_RoadwaySuffix_,Milepoint,ReportMilepointDeriveNumber,CurrentDerivedMiepointNumber,MilestoMilepoint,FeettoMilepoint,DirectionfromMilepoint_NSEW_,ValidMilepointIndicator,NumberInjured,NumberKilled,ofUnits,ofMotorVehicleUnits,Hit&RunIndicator,OneWayIndicator,SpeedLimitNumber,KilometersIndicator,CountyCode,CityCountyCode,MilesFromCity,DirectionFromCity_NSEW_,InCityLimitsIndicator,Latitude,Longitude,RampIndicator,RampFromIdentifier,RampFromDirCode,RampFromCoupletID,RSEUniqueGISRampFrom,RampToidentifier,RampToDirCode,RampToCoupletID,RSEUniqueGisRampTo,MannerofCollisionCode,LocationFirstEventCode,TotalLanes,RoadwayCharacterCode,RoadwaySurfaceCode,RoadwayConditionCode,WeatherCode,LightConditionCode,LandUseCode,SchoolBusRelatedCode,FirstAidSceneIndicator,CollDescPresentInd,InvestigationCompleteIndicator,PhotosTakenIndicator,TimeNotified,TimeArrived,TimeRoadwayOpened,PropertyDamageIndicator,DiagramPresentIndicator,DirectionalAnalysis,FunctionClassCode,NationalHwySysCode,EnforcementsIndicator,KARSCityCode,SecondaryCollisionIndicator,MedianCrossoverIndicator,RT_UNIQUE,MapIt,TimeLastLeft,YR,KABCO,MFNY,WorkingRID,RT_CONFIDENCE,KTC_RT,KTC_MP,Motorcyclist,Commercial Vehicle,Young Driver,Mature Driver,Pedestrian,Bicyclist,Distracted,Aggressive,Impaired,Unrestrained,Intersection,Roadway Departure,Median Cross-over,CityCrash,DACid,Intersection Crash,Segment Crash,Int_ID,CityIntersection
72794104,980100,2.02E+11,20220814,1401,,US23,,,US0023,US0023,0,098 US-23,US0023,N,N,NULL,NULL,NULL,N,NULL,NULL,NULL,NULL,NULL,NULL,25.379,NULL,NULL,NULL,NULL,,NULL,0,0,2,2,N,N,55,NULL,98,9801,NULL,,Y,37.49183,-82.53511,N,NULL,NULL,NULL,NULL,NULL,NULL,NULL,NULL,5,3,4,6,1,1,2,2,7,3,N,NULL,Y,N,1401,1401,1401,N,NULL,49,,1,N,,N,N,098-US-0023-0,NULL,NULL,2022,O,7.28E+11,098-US-0023  -000,HIGH,098-US-0023  -000,25.379,0,0,0,1,0,0,1,0,0,0,0,0,0,1,Non-DAC,0,1,,
72632907,980100,2.02E+11,20210605,1009,,US23,,,US0023,US0023,,,,N,N,NULL,NULL,NULL,N,NULL,NULL,NULL,NULL,NULL,NULL,26.363,NULL,NULL,NULL,NULL,,NULL,0,0,2,2,N,N,55,NULL,98,9801,NULL,,Y,37.50476,-82.53254,N,NULL,NULL,NULL,NULL,NULL,NULL,NULL,NULL,5,3,4,6,1,1,2,2,7,3,N,NULL,Y,N,1011,1017,1020,N,NULL,49,,1,N,,N,N,,NULL,NULL,2021,O,7.26E+11,098-US-0023  -010,MEDIUM,098-US-0023  -000,26.363,0,0,0,0,0,0,1,0,0,0,0,0,0,1,Non-DAC,0,1,,
72635275,980100,2.02E+11,20210610,1651,,JULIUS,,AVE,,,0,098 CS-1156,CS1156,N,N,NULL,NULL,NULL,N,NULL,NULL,NULL,NULL,NULL,NULL,0.032,NULL,NULL,NULL,NULL,,NULL,0,0,2,2,N,N,15,NULL,98,9801,NULL,,Y,37.47664,-82.52287,N,NULL,NULL,NULL,NULL,NULL,NULL,NULL,NULL,7,3,1,6,1,5,3,2,1,3,N,NULL,Y,N,1651,1655,1737,N,NULL,47,,,Y,,N,N,098-CS-1156-0,NULL,NULL,2021,O,7.26E+11,098-CS-1156  -000,HIGH,098-CS-1156  -000,0.032,0,0,1,0,0,0,1,0,0,0,0,0,0,1,DAC,0,1,,
72528083,980100,2.02E+11,20200724,1657,,OWSLEY,,RD,KY1384,KY1384,0,098 KY-1384,KY1384,N,N,NULL,NULL,NULL,N,NULL,NULL,NULL,NULL,NULL,NULL,6.858,NULL,NULL,NULL,NULL,,NULL,2,0,2,2,N,N,45,NULL,98,9801,NULL,,Y,37.47984,-82.54191,N,NULL,NULL,NULL,NULL,NULL,NULL,NULL,NULL,1,3,4,6,1,1,2,2,1,3,N,NULL,Y,Y,1657,1700,,N,NULL,55,16,0,N,,N,N,098-KY-1384-0,NULL,NULL,2020,C,7.25E+11,098-KY-1384  -000,HIGH,098-KY-1384  -000,6.858,0,0,0,0,0,0,1,0,0,0,0,0,0,1,DAC,1,0,195-1095,1
72554252,980100,2.02E+11,20201018,1455,,US23,,,US0023,US0023,,,,N,N,NULL,NULL,NULL,N,NULL,NULL,NULL,NULL,NULL,NULL,26.278,NULL,NULL,NULL,NULL,,NULL,0,0,2,2,N,N,55,NULL,98,9801,NULL,,Y,37.50357,-82.53214,N,NULL,NULL,NULL,NULL,NULL,NULL,NULL,NULL,5,3,4,6,1,1,2,2,1,3,N,NULL,Y,N,1455,1458,1527,N,NULL,70,,1,N,,N,N,,NULL,NULL,2020,O,7.26E+11,098-US-0023  -000,MEDIUM,098-US-0023  -000,26.278,0,0,0,0,0,0,1,0,0,0,0,0,0,1,Non-DAC,0,1,,
72794716,980100,2.02E+11,20220810,1655,,US23,,,US0023,US0023,0,098 US-23-10,US0023,N,N,NULL,NULL,NULL,N,NULL,NULL,NULL,NULL,NULL,NULL,21.321,NULL,NULL,NULL,NULL,,NULL,0,0,4,4,N,N,55,NULL,98,9801,NULL,,Y,37.44946,-82.52471,N,NULL,NULL,NULL,NULL,NULL,NULL,NULL,NULL,3,3,4,6,1,1,3,2,1,3,Y,NULL,Y,N,1655,1700,1700,Y,NULL,47,,1,N,,N,N,098-US-0023-10,NULL,NULL,2022,O,7.28E+11,098-US-0023  -010,HIGH,098-US-0023  -000,21.321,0,0,0,0,0,0,0,0,0,0,0,1,0,1,Non-DAC,1,0,195-1278,1
72456991,980100,2.02E+11,20191228,2323,,MAIN,,ST,,,0,098 CS-1112,CS1112,N,N,NULL,NULL,NULL,N,NULL,NULL,NULL,NULL,NULL,NULL,0.13,NULL,NULL,NULL,NULL,,NULL,0,0,2,2,N,N,25,NULL,98,9801,NULL,,Y,37.47958,-82.51748,N,NULL,NULL,NULL,NULL,NULL,NULL,NULL,NULL,5,7,2,6,1,1,3,5,1,3,N,NULL,Y,N,2152,2153,,N,NULL,47,,,Y,,N,N,098-CS-1112-0,NULL,NULL,2019,O,7.25E+11,098-CS-1112  -000,HIGH,098-CS-1112  -000,0.13,0,0,0,0,0,0,0,0,1,0,0,0,0,1,DAC,1,0,195-1087,1
72503359,980100,2.02E+11,20200520,1140,,THOMPSON,,RD,,,0,098 CS-1215,CS1215,N,N,NULL,NULL,NULL,N,NULL,NULL,NULL,NULL,NULL,NULL,0.673,NULL,NULL,NULL,NULL,,NULL,0,0,2,2,N,N,35,NULL,98,9801,NULL,,Y,37.50518,-82.54089,N,NULL,NULL,NULL,NULL,NULL,NULL,NULL,NULL,8,3,2,6,1,1,3,2,7,3,N,NULL,Y,N,1140,1148,1148,N,NULL,53,,,N,,N,N,098-CS-1215-0,NULL,NULL,2020,O,7.25E+11,098-CS-1215  -000,HIGH,098-CS-1215  -000,0.673,0,0,1,1,0,0,1,0,0,0,0,1,0,1,Non-DAC,0,1,,
72789018,980100,2.02E+11,20220801,951,,US23,,,US0023,US0023,0,098 US-23,US0023,N,N,NULL,NULL,NULL,N,NULL,NULL,NULL,NULL,NULL,NULL,23.067,NULL,NULL,NULL,NULL,,NULL,0,0,1,1,N,N,55,NULL,98,9801,NULL,,Y,37.46595,-82.52814,N,NULL,NULL,NULL,NULL,NULL,NULL,NULL,NULL,9,2,4,6,1,5,3,2,7,3,N,NULL,Y,N,952,957,1017,Y,NULL,40,,1,N,,N,N,098-US-0023-0,NULL,NULL,2022,O,7.28E+11,098-US-0023  -000,HIGH,098-US-0023  -000,23.067,0,0,0,0,0,0,0,0,0,0,0,1,0,1,DAC,0,1,,
72621826,980100,2.02E+11,20210506,1718,,US23,,,US0023,US0023,0,098 US-23-10,US0023,N,N,NULL,NULL,NULL,N,NULL,NULL,NULL,NULL,NULL,NULL,26.364,NULL,NULL,NULL,NULL,,NULL,0,0,3,3,N,N,55,NULL,98,9801,NULL,,Y,37.50482,-82.53238,N,NULL,NULL,NULL,NULL,NULL,NULL,NULL,NULL,6,3,4,6,1,1,2,2,1,3,N,NULL,Y,N,1718,1727,1808,N,NULL,70,,1,N,,N,N,098-US-0023-10,NULL,NULL,2021,O,7.26E+11,098-US-0023  -010,HIGH,098-US-0023  -000,26.364,0,0,0,0,0,0,1,0,0,0,0,0,0,1,Non-DAC,0,1,,
72685970,980100,2.02E+11,20211021,1530,,BYPASS,S,RD,KY1426,KY1426,0,098 KY-1426,KY1426,N,N,NULL,NULL,NULL,N,NULL,NULL,NULL,NULL,NULL,NULL,6.111,NULL,NULL,NULL,NULL,,NULL,0,0,2,2,N,N,35,NULL,98,9801,NULL,,Y,37.47684,-82.51714,N,NULL,NULL,NULL,NULL,NULL,NULL,NULL,NULL,5,3,2,6,1,1,3,2,7,3,N,NULL,Y,N,1533,1533,1533,N,NULL,49,,0,N,,N,N,098-KY-1426-0,NULL,NULL,2021,O,7.27E+11,098-KY-1426  -000,HIGH,098-KY-1426  -000,6.111,0,0,1,0,0,0,0,0,0,0,0,0,0,1,DAC,1,0,195-1125,1
72499980,980100,2.02E+11,20200508,2137,,US23,,,US0023,US0023,,,,N,N,NULL,NULL,NULL,N,NULL,NULL,NULL,NULL,NULL,NULL,25.563,NULL,NULL,NULL,NULL,,NULL,0,0,1,1,N,N,55,NULL,98,9801,NULL,,Y,37.49382,-82.53286,N,NULL,NULL,NULL,NULL,NULL,NULL,NULL,NULL,9,97,4,6,1,5,10,6,7,3,N,NULL,Y,N,2137,2141,2141,N,NULL,44,,1,N,,N,Y,,NULL,NULL,2020,O,7.25E+11,098-US-0023  -000,MEDIUM,098-US-0023  -000,25.563,0,0,1,0,0,0,0,0,0,0,0,1,0,1,Non-DAC,1,0,195-0912,1
72550686,980100,2.02E+11,20201005,1752,,BYPASS,S,RD,KY1426,KY1426,,,,N,N,NULL,NULL,NULL,N,NULL,NULL,NULL,NULL,NULL,NULL,5.705,NULL,NULL,NULL,NULL,,NULL,0,0,2,2,N,N,35,NULL,98,9801,NULL,,Y,37.47286,-82.5226,N,NULL,NULL,NULL,NULL,NULL,NULL,NULL,NULL,5,3,3,6,1,1,2,2,1,3,N,NULL,Y,N,1752,1754,,N,NULL,49,,0,N,,N,N,,NULL,NULL,2020,O,7.26E+11,098-KY-1426  -000,HIGH,098-KY-1426  -000,5.705,0,0,0,0,0,0,1,1,0,0,0,0,0,1,DAC,1,0,195-1178,1
72642305,980100,2.02E+11,20210629,1620,,HUFFMAN,,AVE,,,0,098 CS-1123,CS1123,N,N,NULL,NULL,NULL,N,NULL,NULL,NULL,NULL,NULL,NULL,0.019,NULL,NULL,NULL,NULL,,NULL,0,0,2,2,N,N,25,NULL,98,9801,NULL,,Y,37.47704,-82.51736,N,NULL,NULL,NULL,NULL,NULL,NULL,NULL,NULL,5,3,2,6,1,1,2,2,1,3,N,NULL,Y,N,1620,1624,1625,N,NULL,49,,,N,,N,N,098-CS-1123-0,NULL,NULL,2021,O,7.26E+11,098-CS-1123  -000,HIGH,098-CS-1123  -000,0.019,0,0,0,0,0,0,1,0,0,0,0,0,0,1,DAC,1,0,195-1123,1
72499053,980100,2.02E+11,20200505,1033,,US23,,,US0023,US0023,0,098 US-23,US0023,N,N,NULL,NULL,NULL,N,NULL,NULL,NULL,NULL,NULL,NULL,23.061,NULL,NULL,NULL,NULL,,NULL,0,0,2,2,N,N,55,NULL,98,9801,NULL,,Y,37.46593,-82.52804,N,NULL,NULL,NULL,NULL,NULL,NULL,NULL,NULL,5,3,4,6,1,5,6,2,7,3,N,NULL,Y,N,1034,1040,1040,N,NULL,49,,1,N,,N,N,098-US-0023-0,NULL,NULL,2020,O,7.25E+11,098-US-0023  -000,HIGH,098-US-0023  -000,23.061,0,0,0,1,0,0,0,0,0,0,0,0,0,1,DAC,0,1,,
72632174,980100,2.02E+11,20210521,1257,,CHLOE,,RD,KY1460,KY1460,,,,N,N,NULL,NULL,NULL,N,NULL,NULL,NULL,NULL,NULL,NULL,3.819,NULL,NULL,NULL,NULL,,NULL,1,0,1,1,N,N,45,NULL,98,9801,NULL,,Y,37.47723,-82.49359,N,NULL,NULL,NULL,NULL,NULL,NULL,NULL,NULL,9,4,2,2,1,1,2,2,6,3,Y,NULL,Y,N,1257,1301,1329,N,NULL,44,,0,Y,,N,N,,NULL,NULL,2021,C,7.26E+11,098-KY-1460  -000,HIGH,098-KY-1460  -000,3.819,0,0,0,0,0,0,1,0,0,0,0,1,0,1,Non-DAC,0,1,,
72560284,980100,2.02E+11,20201103,940,,BYPASS,S,RD,KY1426,KY1426,0,098 KY-1426,KY1426,N,N,NULL,NULL,NULL,N,NULL,NULL,NULL,NULL,NULL,NULL,5.83,NULL,NULL,NULL,NULL,,NULL,0,0,2,2,N,N,55,NULL,98,9801,NULL,,Y,37.47373,-82.52059,N,NULL,NULL,NULL,NULL,NULL,NULL,NULL,NULL,5,3,2,6,1,1,2,2,1,3,N,NULL,Y,N,940,943,,N,NULL,49,,0,N,,N,N,098-KY-1426-0,NULL,NULL,2020,O,7.26E+11,098-KY-1426  -000,HIGH,098-KY-1426  -000,5.83,0,0,1,0,0,0,1,0,0,0,0,0,0,1,DAC,0,1,,
72612184,980100,2.02E+11,20210331,724,,US23,,,US0023,US0023,0,098 US-23,US0023,N,N,NULL,NULL,NULL,N,NULL,NULL,NULL,NULL,NULL,NULL,20.742,NULL,NULL,NULL,NULL,,NULL,2,0,2,2,N,N,55,NULL,98,9801,NULL,,Y,37.44296,-82.52277,N,NULL,NULL,NULL,NULL,NULL,NULL,NULL,NULL,1,3,4,3,1,5,3,3,1,3,Y,NULL,Y,Y,724,730,834,N,NULL,55,,1,N,,N,Y,098-US-0023-0,NULL,NULL,2021,A,7.26E+11,098-US-0023  -000,HIGH,098-US-0023  -000,20.742,0,0,0,1,0,0,1,0,0,0,0,0,1,1,Non-DAC,0,1,,
72676308,980100,2.02E+11,20210817,2051,,US23,,,US0023,US0023,,,,N,N,NULL,NULL,NULL,N,NULL,NULL,NULL,NULL,NULL,NULL,31.08,NULL,NULL,NULL,NULL,,NULL,0,0,1,1,N,N,55,NULL,98,9801,NULL,,Y,37.53875,-82.59377,N,NULL,NULL,NULL,NULL,NULL,NULL,NULL,NULL,9,3,4,6,1,5,6,6,7,3,N,NULL,Y,N,2051,2104,2104,N,NULL,44,,1,N,,N,N,,NULL,NULL,2021,O,7.27E+11,098-US-0023  -000,MEDIUM,098-US-0023  -000,31.08,0,0,0,0,0,0,1,1,0,0,0,1,0,1,Non-DAC,0,1,,
72583232,980100,2.02E+11,20201230,1857,,US23,,,US0023,US0023,,,,N,N,NULL,NULL,NULL,N,NULL,NULL,NULL,NULL,NULL,NULL,29.524,NULL,NULL,NULL,NULL,,NULL,0,0,2,2,N,N,45,NULL,98,9807,NULL,,Y,37.53057,-82.57635,N,NULL,NULL,NULL,NULL,NULL,NULL,NULL,NULL,8,6,4,6,1,1,2,6,1,3,N,NULL,Y,N,1857,1916,1916,N,NULL,51,,1,N,,N,N,,NULL,NULL,2020,O,7.26E+11,098-US-0023  -000,MEDIUM,098-US-0023  -000,29.524,0,1,0,1,0,0,0,0,0,1,0,1,0,1,Non-DAC,0,1,,
72781929,KSP0900,22-263798,20220711,1608,,US119,,,US0119,US0119,0,098 US-119,US0119,N,N,NULL,NULL,NULL,N,NULL,NULL,NULL,NULL,NULL,NULL,0.485,NULL,NULL,NULL,NULL,,NULL,1,0,2,2,N,N,55,NULL,98,9801,NULL,,Y,37.50631,-82.52394,N,NULL,NULL,NULL,NULL,NULL,NULL,NULL,NULL,5,3,2,4,1,1,2,2,7,3,Y,NULL,Y,Y,1608,1618,1737,N,NULL,49,2,1,N,,N,N,098-US-0119-0,NULL,NULL,2022,B,7.28E+11,098-US-0119  -000,HIGH,098-US-0119  -000,0.485,0,1,0,0,0,0,1,0,0,0,0,0,0,1,Non-DAC,0,1,,
72568509,980100,2.02E+11,20201124,1810,,US23,,,US0023,US0023,0,098 US-23,US0023,N,N,NULL,NULL,NULL,N,NULL,NULL,NULL,NULL,NULL,NULL,27.369,NULL,NULL,NULL,NULL,,NULL,0,0,3,3,N,N,55,NULL,98,9801,NULL,,Y,37.51078,-82.54873,N,NULL,NULL,NULL,NULL,NULL,NULL,NULL,NULL,5,3,4,6,1,1,2,5,7,3,N,NULL,Y,N,1818,1824,1842,N,NULL,49,,1,N,,N,N,098-US-0023-0,NULL,NULL,2020,O,7.26E+11,098-US-0023  -000,HIGH,098-US-0023  -000,27.369,0,0,1,0,0,0,0,0,0,0,0,0,0,1,Non-DAC,1,0,195-0811,1
72958466,980100,2.02E+11,20231012,1750,,US23,,,US0023,US0023,0,098 US-23,US0023,N,N,NULL,NULL,NULL,N,NULL,NULL,NULL,NULL,NULL,NULL,23.979,NULL,NULL,NULL,NULL,,NULL,0,0,2,2,N,N,45,NULL,98,9801,NULL,,Y,37.47546,-82.53823,N,NULL,NULL,NULL,NULL,NULL,NULL,NULL,NULL,5,3,4,6,1,1,2,2,2,3,N,NULL,Y,N,1750,1759,1759,N,NULL,49,,1,N,,N,N,098-US-0023-0,NULL,NULL,2023,O,7.3E+11,098-US-0023  -000,HIGH,098-US-0023  -000,23.912,0,0,0,0,0,0,1,1,0,0,0,0,0,1,DAC,0,1,,
72986031,980100,2.02E+11,20231129,640,,US23,,,US0023,US0023,0,098 US-23,US0023,N,N,NULL,NULL,NULL,N,NULL,NULL,NULL,NULL,NULL,NULL,22.28,NULL,NULL,NULL,NULL,,NULL,0,0,1,1,N,N,55,NULL,98,9801,NULL,,Y,37.46157,-82.51691,N,NULL,NULL,NULL,NULL,NULL,NULL,NULL,NULL,9,3,4,3,1,1,2,6,7,3,N,NULL,Y,N,640,645,645,N,NULL,38,,1,N,,N,N,098-US-0023-0,NULL,NULL,2023,O,7.3E+11,098-US-0023  -000,HIGH,098-US-0023  -000,22.239,0,0,0,0,0,0,0,0,0,0,0,0,0,1,Non-DAC,1,0,195-1243,1
72901692,980100,2.02E+11,20230517,1418,,KY1426,,,KY1426,KY1426,0,098 KY-1426,KY1426,N,N,NULL,NULL,NULL,N,NULL,NULL,NULL,NULL,NULL,NULL,6.921,NULL,NULL,NULL,NULL,,NULL,2,0,2,2,N,N,45,NULL,98,9801,NULL,,Y,37.48627,-82.50911,N,NULL,NULL,NULL,NULL,NULL,NULL,NULL,NULL,5,3,2,6,1,1,2,2,7,3,Y,NULL,Y,Y,1418,1421,1526,N,NULL,49,,0,N,,N,N,098-KY-1426-0,NULL,NULL,2023,C,7.29E+11,098-KY-1426  -000,HIGH,098-KY-1426  -000,6.926,0,0,0,0,0,0,1,0,0,0,0,0,0,1,Non-DAC,1,0,195-0950,1
72947656,980100,2.02E+11,20230911,1233,,KY3227 CROSSOVER,,,KY3227,KY3227,0,098 KY-3227-30,KY3227,N,N,NULL,NULL,NULL,N,NULL,NULL,NULL,NULL,NULL,NULL,0.005,NULL,NULL,NULL,NULL,,NULL,1,0,2,1,N,N,55,NULL,98,9801,NULL,,Y,37.51044,-82.54823,N,NULL,NULL,NULL,NULL,NULL,NULL,NULL,NULL,9,3,2,6,1,1,3,2,1,3,Y,NULL,Y,N,1234,1245,1337,N,NULL,37,8,0,N,,N,N,098-KY-3227-30,NULL,NULL,2023,A,7.29E+11,098-KY-3227  -030,HIGH,098-KY-3227  -030,0,0,0,0,0,0,1,0,0,0,0,0,0,0,1,Non-DAC,1,0,195-0811,1
72927253,980100,2.02E+11,20230721,1224,,JULIUS,,AVE,,,0,098 CS-1156,CS1156,N,N,NULL,NULL,NULL,N,NULL,NULL,NULL,NULL,NULL,NULL,0.005,NULL,NULL,NULL,NULL,,NULL,0,0,1,1,N,N,15,NULL,98,9801,NULL,,Y,37.47629,-82.52264,N,NULL,NULL,NULL,NULL,NULL,NULL,NULL,NULL,9,4,1,4,1,1,2,2,6,3,N,NULL,Y,N,1225,1226,1304,N,NULL,44,,,N,,N,N,098-CS-1156-0,NULL,NULL,2023,O,7.29E+11,098-CS-1156  -000,HIGH,098-CS-1156  -000,0.004,0,0,0,0,0,0,0,0,0,1,0,1,0,1,DAC,1,0,195-1141,1
72848427,980100,2.02E+11,20221218,2102,,CEDAR HILLS,,RD,KY1426,KY1426,0,098 KY-1426,KY1426,N,N,NULL,NULL,NULL,N,NULL,NULL,NULL,NULL,NULL,NULL,4.531,NULL,NULL,NULL,NULL,,NULL,0,0,2,2,N,N,35,NULL,98,9801,NULL,,Y,37.46196,-82.52892,N,NULL,NULL,NULL,NULL,NULL,NULL,NULL,NULL,1,3,2,3,1,97,2,6,6,3,N,NULL,Y,N,2102,2105,2214,N,NULL,55,,0,Y,,N,N,098-KY-1426-0,NULL,NULL,2022,O,7.28E+11,098-KY-1426  -000,HIGH,098-KY-1426  -000,4.531,0,0,0,0,0,0,0,1,0,0,0,0,0,1,Non-DAC,0,1,,
72880036,980100,2.02E+11,20230323,837,,KY1460,,,KY1460,KY1460,0,098 KY-1460,KY1460,N,N,NULL,NULL,NULL,N,NULL,NULL,NULL,NULL,NULL,NULL,6.679,NULL,NULL,NULL,NULL,,NULL,0,0,1,1,N,N,45,NULL,98,9801,NULL,,Y,37.48358,-82.53888,N,NULL,NULL,NULL,NULL,NULL,NULL,NULL,NULL,9,3,2,6,1,1,2,2,7,3,N,NULL,Y,N,837,838,838,N,NULL,38,16,0,N,,N,N,098-KY-1460-0,NULL,NULL,2023,O,7.29E+11,098-KY-1460  -000,HIGH,098-KY-1460  -000,6.633,0,0,0,1,0,0,0,0,0,0,0,0,0,1,Non-DAC,1,0,195-1026,1
72894031,980100,2.02E+11,20230413,1054,,KY3496,,,KY3496,KY3496,0,098 KY-3496,KY3496,N,N,NULL,NULL,NULL,N,NULL,NULL,NULL,NULL,NULL,NULL,0.131,NULL,NULL,NULL,NULL,,NULL,0,0,2,2,N,N,35,NULL,98,9801,NULL,,Y,37.46613,-82.53004,N,NULL,NULL,NULL,NULL,NULL,NULL,NULL,NULL,4,3,2,6,1,1,2,2,7,3,N,NULL,Y,N,1054,1101,1101,N,NULL,70,16,0,N,,N,N,098-KY-3496-0,NULL,NULL,2023,O,7.29E+11,098-KY-3496  -000,HIGH,098-KY-3496  -000,0.137,0,0,0,0,0,0,1,0,0,0,0,0,0,1,DAC,0,1,,
72901691,980100,2.02E+11,20230517,1218,,US23,,,US0023,US0023,0,098 US-23,US0023,N,N,NULL,NULL,NULL,N,NULL,NULL,NULL,NULL,NULL,NULL,21.658,NULL,NULL,NULL,NULL,,NULL,0,0,2,2,N,N,55,NULL,98,9801,NULL,,Y,37.45374,-82.52194,N,NULL,NULL,NULL,NULL,NULL,NULL,NULL,NULL,8,3,4,6,1,1,2,2,7,3,N,NULL,Y,N,1219,1226,1226,N,NULL,53,,1,N,,N,N,098-US-0023-0,NULL,NULL,2023,O,7.29E+11,098-US-0023  -000,HIGH,098-US-0023  -000,21.59,0,0,0,0,0,0,0,0,0,0,0,1,0,1,Non-DAC,0,1,,
72981128,980100,2.02E+11,20231201,1433,,KY1426,,,KY1426,KY1426,0,098 KY-1426,KY1426,N,N,NULL,NULL,NULL,N,NULL,NULL,NULL,NULL,NULL,NULL,9.148,NULL,NULL,NULL,NULL,,NULL,2,0,2,2,N,N,55,NULL,98,9801,NULL,,Y,37.50727,-82.48913,N,NULL,NULL,NULL,NULL,NULL,NULL,NULL,NULL,1,3,2,1,1,5,6,2,1,3,N,NULL,Y,Y,1433,1435,1518,N,NULL,55,,0,N,,N,N,098-KY-1426-0,NULL,NULL,2023,C,7.3E+11,098-KY-1426  -000,HIGH,098-KY-1426  -000,9.137,0,0,0,0,0,0,0,0,0,0,0,0,0,1,Non-DAC,0,1,,
72870149,980100,2.02E+11,20230228,1123,,KY1426,,,KY1426,KY1426,,,,N,N,NULL,NULL,NULL,N,NULL,NULL,NULL,NULL,NULL,NULL,8.28,NULL,NULL,NULL,NULL,,NULL,0,0,2,2,N,N,45,NULL,98,9801,NULL,,Y,37.49535,-82.49103,N,NULL,NULL,NULL,NULL,NULL,NULL,NULL,NULL,1,3,2,4,1,1,2,2,7,3,N,NULL,N,N,1123,1131,,N,NULL,55,,0,N,,N,N,,NULL,NULL,2023,O,7.29E+11,098-KY-1426  -000,HIGH,098-KY-1426  -000,8.3,0,0,0,1,0,0,1,0,0,0,0,0,0,1,Non-DAC,0,1,,
72877545,980100,2.02E+11,20230315,1714,,KY1426,,,KY1426,KY1426,0,098 KY-1426,KY1426,N,N,NULL,NULL,NULL,N,NULL,NULL,NULL,NULL,NULL,NULL,7.151,NULL,NULL,NULL,NULL,,NULL,1,0,2,2,N,N,55,NULL,98,9801,NULL,,Y,37.48854,-82.50616,N,NULL,NULL,NULL,NULL,NULL,NULL,NULL,NULL,5,3,2,6,1,1,3,2,7,3,Y,NULL,Y,Y,1714,1718,1814,N,NULL,49,,0,N,,N,N,098-KY-1426-0,NULL,NULL,2023,B,7.29E+11,098-KY-1426  -000,HIGH,098-KY-1426  -000,7.151,0,0,0,0,0,0,1,0,0,0,0,0,0,1,Non-DAC,0,1,,
72949266,980100,2.02E+11,20230921,1737,,CHLOE,,RD,KY1460,KY1460,0,098 KY-1460,KY1460,N,N,NULL,NULL,NULL,N,NULL,NULL,NULL,NULL,NULL,NULL,2.585,NULL,NULL,NULL,NULL,,NULL,0,0,2,2,N,N,45,NULL,98,9801,NULL,,Y,37.46678,-82.47887,N,NULL,NULL,NULL,NULL,NULL,NULL,NULL,NULL,7,3,2,4,1,1,2,2,7,3,N,NULL,Y,N,1737,1742,1802,N,NULL,54,,0,N,,N,N,098-KY-1460-0,NULL,NULL,2023,O,7.29E+11,098-KY-1460  -000,HIGH,098-KY-1460  -000,2.56,0,0,1,0,0,0,0,0,0,0,0,1,0,1,Non-DAC,0,1,,
72837197,KSP0900,22-462376,20221203,1318,,BROAD BOTTOM,,RD,,,0,098 CR-1419,CR1419,N,N,NULL,NULL,NULL,N,NULL,NULL,NULL,NULL,NULL,NULL,0.104,NULL,NULL,NULL,NULL,,NULL,0,0,2,2,N,N,35,NULL,98,9801,NULL,,Y,37.53094,-82.57867,N,NULL,NULL,NULL,NULL,NULL,NULL,NULL,NULL,1,3,2,6,3,5,3,2,7,3,Y,NULL,N,N,1318,1333,1333,N,NULL,55,,,N,,N,N,098-CR-1419-0,NULL,NULL,2022,O,7.28E+11,098-CR-1419  -000,HIGH,098-CR-1419  -000,0.104,0,0,0,0,0,0,1,0,0,0,0,0,0,1,Non-DAC,0,1,,
72818564,KSP0900,22-403180,20221019,1546,,MAYO,N,TRL,,,,,,N,N,NULL,NULL,NULL,N,NULL,NULL,NULL,NULL,NULL,NULL,0.016,NULL,NULL,NULL,NULL,,NULL,0,0,2,2,N,N,35,NULL,98,9801,NULL,,Y,37.49473,-82.53253,N,NULL,NULL,NULL,NULL,NULL,NULL,NULL,NULL,5,3,2,6,1,1,2,2,6,3,N,NULL,N,N,1546,1636,1700,N,NULL,49,,,N,,N,N,,NULL,NULL,2022,O,7.28E+11,098-PR-1326  -000,MEDIUM,098-PR-1326  -000,0.016,0,0,0,0,0,0,0,0,0,0,0,0,0,1,Non-DAC,1,0,195-0912,1