MasterFile,AgencyORINumber,LocalCode,CollisionDate,CollisionTime,CollisionDayWeekCode,RoadwayName,RoadwayName_Direction_,RoadwayName_RoadwaySuffix_,RoadwayfromReport,CurrentRoadwayNumber,RoadwayNumberCoupletID,RSEUniqueGIS,RoadwayIdentifier,ParkingLotIndicator,IntersectionWith_Indicator_,IntersectionWith_NameRoadway_,IntersectionWith_Direction_,IntersectionWith_RoadwaySuffix_,BetweenStreets_Indicator_,BetweenStreets1_NameRoadway_,BetweenStreet1_Direction_,BetweenStreets1_RoadwaySuffix_,BetweenStreets2_NameRoadway_,BetweenStreets2_Direction_,BetweenStreets2_RoadwaySuffix_,Milepoint,ReportMilepointDeriveNumber,CurrentDerivedMiepointNumber,MilestoMilepoint,FeettoMilepoint,DirectionfromMilepoint_NSEW_,ValidMilepointIndicator,NumberInjured,NumberKilled,ofUnits,ofMotorVehicleUnits,Hit&RunIndicator,OneWayIndicator,SpeedLimitNumber,KilometersIndicator,CountyCode,CityCountyCode,MilesFromCity,DirectionFromCity_NSEW_,InCityLimitsIndicator,Latitude,Longitude,RampIndicator,RampFromIdentifier,RampFromDirCode,RampFromCoupletID,RSEUniqueGISRampFrom,RampToidentifier,RampToDirCode,RampToCoupletID,RSEUniqueGisRampTo,MannerofCollisionCode,LocationFirstEventCode,TotalLanes,RoadwayCharacterCode,RoadwaySurfaceCode,RoadwayConditionCode,WeatherCode,LightConditionCode,LandUseCode,SchoolBusRelatedCode,FirstAidSceneIndicator,CollDescPresentInd,InvestigationCompleteIndicator,PhotosTakenIndicator,TimeNotified,TimeArrived,TimeRoadwayOpened,PropertyDamageIndicator,DiagramPresentIndicator,DirectionalAnalysis,FunctionClassCode,NationalHwySysCode,EnforcementsIndicator,KARSCityCode,SecondaryCollisionIndicator,MedianCrossoverIndicator,RT_UNIQUE,MapIt,TimeLastLeft,YR,KABCO,MFNY,WorkingRID,RT_CONFIDENCE,KTC_RT,KTC_MP,Motorcyclist,Commercial Vehicle,Young Driver,Mature Driver,Pedestrian,Bicyclist,Distracted,Aggressive,Impaired,Unrestrained,Intersection,Roadway Departure,Median Cross-over,CityCrash,DACid,Intersection Crash,Segment Crash,Int_ID,CityIntersection
72965176,980100,2.02E+11,20231027,1534,,US119,,,US0119,US0119,0,098 US-119-10,US0119,N,N,NULL,NULL,NULL,N,NULL,NULL,NULL,NULL,NULL,NULL,0.236,NULL,NULL,NULL,NULL,,NULL,1,0,2,2,N,N,55,NULL,98,9801,NULL,,Y,37.50487,-82.52805,N,NULL,NULL,NULL,NULL,NULL,NULL,NULL,NULL,5,3,2,6,1,1,2,2,1,3,Y,NULL,N,Y,1534,1539,1609,N,NULL,49,2,1,N,,N,N,098-US-0119-10,NULL,NULL,2023,C,7.3E+11,098-US-0119  -010,HIGH,098-US-0119  -000,0.236,0,0,0,0,0,0,1,0,0,0,0,0,0,1,Non-DAC,0,1,,
72975783,KSP0900,464817,20231120,847,,TOWN MOUNTAIN,,RD,KY1426,KY1426,0,098 KY-1426,KY1426,N,N,NULL,NULL,NULL,N,NULL,NULL,NULL,NULL,NULL,NULL,8.169,NULL,NULL,NULL,NULL,,NULL,0,0,1,1,N,N,55,NULL,98,9801,NULL,,Y,37.49374,-82.49116,N,NULL,NULL,NULL,NULL,NULL,NULL,NULL,NULL,9,3,2,4,1,1,2,2,1,3,N,NULL,N,N,847,857,857,N,NULL,38,,0,N,,N,N,098-KY-1426-0,NULL,NULL,2023,O,7.3E+11,098-KY-1426  -000,HIGH,098-KY-1426  -000,8.188,0,0,1,0,0,0,0,0,0,0,0,0,0,1,Non-DAC,0,1,,
72857520,980100,2.02E+11,20230121,1747,,US23,,,US0023,US0023,0,098 US-23-10,US0023,N,N,NULL,NULL,NULL,N,NULL,NULL,NULL,NULL,NULL,NULL,26.408,NULL,NULL,NULL,NULL,,NULL,0,0,2,2,N,N,55,NULL,98,9801,NULL,,Y,37.50538,-82.53275,N,NULL,NULL,NULL,NULL,NULL,NULL,NULL,NULL,5,3,5,6,1,1,2,2,7,3,N,NULL,Y,N,1747,1804,,N,NULL,49,,1,Y,,N,N,098-US-0023-10,NULL,NULL,2023,O,7.29E+11,098-US-0023  -010,HIGH,098-US-0023  -000,26.345,0,0,0,0,0,0,0,0,1,0,0,0,0,1,Non-DAC,0,1,,
72866524,980100,2.02E+11,20230216,1853,,BOB AMOS,,DR,,,0,098 CS-1025,CS1025,N,N,NULL,NULL,NULL,N,NULL,NULL,NULL,NULL,NULL,NULL,1.43,NULL,NULL,NULL,NULL,,NULL,0,0,1,1,N,N,15,NULL,98,9801,NULL,,Y,37.47057,-82.54002,N,NULL,NULL,NULL,NULL,NULL,NULL,NULL,NULL,9,97,1,6,1,5,6,4,1,3,N,NULL,Y,N,1853,1859,1859,N,NULL,40,,,N,,N,N,098-CS-1025-0,NULL,NULL,2023,O,7.29E+11,098-CS-1025  -000,HIGH,098-CS-1025  -000,1.439,0,0,0,0,0,0,0,0,0,0,0,1,0,1,Non-DAC,0,1,,
72807473,980100,2.02E+11,20220920,1643,,KY3496 TURN LANE,,,KY3496,KY3496,0,098 KY-3496-20,KY3496,N,N,NULL,NULL,NULL,N,NULL,NULL,NULL,NULL,NULL,NULL,0.025,NULL,NULL,NULL,NULL,,NULL,0,0,2,2,N,N,35,NULL,98,9801,NULL,,Y,37.46557,-82.52829,N,NULL,NULL,NULL,NULL,NULL,NULL,NULL,NULL,5,3,2,6,1,1,2,2,1,3,N,NULL,Y,N,1643,1647,,N,NULL,49,16,0,N,,N,N,098-KY-3496-20,NULL,NULL,2022,O,7.28E+11,098-KY-3496  -020,HIGH,098-KY-3496  -020,0.025,0,0,0,0,0,0,1,0,0,0,0,0,0,1,DAC,1,0,195-1219,1
72956689,980100,2.02E+11,20231002,1530,,US23,,,US0023,US0023,,,,N,N,NULL,NULL,NULL,N,NULL,NULL,NULL,NULL,NULL,NULL,25.565,NULL,NULL,NULL,NULL,,NULL,3,0,3,3,N,Y,55,NULL,98,9801,NULL,,Y,37.49385,-82.53283,N,NULL,NULL,NULL,NULL,NULL,NULL,NULL,NULL,5,3,2,6,1,1,2,2,7,3,Y,NULL,Y,Y,1531,1536,,N,NULL,49,,1,Y,,N,N,,NULL,NULL,2023,B,7.3E+11,098-US-0023  -000,MEDIUM,098-US-0023  -000,25.503,0,0,0,1,0,0,1,0,0,0,0,0,0,1,Non-DAC,0,1,,
72832119,980100,2.02E+11,20221119,155,,US23,,,US0023,US0023,0,098 US-23-10,US0023,N,N,NULL,NULL,NULL,N,NULL,NULL,NULL,NULL,NULL,NULL,30.587,NULL,NULL,NULL,NULL,,NULL,0,0,1,1,N,N,55,NULL,98,9801,NULL,,Y,37.54266,-82.58655,N,NULL,NULL,NULL,NULL,NULL,NULL,NULL,NULL,9,3,4,3,1,1,2,6,7,3,N,NULL,Y,N,155,156,231,N,NULL,38,,1,N,,N,N,098-US-0023-10,NULL,NULL,2022,O,7.28E+11,098-US-0023  -010,HIGH,098-US-0023  -000,30.587,0,0,0,0,0,0,0,0,0,0,0,0,0,1,Non-DAC,0,1,,
72880213,980100,2.02E+11,20230325,2241,,US23,,,US0023,US0023,0,098 US-23,US0023,N,N,NULL,NULL,NULL,N,NULL,NULL,NULL,NULL,NULL,NULL,26.637,NULL,NULL,NULL,NULL,,NULL,0,0,1,1,N,N,55,NULL,98,9801,NULL,,Y,37.5079,-82.53539,N,NULL,NULL,NULL,NULL,NULL,NULL,NULL,NULL,9,3,4,3,1,1,2,6,7,3,N,NULL,Y,N,2243,2247,,N,NULL,70,,1,N,,N,N,098-US-0023-0,NULL,NULL,2023,O,7.29E+11,098-US-0023  -000,HIGH,098-US-0023  -000,26.583,0,0,1,0,0,0,0,0,0,0,0,0,0,1,Non-DAC,0,1,,
72966553,980100,2.02E+11,20231030,1421,,,,,US0023,US0023,,,,N,N,NULL,NULL,NULL,N,NULL,NULL,NULL,NULL,NULL,NULL,0.074,NULL,NULL,NULL,NULL,NULL,NULL,1,0,1,1,N,N,55,NULL,98,9801,NULL,,Y,37.43695,-82.51054,N,NULL,NULL,NULL,NULL,NULL,NULL,NULL,NULL,9,3,2,1,1,5,6,2,7,3,Y,NULL,Y,N,1421,1421,1500,Y,NULL,40,,1,N,,N,N,,NULL,NULL,2023,C,7.3E+11,098-US-0023  -421,MEDIUM,098-US-0023  -421,0.074,0,0,1,0,0,0,0,0,0,0,0,1,0,1,Non-DAC,1,0,195-2088,1
72981103,980100,2.02E+11,20231129,1656,,HAMBLEY,,BLVD,,,0,098 CS-1222,CS1222,N,Y,6TH,,ST,N,NULL,NULL,NULL,NULL,NULL,NULL,0.901,NULL,NULL,NULL,NULL,,NULL,1,0,2,2,N,N,35,NULL,98,9801,NULL,,Y,37.48358,-82.5203,N,NULL,NULL,NULL,NULL,NULL,NULL,NULL,NULL,1,3,2,6,1,1,2,2,1,3,N,NULL,Y,Y,1658,1701,1701,N,NULL,10,,,Y,,N,N,098-CS-1222-0,NULL,NULL,2023,B,7.3E+11,098-CS-1222  -000,HIGH,098-CS-1222  -000,0.9,0,0,0,0,0,0,0,1,1,0,1,0,0,1,DAC,1,0,195-1007,1
72887410,980100,2.02E+11,20230405,2142,,LEE,,AVE,,,,,,N,N,NULL,NULL,NULL,N,NULL,NULL,NULL,NULL,NULL,NULL,,NULL,NULL,NULL,NULL,NULL,NULL,0,0,2,2,N,N,25,NULL,98,9801,NULL,,Y,37.50306,-82.53511,N,NULL,NULL,NULL,NULL,NULL,NULL,NULL,NULL,8,3,2,6,1,5,6,5,1,3,N,NULL,Y,N,2142,2148,2148,N,NULL,53,,,N,,N,N,,NULL,NULL,2023,O,7.29E+11,098-CS-1261  -000,MEDIUM,098-CS-1261  -000,0.004,0,0,0,0,0,0,1,0,0,0,0,1,0,1,Non-DAC,0,1,,
72927252,980100,2.02E+11,20230721,1659,,HUFFMAN,,AVE,,,0,098 CS-1123,CS1123,N,N,NULL,NULL,NULL,N,NULL,NULL,NULL,NULL,NULL,NULL,0.018,NULL,NULL,NULL,NULL,,NULL,0,0,2,2,N,N,15,NULL,98,9801,NULL,,Y,37.47704,-82.51734,N,NULL,NULL,NULL,NULL,NULL,NULL,NULL,NULL,1,3,2,6,1,1,2,2,7,3,N,NULL,Y,N,1659,1703,1703,N,NULL,55,,,N,,N,N,098-CS-1123-0,NULL,NULL,2023,O,7.29E+11,098-CS-1123  -000,HIGH,098-CS-1123  -000,0.018,0,0,0,0,0,0,1,0,0,0,0,0,0,1,DAC,1,0,195-1123,1
72881981,980100,2.02E+11,20230325,2311,,US23,,,US0023,US0023,0,098 US-23,US0023,N,N,NULL,NULL,NULL,N,NULL,NULL,NULL,NULL,NULL,NULL,27.147,NULL,NULL,NULL,NULL,,NULL,0,0,1,1,N,N,55,NULL,98,9801,NULL,,Y,37.51051,-82.54417,N,NULL,NULL,NULL,NULL,NULL,NULL,NULL,NULL,9,3,4,6,1,97,2,7,7,3,N,NULL,Y,N,2311,2311,2337,N,NULL,70,,1,N,,N,N,098-US-0023-0,NULL,NULL,2023,O,7.29E+11,098-US-0023  -000,HIGH,098-US-0023  -000,27.117,0,0,0,0,0,0,0,0,0,0,0,0,0,1,Non-DAC,0,1,,
72860328,980100,2.02E+11,20230131,1120,,US23,,,US0023,US0023,0,098 US-23,US0023,N,N,NULL,NULL,NULL,N,NULL,NULL,NULL,NULL,NULL,NULL,21.714,NULL,NULL,NULL,NULL,,NULL,0,0,2,2,N,N,55,NULL,98,9801,NULL,,Y,37.45435,-82.5213,N,NULL,NULL,NULL,NULL,NULL,NULL,NULL,NULL,8,3,4,6,1,5,6,2,7,3,N,NULL,Y,N,1120,1127,1129,N,NULL,53,,1,Y,,N,N,098-US-0023-0,NULL,NULL,2023,O,7.29E+11,098-US-0023  -000,HIGH,098-US-0023  -000,21.645,0,0,0,0,0,0,1,0,0,1,0,1,0,1,Non-DAC,0,1,,
72953086,980100,2.02E+11,20230926,843,,US23,,,US0023,US0023,,,,N,N,NULL,NULL,NULL,N,NULL,NULL,NULL,NULL,NULL,NULL,20.909,NULL,NULL,NULL,NULL,,NULL,0,0,2,2,N,N,55,NULL,98,9801,NULL,,Y,37.44389,-82.5246,N,NULL,NULL,NULL,NULL,NULL,NULL,NULL,NULL,5,3,4,3,1,1,2,2,1,3,N,NULL,Y,N,843,851,,N,NULL,49,,1,Y,,N,N,,NULL,NULL,2023,O,7.3E+11,098-US-0023  -000,MEDIUM,098-US-0023  -000,20.838,0,0,1,0,0,0,1,0,1,0,0,0,0,1,Non-DAC,0,1,,
72962338,980100,2.02E+11,20231021,1108,,US23,,,US0023,US0023,,,,N,Y,KY3227 CROSSOVER,,,N,NULL,NULL,NULL,NULL,NULL,NULL,27.378,NULL,NULL,NULL,NULL,,NULL,0,0,2,2,N,N,55,NULL,98,9801,NULL,,Y,37.51082,-82.54884,N,NULL,NULL,NULL,NULL,NULL,NULL,NULL,NULL,5,3,6,6,1,1,2,2,7,3,N,NULL,Y,N,1108,1110,,N,NULL,35,,1,N,,N,N,,NULL,NULL,2023,O,7.3E+11,098-US-0023  -010,MEDIUM,098-US-0023  -000,27.375,0,0,0,1,0,0,1,1,0,0,1,0,0,1,Non-DAC,1,0,195-0811,1
72839642,980100,2.02E+11,20221201,2336,,CHLOE,,RD,KY1460,KY1460,0,098 KY-1460,KY1460,N,N,NULL,NULL,NULL,N,NULL,NULL,NULL,NULL,NULL,NULL,2.929,NULL,NULL,NULL,NULL,,NULL,0,0,1,1,N,N,45,NULL,98,9801,NULL,,Y,37.47065,-82.48123,N,NULL,NULL,NULL,NULL,NULL,NULL,NULL,NULL,9,6,2,4,1,1,2,6,7,3,N,NULL,Y,N,2337,2343,50,N,NULL,44,,0,Y,,N,N,098-KY-1460-0,NULL,NULL,2022,O,7.28E+11,098-KY-1460  -000,HIGH,098-KY-1460  -000,2.929,0,0,1,0,0,0,1,0,0,0,0,1,0,1,Non-DAC,0,1,,
72921886,980100,2.02E+11,20230713,1538,,CASSIDY,,BLVD,,,0,098 CS-1191,CS1191,N,N,NULL,NULL,NULL,N,NULL,NULL,NULL,NULL,NULL,NULL,0.261,NULL,NULL,NULL,NULL,,NULL,0,0,2,2,N,N,35,NULL,98,9801,NULL,,Y,37.50464,-82.53611,N,NULL,NULL,NULL,NULL,NULL,NULL,NULL,NULL,1,3,4,6,1,1,2,2,1,3,N,NULL,Y,N,1538,1542,1545,N,NULL,55,,,N,,N,N,098-CS-1191-0,NULL,NULL,2023,O,7.29E+11,098-CS-1191  -000,HIGH,098-CS-1191  -000,0.244,0,0,0,0,0,0,1,0,0,0,0,0,0,1,Non-DAC,0,1,,
72869249,980100,2.02E+11,20230218,2142,,US23,,,US0023,US0023,0,098 US-23,US0023,N,N,NULL,NULL,NULL,N,NULL,NULL,NULL,NULL,NULL,NULL,30.25,NULL,NULL,NULL,NULL,,NULL,2,0,2,2,N,N,55,NULL,98,9801,NULL,,Y,37.54013,-82.58184,N,NULL,NULL,NULL,NULL,NULL,NULL,NULL,NULL,8,3,4,3,1,1,2,6,1,3,N,NULL,Y,Y,2143,2147,2147,N,NULL,53,,1,N,,N,N,098-US-0023-0,NULL,NULL,2023,B,7.29E+11,098-US-0023  -000,HIGH,098-US-0023  -000,30.231,0,0,1,0,0,0,0,0,0,1,0,1,0,1,Non-DAC,0,1,,
72880240,KSP0900,23-115193,20230326,1731,,CEDAR HILLS,,RD,KY1426,KY1426,0,098 KY-1426,KY1426,N,N,NULL,NULL,NULL,N,NULL,NULL,NULL,NULL,NULL,NULL,2.642,NULL,NULL,NULL,NULL,,NULL,1,0,1,1,N,N,55,NULL,98,9801,NULL,,Y,37.45626,-82.55027,N,NULL,NULL,NULL,NULL,NULL,NULL,NULL,NULL,9,3,2,3,1,1,2,2,7,3,Y,NULL,Y,Y,1734,1737,,N,NULL,44,8,0,N,,N,N,098-KY-1426-0,NULL,NULL,2023,B,7.29E+11,098-KY-1426  -000,HIGH,098-KY-1426  -000,2.642,0,0,0,0,0,0,0,0,0,0,0,1,0,1,Non-DAC,0,1,,
72958968,980100,2.02E+11,20231012,802,,US23,,,US0023,US0023,0,098 US-23-10,US0023,N,N,NULL,NULL,NULL,N,NULL,NULL,NULL,NULL,NULL,NULL,25.321,NULL,NULL,NULL,NULL,,NULL,1,0,2,2,N,N,55,NULL,98,9801,NULL,,Y,37.49129,-82.53592,N,NULL,NULL,NULL,NULL,NULL,NULL,NULL,NULL,5,3,4,6,1,5,2,2,7,3,Y,NULL,Y,Y,802,809,809,N,NULL,49,,1,N,,N,N,098-US-0023-10,NULL,NULL,2023,C,7.3E+11,098-US-0023  -010,HIGH,098-US-0023  -000,25.258,0,0,0,0,0,0,1,0,0,0,0,0,0,1,Non-DAC,0,1,,
72954054,980100,2.02E+11,20231002,1404,,US23,,,US0023,US0023,0,098 US-23-10,US0023,N,N,NULL,NULL,NULL,N,NULL,NULL,NULL,NULL,NULL,NULL,26.754,NULL,NULL,NULL,NULL,,NULL,1,0,1,1,N,N,55,NULL,98,9801,NULL,,Y,37.5088,-82.5372,N,NULL,NULL,NULL,NULL,NULL,NULL,NULL,NULL,9,5,4,6,1,1,2,2,2,3,Y,NULL,Y,Y,1404,1410,1620,N,NULL,44,,1,N,,N,Y,098-US-0023-10,NULL,NULL,2023,B,7.3E+11,098-US-0023  -010,HIGH,098-US-0023  -000,26.698,0,1,0,0,0,0,0,0,0,0,0,1,0,1,Non-DAC,0,1,,
72995784,980100,2.02E+11,20231230,1310,,KY1426,,,KY1426,KY1426,0,098 KY-1426,KY1426,N,N,NULL,NULL,NULL,N,NULL,NULL,NULL,NULL,NULL,NULL,8.107,NULL,NULL,NULL,NULL,,NULL,0,0,1,1,N,N,55,NULL,98,9801,NULL,,Y,37.4926,-82.49086,N,NULL,NULL,NULL,NULL,NULL,NULL,NULL,NULL,9,3,2,1,1,5,6,2,7,3,N,NULL,Y,N,1310,1320,1359,N,NULL,70,,0,N,,N,N,098-KY-1426-0,NULL,NULL,2023,O,7.3E+11,098-KY-1426  -000,HIGH,098-KY-1426  -000,8.109,0,0,0,0,0,0,0,0,0,0,0,1,0,1,Non-DAC,0,1,,
72859042,980100,2.02E+11,20230120,1641,,OWSLEY,,RD,KY1384,KY1384,,,,N,N,NULL,NULL,NULL,N,NULL,NULL,NULL,NULL,NULL,NULL,7.504,NULL,NULL,NULL,NULL,,NULL,0,0,1,1,N,N,25,NULL,98,9801,NULL,,Y,37.48327,-82.53454,N,NULL,NULL,NULL,NULL,NULL,NULL,NULL,NULL,9,3,4,6,1,1,2,2,7,3,N,NULL,Y,N,1641,1645,1657,Y,NULL,40,16,0,N,,N,N,,NULL,NULL,2023,O,7.29E+11,098-KY-1384  -000,MEDIUM,098-KY-1384  -000,7.504,0,0,0,0,0,0,0,0,0,0,0,1,0,1,DAC,1,0,195-1009,1
72916643,980100,2.02E+11,20230623,1558,,KY3496,,,KY3496,KY3496,0,098 KY-3496,KY3496,N,N,NULL,NULL,NULL,N,NULL,NULL,NULL,NULL,NULL,NULL,0.76,NULL,NULL,NULL,NULL,,NULL,0,0,2,2,N,N,35,NULL,98,9801,NULL,,Y,37.47198,-82.53025,N,NULL,NULL,NULL,NULL,NULL,NULL,NULL,NULL,1,3,2,3,1,5,6,2,1,3,N,NULL,Y,N,1558,1600,,N,NULL,55,16,0,N,,N,N,098-KY-3496-0,NULL,NULL,2023,O,7.29E+11,098-KY-3496  -000,HIGH,098-KY-3496  -000,0.76,0,0,1,0,0,0,1,1,0,0,0,0,0,1,DAC,0,1,,
72948128,980100,2.02E+11,20230829,1412,,US119,,,US0119,US0119,0,098 US-119-10,US0119,N,N,NULL,NULL,NULL,N,NULL,NULL,NULL,NULL,NULL,NULL,2.694,NULL,NULL,NULL,NULL,,NULL,0,0,2,2,N,N,55,NULL,98,9801,NULL,,Y,37.51403,-82.48714,N,NULL,NULL,NULL,NULL,NULL,NULL,NULL,NULL,8,3,2,3,1,1,2,2,1,3,N,NULL,Y,N,1412,1418,,N,NULL,53,2,1,N,,N,N,098-US-0119-10,NULL,NULL,2023,O,7.29E+11,098-US-0119  -010,HIGH,098-US-0119  -000,2.693,0,0,1,0,0,0,1,0,0,0,0,1,0,1,DAC,1,0,195-0777,1
72854595,980100,2.02E+11,20230115,1655,,PIKE,,ST,,,0,098 CS-1113,CS1113,N,N,NULL,NULL,NULL,N,NULL,NULL,NULL,NULL,NULL,NULL,0.137,NULL,NULL,NULL,NULL,,NULL,0,0,2,2,N,Y,25,NULL,98,9801,NULL,,Y,37.48085,-82.51765,N,NULL,NULL,NULL,NULL,NULL,NULL,NULL,NULL,7,3,2,6,1,1,2,2,7,3,N,NULL,Y,N,1655,1657,1658,N,NULL,54,,,N,,N,N,098-CS-1113-0,NULL,NULL,2023,O,7.29E+11,098-CS-1113  -000,HIGH,098-CS-1113  -000,0.137,0,0,1,1,0,0,1,0,0,0,0,1,0,1,DAC,1,0,195-1073,1
72852274,980100,2.02E+11,20230105,706,,US23,,,US0023,US0023,0,098 US-23-10,US0023,N,N,NULL,NULL,NULL,N,NULL,NULL,NULL,NULL,NULL,NULL,26.297,NULL,NULL,NULL,NULL,,NULL,0,0,2,2,N,N,55,NULL,98,9801,NULL,,Y,37.50384,-82.53237,N,NULL,NULL,NULL,NULL,NULL,NULL,NULL,NULL,5,3,4,6,1,1,2,5,7,3,N,NULL,Y,N,706,708,710,N,NULL,49,,1,N,,N,N,098-US-0023-10,NULL,NULL,2023,O,7.29E+11,098-US-0023  -010,HIGH,098-US-0023  -000,26.235,0,0,0,0,0,0,0,0,0,0,0,0,0,1,Non-DAC,1,0,195-0861,1
72967539,980100,2.02E+11,20231102,1402,,HAMBLEY,,BLVD,,,0,098 CS-1222,CS1222,N,N,NULL,NULL,NULL,N,NULL,NULL,NULL,NULL,NULL,NULL,1.528,NULL,NULL,NULL,NULL,,NULL,0,0,2,2,N,N,35,NULL,98,9801,NULL,,Y,37.48308,-82.5304,N,NULL,NULL,NULL,NULL,NULL,NULL,NULL,NULL,5,5,2,6,1,1,2,2,7,3,N,NULL,Y,N,1404,1408,1430,N,NULL,47,,,N,,N,N,098-CS-1222-0,NULL,NULL,2023,O,7.3E+11,098-CS-1222  -000,HIGH,098-CS-1222  -000,1.528,0,0,0,1,0,0,1,0,0,0,0,0,0,1,DAC,1,0,195-1029,1
72764682,980100,2.02E+11,20220502,1307,,HAROLDS BRANCH,,RD,,,,,,N,N,NULL,NULL,NULL,N,NULL,NULL,NULL,NULL,NULL,NULL,0.052,NULL,NULL,NULL,NULL,,NULL,0,0,2,2,N,N,15,NULL,98,9801,NULL,,Y,37.47215,-82.52233,N,NULL,NULL,NULL,NULL,NULL,NULL,NULL,NULL,2,3,2,6,1,1,2,2,1,3,N,NULL,Y,N,1307,1314,,N,NULL,56,,,N,,N,N,,NULL,NULL,2022,O,7.28E+11,098-CS-1223  -000,MEDIUM,098-CS-1223  -000,0.052,0,0,0,1,0,0,1,0,0,0,0,0,0,1,Non-DAC,0,1,,
72905246,980100,2.02E+11,20230526,1230,,BAIRD,,AVE,KY1426,KY1426,0,098 KY-1426,KY1426,N,N,NULL,NULL,NULL,N,NULL,NULL,NULL,NULL,NULL,NULL,5.39,NULL,NULL,NULL,NULL,,NULL,1,0,2,2,N,N,15,NULL,98,9801,NULL,,Y,37.47333,-82.52716,N,NULL,NULL,NULL,NULL,NULL,NULL,NULL,NULL,1,3,4,6,1,1,2,2,7,3,Y,NULL,Y,Y,1230,1233,1255,N,NULL,55,,0,N,,N,N,098-KY-1426-0,NULL,NULL,2023,C,7.29E+11,098-KY-1426  -000,HIGH,098-KY-1426  -000,5.391,0,0,1,0,0,0,1,0,0,0,0,0,0,1,DAC,1,0,195-1174,1
72879689,980100,2.02E+11,20230325,1429,,US23,,,US0023,US0023,,,,N,N,NULL,NULL,NULL,N,NULL,NULL,NULL,NULL,NULL,NULL,30.232,NULL,NULL,NULL,NULL,,NULL,0,0,1,1,N,N,55,NULL,98,9801,NULL,,Y,37.53985,-82.58177,N,NULL,NULL,NULL,NULL,NULL,NULL,NULL,NULL,9,5,4,6,1,1,2,2,7,3,N,NULL,Y,N,1429,1441,,N,NULL,40,,1,N,,N,N,,NULL,NULL,2023,O,7.29E+11,098-US-0023  -000,MEDIUM,098-US-0023  -000,30.213,0,0,0,0,0,0,0,0,0,0,0,1,0,1,Non-DAC,0,1,,
72831878,980100,2.02E+11,20221116,2110,,CASSIDY,,BLVD,,,0,098 CS-1191,CS1191,N,Y,US119,,,N,NULL,NULL,NULL,NULL,NULL,NULL,0.007,NULL,NULL,NULL,NULL,,NULL,0,0,2,2,N,N,55,NULL,98,9801,NULL,,Y,37.50375,-82.53227,N,NULL,NULL,NULL,NULL,NULL,NULL,NULL,NULL,3,3,4,6,1,1,2,5,7,3,N,NULL,Y,N,2110,2115,2202,N,NULL,52,,,N,,N,N,098-CS-1191-0,NULL,NULL,2022,O,7.28E+11,098-CS-1191  -000,HIGH,098-CS-1191  -000,0.007,0,0,1,0,0,0,1,1,0,0,1,0,0,1,Non-DAC,1,0,195-0861,1
72835224,980100,2.02E+11,20221122,1643,,US23 TURN LANE,,,US0023,US0023,0,098 US-23-20,US0023,N,N,NULL,NULL,NULL,N,NULL,NULL,NULL,NULL,NULL,NULL,0.008,NULL,NULL,NULL,NULL,,NULL,0,0,2,2,N,N,55,NULL,98,9801,NULL,,Y,37.50395,-82.53219,N,NULL,NULL,NULL,NULL,NULL,NULL,NULL,NULL,5,3,4,6,1,1,2,2,1,3,N,NULL,Y,N,1643,1649,,N,NULL,70,,1,N,,N,N,098-US-0023-20,NULL,NULL,2022,O,7.28E+11,098-US-0023  -020,HIGH,098-US-0023  -020,0.008,0,0,1,0,0,0,0,0,0,0,0,0,0,1,Non-DAC,1,0,195-0861,1
72874641,980100,2.02E+11,20230312,1648,,US23,,,US0023,US0023,0,098 US-23-10,US0023,N,N,NULL,NULL,NULL,N,NULL,NULL,NULL,NULL,NULL,NULL,22.292,NULL,NULL,NULL,NULL,,NULL,0,0,2,2,N,N,55,NULL,98,9801,NULL,,Y,37.46136,-82.51698,N,NULL,NULL,NULL,NULL,NULL,NULL,NULL,NULL,1,3,4,3,1,5,3,2,7,3,N,NULL,Y,N,1648,1648,1648,N,NULL,55,,1,N,,N,N,098-US-0023-10,NULL,NULL,2023,O,7.29E+11,098-US-0023  -010,HIGH,098-US-0023  -000,22.225,0,0,1,1,0,0,1,0,0,0,0,0,0,1,Non-DAC,1,0,195-1243,1
72986721,980100,2.02E+11,20231215,1709,,PEACH ORCHARD,,DR,,,,,,N,N,NULL,NULL,NULL,N,NULL,NULL,NULL,NULL,NULL,NULL,0.176,NULL,NULL,NULL,NULL,,NULL,0,0,2,2,N,N,15,NULL,98,9801,NULL,,Y,37.4795,-82.52341,N,NULL,NULL,NULL,NULL,NULL,NULL,NULL,NULL,3,3,1,2,1,1,2,2,6,3,N,NULL,Y,N,1709,1715,1731,N,NULL,52,,,N,,N,N,,NULL,NULL,2023,O,7.3E+11,098-CS-1219  -000,HIGH,098-CS-1219  -000,0.173,0,0,1,0,0,0,0,0,0,0,0,1,0,1,DAC,0,1,,
72853392,980100,2.02E+11,20230111,1546,,HAMBLEY,,BLVD,,,0,098 CS-1222,CS1222,N,N,NULL,NULL,NULL,N,NULL,NULL,NULL,NULL,NULL,NULL,0.434,NULL,NULL,NULL,NULL,,NULL,0,0,2,2,N,N,25,NULL,98,9801,NULL,,Y,37.47766,-82.52111,N,NULL,NULL,NULL,NULL,NULL,NULL,NULL,NULL,8,3,2,6,1,1,2,2,8,3,N,NULL,Y,N,1546,1549,1634,N,NULL,53,,,N,,N,N,098-CS-1222-0,NULL,NULL,2023,O,7.29E+11,098-CS-1222  -000,HIGH,098-CS-1222  -000,0.434,0,0,1,1,0,0,1,0,0,0,0,1,0,1,DAC,0,1,,