MasterFile,AgencyORINumber,LocalCode,CollisionDate,CollisionTime,CollisionDayWeekCode,RoadwayName,RoadwayName_Direction_,RoadwayName_RoadwaySuffix_,RoadwayfromReport,CurrentRoadwayNumber,RoadwayNumberCoupletID,RSEUniqueGIS,RoadwayIdentifier,ParkingLotIndicator,IntersectionWith_Indicator_,IntersectionWith_NameRoadway_,IntersectionWith_Direction_,IntersectionWith_RoadwaySuffix_,BetweenStreets_Indicator_,BetweenStreets1_NameRoadway_,BetweenStreet1_Direction_,BetweenStreets1_RoadwaySuffix_,BetweenStreets2_NameRoadway_,BetweenStreets2_Direction_,BetweenStreets2_RoadwaySuffix_,Milepoint,ReportMilepointDeriveNumber,CurrentDerivedMiepointNumber,MilestoMilepoint,FeettoMilepoint,DirectionfromMilepoint_NSEW_,ValidMilepointIndicator,NumberInjured,NumberKilled,ofUnits,ofMotorVehicleUnits,Hit&RunIndicator,OneWayIndicator,SpeedLimitNumber,KilometersIndicator,CountyCode,CityCountyCode,MilesFromCity,DirectionFromCity_NSEW_,InCityLimitsIndicator,Latitude,Longitude,RampIndicator,RampFromIdentifier,RampFromDirCode,RampFromCoupletID,RSEUniqueGISRampFrom,RampToidentifier,RampToDirCode,RampToCoupletID,RSEUniqueGisRampTo,MannerofCollisionCode,LocationFirstEventCode,TotalLanes,RoadwayCharacterCode,RoadwaySurfaceCode,RoadwayConditionCode,WeatherCode,LightConditionCode,LandUseCode,SchoolBusRelatedCode,FirstAidSceneIndicator,CollDescPresentInd,InvestigationCompleteIndicator,PhotosTakenIndicator,TimeNotified,TimeArrived,TimeRoadwayOpened,PropertyDamageIndicator,DiagramPresentIndicator,DirectionalAnalysis,FunctionClassCode,NationalHwySysCode,EnforcementsIndicator,KARSCityCode,SecondaryCollisionIndicator,MedianCrossoverIndicator,RT_UNIQUE,MapIt,TimeLastLeft,YR,KABCO,MFNY,WorkingRID,RT_CONFIDENCE,KTC_RT,KTC_MP,Motorcyclist,Commercial Vehicle,Young Driver,Mature Driver,Pedestrian,Bicyclist,Distracted,Aggressive,Impaired,Unrestrained,Intersection,Roadway Departure,Median Cross-over,CityCrash,DACid,Intersection Crash,Segment Crash,Int_ID,CityIntersection
72953487,980100,2.02E+11,20231001,1440,,COLLEGE,S,ST,,,,,,N,N,NULL,NULL,NULL,N,NULL,NULL,NULL,NULL,NULL,NULL,0.244,NULL,NULL,NULL,NULL,,NULL,0,0,2,2,N,N,15,NULL,98,9801,NULL,,Y,37.47485,-82.52505,N,NULL,NULL,NULL,NULL,NULL,NULL,NULL,NULL,2,3,1,6,1,1,2,2,6,3,N,NULL,Y,N,1440,1445,,N,NULL,47,,,N,,N,N,,NULL,NULL,2023,O,7.3E+11,098-CS-1152  -000,HIGH,098-CS-1152  -000,0.166,0,0,0,0,0,0,0,0,0,0,0,0,0,1,DAC,0,1,,
72935505,980100,2.02E+11,20230816,745,,BYPASS,S,RD,KY1426,KY1426,0,098 KY-1426,KY1426,N,N,NULL,NULL,NULL,N,NULL,NULL,NULL,NULL,NULL,NULL,6.207,NULL,NULL,NULL,NULL,,NULL,0,0,2,2,N,N,35,NULL,98,9801,NULL,,Y,37.47786,-82.51608,N,NULL,NULL,NULL,NULL,NULL,NULL,NULL,NULL,1,3,2,6,1,1,2,2,7,3,N,NULL,Y,N,745,745,745,N,NULL,55,,0,N,,N,N,098-KY-1426-0,NULL,NULL,2023,O,7.29E+11,098-KY-1426  -000,HIGH,098-KY-1426  -000,6.207,0,0,0,0,0,0,1,0,0,0,0,0,0,1,DAC,1,0,195-1116,1
72902738,980100,2.02E+11,20230522,1340,,NORTHMONTE,,DR,,,0,098 CS-1098,CS1098,N,N,NULL,NULL,NULL,N,NULL,NULL,NULL,NULL,NULL,NULL,0.005,NULL,NULL,NULL,NULL,,NULL,0,0,1,1,Y,N,15,NULL,98,9801,NULL,,Y,37.48362,-82.53853,N,NULL,NULL,NULL,NULL,NULL,NULL,NULL,NULL,9,97,2,6,1,1,2,2,6,3,N,NULL,Y,N,1340,1340,1340,Y,NULL,40,,,N,,N,N,098-CS-1098-0,NULL,NULL,2023,O,7.29E+11,098-CS-1098  -000,HIGH,098-CS-1098  -000,0.005,0,0,0,0,0,0,0,0,0,0,0,1,0,1,Non-DAC,1,0,195-1026,1
72964787,980100,2.02E+11,20231026,1559,,OWENS,,DR,,,,,,N,N,NULL,NULL,NULL,N,NULL,NULL,NULL,NULL,NULL,NULL,0.006,NULL,NULL,NULL,NULL,,NULL,0,0,2,2,N,N,15,NULL,98,9801,NULL,,Y,37.48691,-82.52828,N,NULL,NULL,NULL,NULL,NULL,NULL,NULL,NULL,3,3,1,5,1,1,2,2,6,3,N,NULL,Y,N,1559,1608,1618,N,NULL,52,,,N,,N,N,,NULL,NULL,2023,O,7.3E+11,098-PR-1185  -000,HIGH,098-PR-1185  -000,0.001,0,0,0,0,0,0,1,0,0,0,0,1,0,1,DAC,1,0,195-0945,1
72896422,980100,2.02E+11,20230504,1043,,US23,,,US0023,US0023,0,098 US-23,US0023,N,N,NULL,NULL,NULL,N,NULL,NULL,NULL,NULL,NULL,NULL,24.819,NULL,NULL,NULL,NULL,,NULL,0,0,2,2,N,N,55,NULL,98,9801,NULL,,Y,37.48639,-82.54192,N,NULL,NULL,NULL,NULL,NULL,NULL,NULL,NULL,1,3,4,6,1,1,2,2,7,3,N,NULL,Y,N,1043,1048,1049,N,NULL,55,,1,N,,N,N,098-US-0023-0,NULL,NULL,2023,O,7.29E+11,098-US-0023  -000,HIGH,098-US-0023  -000,24.778,0,0,0,1,0,0,1,0,0,0,0,0,0,1,Non-DAC,1,0,195-0959,1
72839047,980100,2.02E+11,20221206,1715,,,,,US0023,US0023,,,,N,N,NULL,NULL,NULL,N,NULL,NULL,NULL,NULL,NULL,NULL,0.001,NULL,NULL,NULL,NULL,NULL,NULL,0,0,2,2,N,N,35,NULL,98,9801,NULL,,Y,37.47928,-82.54309,Y,KY1384,S,NULL,098 US-23-241,US0023,S,NULL,098 US-23-241,5,3,4,5,1,5,6,5,1,3,N,NULL,Y,N,1715,1718,1720,N,NULL,85,,1,N,,N,N,,NULL,NULL,2022,O,7.28E+11,098-US-0023  -241,MEDIUM,098-US-0023  -241,0.001,0,0,0,1,0,0,1,0,0,0,0,0,0,1,DAC,1,0,195-1101,1
72859680,980100,2.02E+11,20230126,746,,CHLOE,,RD,KY1460,KY1460,0,098 KY-1460,KY1460,N,N,NULL,NULL,NULL,N,NULL,NULL,NULL,NULL,NULL,NULL,4.294,NULL,NULL,NULL,NULL,,NULL,0,0,2,2,N,N,35,NULL,98,9801,NULL,,Y,37.47663,-82.50191,N,NULL,NULL,NULL,NULL,NULL,NULL,NULL,NULL,7,3,2,6,1,5,3,2,7,3,N,NULL,Y,N,746,746,747,N,NULL,54,,0,N,,N,N,098-KY-1460-0,NULL,NULL,2023,O,7.29E+11,098-KY-1460  -000,HIGH,098-KY-1460  -000,4.257,0,0,0,0,0,0,0,0,0,0,0,1,0,1,Non-DAC,0,1,,
72943284,980100,2.02E+11,20230906,1644,,CHLOE,,RD,KY1460,KY1460,0,098 KY-1460,KY1460,N,N,NULL,NULL,NULL,N,NULL,NULL,NULL,NULL,NULL,NULL,4.222,NULL,NULL,NULL,NULL,,NULL,1,0,1,1,N,N,35,NULL,98,9801,NULL,,Y,37.47631,-82.50067,N,NULL,NULL,NULL,NULL,NULL,NULL,NULL,NULL,9,5,2,3,1,1,2,2,3,3,Y,NULL,Y,Y,1644,1648,1826,Y,NULL,40,,0,N,,N,N,098-KY-1460-0,NULL,NULL,2023,B,7.29E+11,098-KY-1460  -000,HIGH,098-KY-1460  -000,4.182,0,0,1,0,0,0,1,0,0,0,0,1,0,1,Non-DAC,0,1,,
72941875,980100,2.02E+11,20230901,1311,,US119,,,US0119,US0119,0,098 US-119,US0119,N,N,NULL,NULL,NULL,N,NULL,NULL,NULL,NULL,NULL,NULL,2.708,NULL,NULL,NULL,NULL,,NULL,0,0,2,2,N,N,55,NULL,98,9801,NULL,,Y,37.51406,-82.4869,N,NULL,NULL,NULL,NULL,NULL,NULL,NULL,NULL,5,3,4,4,1,1,2,2,1,3,N,NULL,Y,N,1311,1319,1319,N,NULL,49,2,1,Y,,N,N,098-US-0119-0,NULL,NULL,2023,O,7.29E+11,098-US-0119  -000,HIGH,098-US-0119  -000,2.707,0,0,0,0,0,0,1,0,0,0,0,0,0,1,DAC,1,0,195-0777,1
72945756,980100,2.02E+11,20230913,1114,,BYPASS,S,RD,KY1426,KY1426,0,098 KY-1426,KY1426,N,N,NULL,NULL,NULL,N,NULL,NULL,NULL,NULL,NULL,NULL,5.666,NULL,NULL,NULL,NULL,,NULL,0,0,2,2,N,N,45,NULL,98,9801,NULL,,Y,37.47266,-82.52327,N,NULL,NULL,NULL,NULL,NULL,NULL,NULL,NULL,5,3,2,6,1,1,3,2,1,3,N,NULL,Y,N,1114,1117,1119,N,NULL,49,,0,N,,N,N,098-KY-1426-0,NULL,NULL,2023,O,7.29E+11,098-KY-1426  -000,HIGH,098-KY-1426  -000,5.667,0,0,0,0,0,0,1,0,0,0,0,0,0,1,DAC,0,1,,
72869150,KSP0900,23-70308,20230223,1215,,CASSIDY,,BLVD,,,,,,N,N,NULL,NULL,NULL,N,NULL,NULL,NULL,NULL,NULL,NULL,0.047,NULL,NULL,NULL,NULL,,NULL,0,0,2,2,N,N,25,NULL,98,9801,NULL,,Y,37.50369,-82.53293,N,NULL,NULL,NULL,NULL,NULL,NULL,NULL,NULL,1,3,3,6,1,1,2,2,1,3,N,NULL,Y,N,1215,1215,1215,N,NULL,55,,,N,,N,N,,NULL,NULL,2023,O,7.29E+11,098-CS-1191  -000,MEDIUM,098-CS-1191  -000,0.045,0,0,0,0,0,0,0,1,0,0,0,0,0,1,Non-DAC,1,0,195-0861,1
72813587,980100,2.02E+11,20221005,1634,,MAYO,N,TRL,US0023,US0023,0,098 US-23,US0023,N,N,NULL,NULL,NULL,N,NULL,NULL,NULL,NULL,NULL,NULL,27.163,NULL,NULL,NULL,NULL,,NULL,0,0,2,2,N,N,55,NULL,98,9801,NULL,,Y,37.51045,-82.5445,N,NULL,NULL,NULL,NULL,NULL,NULL,NULL,NULL,5,3,4,6,1,1,2,2,2,3,N,NULL,Y,N,1634,1645,1647,N,NULL,70,,1,N,,N,N,098-US-0023-0,NULL,NULL,2022,O,7.28E+11,098-US-0023  -000,HIGH,098-US-0023  -000,27.163,0,0,0,0,0,0,1,0,0,0,0,0,0,1,Non-DAC,0,1,,
72927565,980100,2.02E+11,20230721,2028,,CASSIDY,,BLVD,,,0,098 CS-1191,CS1191,N,N,NULL,NULL,NULL,N,NULL,NULL,NULL,NULL,NULL,NULL,0.26,NULL,NULL,NULL,NULL,,NULL,0,0,2,2,N,N,25,NULL,98,9801,NULL,,Y,37.50462,-82.53609,N,NULL,NULL,NULL,NULL,NULL,NULL,NULL,NULL,1,3,4,6,1,1,2,1,1,3,N,NULL,Y,N,2028,2040,2040,N,NULL,55,,,N,,N,N,098-CS-1191-0,NULL,NULL,2023,O,7.29E+11,098-CS-1191  -000,HIGH,098-CS-1191  -000,0.242,0,0,0,0,0,0,1,0,0,0,0,0,0,1,Non-DAC,0,1,,
72955897,980100,2.02E+11,20231003,2013,,COLLEGE,S,ST,,,0,098 CS-1152,CS1152,N,N,NULL,NULL,NULL,N,NULL,NULL,NULL,NULL,NULL,NULL,0.134,NULL,NULL,NULL,NULL,,NULL,0,0,2,2,N,N,25,NULL,98,9801,NULL,,Y,37.4756,-82.52363,N,NULL,NULL,NULL,NULL,NULL,NULL,NULL,NULL,1,3,2,6,1,1,2,5,7,3,N,NULL,Y,N,2013,2024,,N,NULL,55,,,N,,N,N,098-CS-1152-0,NULL,NULL,2023,O,7.3E+11,098-CS-1152  -000,HIGH,098-CS-1152  -000,0.072,0,0,1,0,0,0,0,1,0,0,0,0,0,1,DAC,1,0,195-1148,1
72910245,980100,2.02E+11,20230605,1723,,CASSIDY,,BLVD,,,0,098 CS-1191,CS1191,N,N,NULL,NULL,NULL,N,NULL,NULL,NULL,NULL,NULL,NULL,0.057,NULL,NULL,NULL,NULL,,NULL,0,0,2,2,N,N,25,NULL,98,9801,NULL,,Y,37.50367,-82.53307,N,NULL,NULL,NULL,NULL,NULL,NULL,NULL,NULL,5,3,1,6,1,1,2,2,7,3,N,NULL,Y,N,1723,1728,1728,N,NULL,70,,,N,,N,N,098-CS-1191-0,NULL,NULL,2023,O,7.29E+11,098-CS-1191  -000,HIGH,098-CS-1191  -000,0.053,0,0,1,0,0,0,1,1,0,0,0,0,0,1,Non-DAC,0,1,,
72952158,980100,2.02E+11,20230926,1200,,US23,,,US0023,US0023,0,098 US-23,US0023,N,N,NULL,NULL,NULL,N,NULL,NULL,NULL,NULL,NULL,NULL,30.527,NULL,NULL,NULL,NULL,,NULL,2,0,2,2,N,N,55,NULL,98,9801,NULL,,Y,37.54263,-82.58542,N,NULL,NULL,NULL,NULL,NULL,NULL,NULL,NULL,5,3,4,2,1,1,2,2,3,3,Y,NULL,Y,Y,1200,1208,1322,N,NULL,49,,1,N,,N,Y,098-US-0023-0,NULL,NULL,2023,B,7.3E+11,098-US-0023  -000,HIGH,098-US-0023  -000,30.5,0,0,0,0,0,0,1,1,0,0,0,0,0,1,Non-DAC,0,1,,
72976890,980100,2.02E+11,20231122,1742,,THOMPSON,,RD,,,0,098 CS-1215,CS1215,N,N,NULL,NULL,NULL,N,NULL,NULL,NULL,NULL,NULL,NULL,0.513,NULL,NULL,NULL,NULL,,NULL,0,0,2,2,N,N,35,NULL,98,9801,NULL,,Y,37.50597,-82.54344,N,NULL,NULL,NULL,NULL,NULL,NULL,NULL,NULL,1,3,3,6,1,5,3,6,7,3,N,NULL,Y,N,1742,1742,1742,N,NULL,55,,,N,,N,N,098-CS-1215-0,NULL,NULL,2023,O,7.3E+11,098-CS-1215  -000,HIGH,098-CS-1215  -000,0.523,0,0,0,1,0,0,1,1,0,0,0,1,0,1,Non-DAC,0,1,,
72871443,980100,2.02E+11,20230303,1622,,US23,,,US0023,US0023,,,,N,N,NULL,NULL,NULL,N,NULL,NULL,NULL,NULL,NULL,NULL,19.152,NULL,NULL,NULL,NULL,,NULL,0,0,2,2,N,N,55,NULL,98,9801,NULL,,Y,37.44257,-82.50578,N,NULL,NULL,NULL,NULL,NULL,NULL,NULL,NULL,8,3,4,6,1,5,6,2,7,3,N,NULL,Y,N,1622,1635,1635,N,NULL,53,,1,N,,N,N,,NULL,NULL,2023,O,7.29E+11,098-US-0023  -000,MEDIUM,098-US-0023  -000,19.087,0,0,1,0,0,0,0,0,0,0,0,1,0,1,Non-DAC,0,1,,
72872182,980100,2.02E+11,20230228,1741,,US460,,,US0460,US0460,0,098 US-460,US0460,N,Y,US23 RAMP FROM US460,,,N,NULL,NULL,NULL,NULL,NULL,NULL,0.431,NULL,NULL,NULL,NULL,,NULL,0,0,2,2,N,N,55,NULL,98,9801,NULL,,Y,37.43652,-82.51097,N,NULL,NULL,NULL,NULL,NULL,NULL,NULL,NULL,1,3,2,6,1,1,3,2,7,3,N,NULL,Y,N,1741,1753,,N,NULL,10,,1,N,,N,N,098-US-0460-0,NULL,NULL,2023,O,7.29E+11,098-US-0460  -000,HIGH,098-US-0460  -000,0.433,0,0,0,0,0,0,0,1,0,0,1,0,0,1,Non-DAC,1,0,195-2087,1
72953043,980100,2.02E+11,20230922,854,,OWSLEY,,RD,KY1384,KY1384,0,098 KY-1384,KY1384,N,N,NULL,NULL,NULL,N,NULL,NULL,NULL,NULL,NULL,NULL,7.015,NULL,NULL,NULL,NULL,,NULL,2,0,2,2,N,N,45,NULL,98,9801,NULL,,Y,37.48012,-82.53938,N,NULL,NULL,NULL,NULL,NULL,NULL,NULL,NULL,5,3,2,6,1,1,2,2,1,3,Y,NULL,Y,Y,854,856,856,N,NULL,49,16,0,Y,,N,N,098-KY-1384-0,NULL,NULL,2023,C,7.3E+11,098-KY-1384  -000,HIGH,098-KY-1384  -000,7.01,0,0,0,0,0,0,1,0,0,0,0,0,0,1,DAC,0,1,,
72972739,980100,2.02E+11,20231114,754,,OWSLEY,,RD,KY1384,KY1384,0,098 KY-1384,KY1384,N,N,NULL,NULL,NULL,N,NULL,NULL,NULL,NULL,NULL,NULL,7,NULL,NULL,NULL,NULL,,NULL,0,0,1,1,N,N,45,NULL,98,9801,NULL,,Y,37.48014,-82.53964,N,NULL,NULL,NULL,NULL,NULL,NULL,NULL,NULL,9,3,4,6,1,1,2,2,7,3,N,NULL,N,N,754,757,,N,NULL,38,16,0,N,,N,N,098-KY-1384-0,NULL,NULL,2023,O,7.3E+11,098-KY-1384  -000,HIGH,098-KY-1384  -000,6.995,0,0,0,1,0,0,0,0,0,0,0,0,0,1,DAC,0,1,,
72900054,980100,2.02E+11,20230514,533,,US23,,,US0023,US0023,0,098 US-23,US0023,N,N,NULL,NULL,NULL,N,NULL,NULL,NULL,NULL,NULL,NULL,22.535,NULL,NULL,NULL,NULL,,NULL,0,0,1,1,N,N,55,NULL,98,9801,NULL,,Y,37.46408,-82.51913,N,NULL,NULL,NULL,NULL,NULL,NULL,NULL,NULL,9,3,4,3,1,1,2,6,7,3,N,NULL,Y,N,533,542,542,N,NULL,38,,1,N,,N,N,098-US-0023-0,NULL,NULL,2023,O,7.29E+11,098-US-0023  -000,HIGH,098-US-0023  -000,22.467,0,0,0,0,0,0,0,0,0,0,0,0,0,1,Non-DAC,1,0,195-1232,1
72864642,980100,2.02E+11,20230210,1047,,US23,,,US0023,US0023,0,098 US-23,US0023,N,N,NULL,NULL,NULL,N,NULL,NULL,NULL,NULL,NULL,NULL,21.402,NULL,NULL,NULL,NULL,,NULL,0,0,2,2,N,N,55,NULL,98,9801,NULL,,Y,37.4505,-82.52405,N,NULL,NULL,NULL,NULL,NULL,NULL,NULL,NULL,8,3,4,6,1,1,2,2,7,3,N,NULL,Y,N,1047,1047,1047,N,NULL,53,,1,N,,N,N,098-US-0023-0,NULL,NULL,2023,O,7.29E+11,098-US-0023  -000,HIGH,098-US-0023  -000,21.335,0,0,0,1,0,0,1,0,0,0,0,1,0,1,Non-DAC,0,1,,
72867166,980100,2.02E+11,20230220,730,,US23,,,US0023,US0023,0,098 US-23,US0023,N,N,NULL,NULL,NULL,N,NULL,NULL,NULL,NULL,NULL,NULL,21.595,NULL,NULL,NULL,NULL,,NULL,0,0,1,1,N,N,55,NULL,98,9801,NULL,,Y,37.45324,-82.52229,N,NULL,NULL,NULL,NULL,NULL,NULL,NULL,NULL,9,5,4,3,1,1,3,2,7,3,N,NULL,Y,N,820,824,824,N,NULL,40,,1,N,,N,N,098-US-0023-0,NULL,NULL,2023,O,7.29E+11,098-US-0023  -000,HIGH,098-US-0023  -000,21.55,0,0,0,0,0,0,0,0,0,0,0,1,0,1,Non-DAC,1,0,195-1272,1
72972200,KSP0900,23-454210,20231110,2130,,BOULDER,,DR,,,0,098 CS-1231,CS1231,N,N,NULL,NULL,NULL,N,NULL,NULL,NULL,NULL,NULL,NULL,0.048,NULL,NULL,NULL,NULL,,NULL,0,0,2,2,Y,N,5,NULL,98,9801,NULL,,Y,37.4749,-82.48337,N,NULL,NULL,NULL,NULL,NULL,NULL,NULL,NULL,2,7,,6,3,1,2,5,7,3,N,NULL,N,N,2307,2307,2330,N,NULL,47,,,N,,N,N,098-CS-1231-0,NULL,NULL,2023,O,7.3E+11,098-PR-1194  -000,HIGH,098-PR-1194  -000,0.048,0,0,0,0,0,0,0,0,0,0,0,0,0,1,Non-DAC,0,1,,
72923074,980100,2.02E+11,20230715,1533,,MAIN,,ST,,,0,098 CS-1112,CS1112,N,N,NULL,NULL,NULL,N,NULL,NULL,NULL,NULL,NULL,NULL,0.136,NULL,NULL,NULL,NULL,,NULL,1,0,2,2,N,N,25,NULL,98,9801,NULL,,Y,37.47949,-82.51748,N,NULL,NULL,NULL,NULL,NULL,NULL,NULL,NULL,1,3,1,6,1,5,6,2,7,3,N,NULL,Y,Y,1534,1535,1535,N,NULL,55,,,N,,N,N,098-CS-1112-0,NULL,NULL,2023,C,7.29E+11,098-CS-1112  -000,HIGH,098-CS-1112  -000,0.135,0,0,0,0,0,0,0,1,0,0,0,0,0,1,DAC,1,0,195-1087,1
72955282,980100,2.02E+11,20231005,1237,,US23,,,US0023,US0023,0,098 US-23,US0023,N,N,NULL,NULL,NULL,N,NULL,NULL,NULL,NULL,NULL,NULL,22.979,NULL,NULL,NULL,NULL,,NULL,0,0,2,2,N,N,55,NULL,98,9801,NULL,,Y,37.4655,-82.52664,N,NULL,NULL,NULL,NULL,NULL,NULL,NULL,NULL,8,3,4,6,1,1,2,2,2,3,N,NULL,Y,N,1237,1237,1249,N,NULL,53,,1,N,,N,N,098-US-0023-0,NULL,NULL,2023,O,7.3E+11,098-US-0023  -000,HIGH,098-US-0023  -000,22.912,0,1,0,1,0,0,1,1,0,0,0,1,0,1,DAC,0,1,,
72920382,980100,2.02E+11,20230612,1544,,DIVISION,,ST,,,0,098 CS-1130,CS1130,N,N,NULL,NULL,NULL,N,NULL,NULL,NULL,NULL,NULL,NULL,0.038,NULL,NULL,NULL,NULL,,NULL,0,0,2,2,Y,Y,15,NULL,98,9801,NULL,,Y,37.48018,-82.51849,N,NULL,NULL,NULL,NULL,NULL,NULL,NULL,NULL,8,97,2,6,1,1,2,2,1,3,N,NULL,Y,N,1545,1552,,N,NULL,47,,,N,,N,N,098-CS-1130-0,NULL,NULL,2023,O,7.29E+11,098-CS-1130  -000,HIGH,098-CS-1130  -000,0.039,0,0,0,0,0,0,0,0,0,0,0,0,0,1,DAC,1,0,195-1082,1
72853642,980100,2.02E+11,20230113,710,,KY1426,,,KY1426,KY1426,0,098 KY-1426,KY1426,N,N,NULL,NULL,NULL,N,NULL,NULL,NULL,NULL,NULL,NULL,7.9,NULL,NULL,NULL,NULL,,NULL,0,0,1,1,N,N,45,NULL,98,9801,NULL,,Y,37.49038,-82.49336,N,NULL,NULL,NULL,NULL,NULL,NULL,NULL,NULL,9,3,2,4,1,5,6,4,7,3,N,NULL,Y,N,710,711,711,N,NULL,41,,0,N,,N,N,098-KY-1426-0,NULL,NULL,2023,O,7.29E+11,098-KY-1426  -000,HIGH,098-KY-1426  -000,7.9,0,0,0,0,0,0,0,0,0,0,0,1,0,1,Non-DAC,1,0,195-0926,1
72896371,980100,2.02E+11,20230501,1514,,CASSIDY,,BLVD,,,0,098 CS-1191,CS1191,N,N,NULL,NULL,NULL,N,NULL,NULL,NULL,NULL,NULL,NULL,0.05,NULL,NULL,NULL,NULL,,NULL,0,0,2,2,N,N,35,NULL,98,9801,NULL,,Y,37.50368,-82.53297,N,NULL,NULL,NULL,NULL,NULL,NULL,NULL,NULL,5,3,4,6,1,1,2,2,1,3,N,NULL,Y,N,1514,1520,,N,NULL,49,,,N,,N,N,098-CS-1191-0,NULL,NULL,2023,O,7.29E+11,098-CS-1191  -000,HIGH,098-CS-1191  -000,0.047,0,0,0,0,0,0,1,0,0,0,0,0,0,1,Non-DAC,1,0,195-0861,1
72972787,980100,2.02E+11,20231108,740,,US119,,,US0119,US0119,0,098 US-119,US0119,N,N,NULL,NULL,NULL,N,NULL,NULL,NULL,NULL,NULL,NULL,1.977,NULL,NULL,NULL,NULL,,NULL,2,0,2,2,N,N,55,NULL,98,9801,2,N,N,37.51232,-82.49979,N,NULL,NULL,NULL,NULL,NULL,NULL,NULL,NULL,4,3,2,4,1,1,2,2,7,3,Y,NULL,Y,Y,740,740,,N,NULL,70,2,1,N,,N,N,098-US-0119-0,NULL,NULL,2023,B,7.3E+11,098-US-0119  -000,HIGH,098-US-0119  -000,1.977,0,0,1,0,0,0,1,1,0,0,0,1,0,1,Non-DAC,0,1,,
72978023,980100,2.02E+11,20231120,1747,,US23,,,US0023,US0023,0,098 US-23-10,US0023,N,Y,KY3496,,,N,NULL,NULL,NULL,NULL,NULL,NULL,23.062,NULL,NULL,NULL,NULL,,NULL,1,0,2,2,N,N,55,NULL,98,9801,NULL,,Y,37.46584,-82.52814,N,NULL,NULL,NULL,NULL,NULL,NULL,NULL,NULL,1,3,4,6,1,1,2,6,1,3,N,NULL,Y,Y,1749,1752,1752,N,NULL,10,,1,N,,N,N,098-US-0023-10,NULL,NULL,2023,B,7.3E+11,098-US-0023  -010,HIGH,098-US-0023  -000,22.997,0,0,0,0,0,0,0,1,0,0,1,0,0,1,DAC,1,0,195-1219,1
72818034,980100,2.02E+11,20221014,124,,CASSIDY,,BLVD,,,0,098 CS-1191,CS1191,N,N,NULL,NULL,NULL,N,NULL,NULL,NULL,NULL,NULL,NULL,0.383,NULL,NULL,NULL,NULL,,NULL,0,0,2,2,N,N,35,NULL,98,9801,NULL,,Y,37.50486,-82.53835,N,NULL,NULL,NULL,NULL,NULL,NULL,NULL,NULL,1,3,2,6,1,1,2,2,1,3,N,NULL,Y,N,1247,1252,,N,NULL,55,,,N,,N,N,098-CS-1191-0,NULL,NULL,2022,O,7.28E+11,098-CS-1191  -000,HIGH,098-CS-1191  -000,0.383,0,0,0,1,0,0,0,0,0,0,0,0,0,1,Non-DAC,0,1,,
72930957,980100,2.02E+11,20230725,146,,BYPASS,S,RD,KY1426,KY1426,0,098 KY-1426,KY1426,N,N,NULL,NULL,NULL,N,NULL,NULL,NULL,NULL,NULL,NULL,5.682,NULL,NULL,NULL,NULL,,NULL,0,0,2,2,N,N,15,NULL,98,9801,NULL,,Y,37.47274,-82.52299,N,NULL,NULL,NULL,NULL,NULL,NULL,NULL,NULL,7,97,2,6,2,5,3,5,1,3,N,NULL,Y,N,146,148,148,N,NULL,54,,0,N,,N,N,098-KY-1426-0,NULL,NULL,2023,O,7.29E+11,098-KY-1426  -000,HIGH,098-KY-1426  -000,5.682,0,0,1,0,0,0,1,0,0,0,0,1,0,1,DAC,1,0,195-1178,1
72835223,980100,2.02E+11,20221117,1608,,HAMBLEY,,BLVD,,,0,098 CS-1222,CS1222,N,N,NULL,NULL,NULL,N,NULL,NULL,NULL,NULL,NULL,NULL,0.002,NULL,NULL,NULL,NULL,,NULL,0,0,2,2,N,N,35,NULL,98,9801,NULL,,Y,37.47399,-82.52731,N,NULL,NULL,NULL,NULL,NULL,NULL,NULL,NULL,1,3,2,6,1,1,2,2,1,3,N,NULL,Y,N,1608,1612,,N,NULL,55,,,N,,N,N,098-CS-1222-0,NULL,NULL,2022,O,7.28E+11,098-CS-1222  -000,HIGH,098-CS-1222  -000,0.002,0,0,1,0,0,0,1,0,0,0,0,0,0,1,DAC,1,0,195-1167,1
72877302,980100,2.02E+11,20230315,839,,US23,,,US0023,US0023,0,098 US-23-10,US0023,N,N,NULL,NULL,NULL,N,NULL,NULL,NULL,NULL,NULL,NULL,27.404,NULL,NULL,NULL,NULL,,NULL,0,0,2,2,N,N,55,NULL,98,9807,NULL,,Y,37.51088,-82.54911,N,NULL,NULL,NULL,NULL,NULL,NULL,NULL,NULL,5,3,4,6,1,1,2,2,7,3,N,NULL,Y,N,839,845,912,N,NULL,49,,1,N,,N,N,098-US-0023-10,NULL,NULL,2023,O,7.29E+11,098-US-0023  -010,HIGH,098-US-0023  -000,27.39,0,0,1,0,0,0,0,0,0,0,0,0,0,1,Non-DAC,1,0,195-0811,1