MasterFile,AgencyORINumber,LocalCode,CollisionDate,CollisionTime,CollisionDayWeekCode,RoadwayName,RoadwayName_Direction_,RoadwayName_RoadwaySuffix_,RoadwayfromReport,CurrentRoadwayNumber,RoadwayNumberCoupletID,RSEUniqueGIS,RoadwayIdentifier,ParkingLotIndicator,IntersectionWith_Indicator_,IntersectionWith_NameRoadway_,IntersectionWith_Direction_,IntersectionWith_RoadwaySuffix_,BetweenStreets_Indicator_,BetweenStreets1_NameRoadway_,BetweenStreet1_Direction_,BetweenStreets1_RoadwaySuffix_,BetweenStreets2_NameRoadway_,BetweenStreets2_Direction_,BetweenStreets2_RoadwaySuffix_,Milepoint,ReportMilepointDeriveNumber,CurrentDerivedMiepointNumber,MilestoMilepoint,FeettoMilepoint,DirectionfromMilepoint_NSEW_,ValidMilepointIndicator,NumberInjured,NumberKilled,ofUnits,ofMotorVehicleUnits,Hit&RunIndicator,OneWayIndicator,SpeedLimitNumber,KilometersIndicator,CountyCode,CityCountyCode,MilesFromCity,DirectionFromCity_NSEW_,InCityLimitsIndicator,Latitude,Longitude,RampIndicator,RampFromIdentifier,RampFromDirCode,RampFromCoupletID,RSEUniqueGISRampFrom,RampToidentifier,RampToDirCode,RampToCoupletID,RSEUniqueGisRampTo,MannerofCollisionCode,LocationFirstEventCode,TotalLanes,RoadwayCharacterCode,RoadwaySurfaceCode,RoadwayConditionCode,WeatherCode,LightConditionCode,LandUseCode,SchoolBusRelatedCode,FirstAidSceneIndicator,CollDescPresentInd,InvestigationCompleteIndicator,PhotosTakenIndicator,TimeNotified,TimeArrived,TimeRoadwayOpened,PropertyDamageIndicator,DiagramPresentIndicator,DirectionalAnalysis,FunctionClassCode,NationalHwySysCode,EnforcementsIndicator,KARSCityCode,SecondaryCollisionIndicator,MedianCrossoverIndicator,RT_UNIQUE,MapIt,TimeLastLeft,YR,KABCO,MFNY,WorkingRID,RT_CONFIDENCE,KTC_RT,KTC_MP,Motorcyclist,Commercial Vehicle,Young Driver,Mature Driver,Pedestrian,Bicyclist,Distracted,Aggressive,Impaired,Unrestrained,Intersection,Roadway Departure,Median Cross-over,CityCrash,DACid,Intersection Crash,Segment Crash,Int_ID,CityIntersection
72986138,980000,23-12-002,20231212,1210,,US23,,,US0023,US0023,0,098 US-23-10,US0023,N,N,NULL,NULL,NULL,N,NULL,NULL,NULL,NULL,NULL,NULL,18.306,NULL,NULL,NULL,NULL,,NULL,0,0,2,2,N,N,55,NULL,98,9801,NULL,,Y,37.43331,-82.5145,N,NULL,NULL,NULL,NULL,NULL,NULL,NULL,NULL,5,3,4,5,1,1,2,2,6,3,N,NULL,Y,Y,1212,1220,1230,N,NULL,49,,1,N,,N,N,098-US-0023-10,NULL,NULL,2023,O,7.3E+11,098-US-0023  -010,HIGH,098-US-0023  -000,18.289,0,0,0,0,0,0,1,1,0,0,0,0,0,1,Non-DAC,0,1,,
72962813,980100,2.02E+11,20231002,1746,,COLLEGE,S,ST,,,0,098 CS-1152,CS1152,N,Y,STRATTON,,ST,N,NULL,NULL,NULL,NULL,NULL,NULL,0.139,NULL,NULL,NULL,NULL,,NULL,0,0,2,2,N,N,15,NULL,98,9801,NULL,,Y,37.47563,-82.52353,N,NULL,NULL,NULL,NULL,NULL,NULL,NULL,NULL,1,3,1,6,1,1,2,2,7,3,N,NULL,Y,N,1746,1805,1824,N,NULL,10,,,N,,N,N,098-CS-1152-0,NULL,NULL,2023,O,7.3E+11,098-CS-1152  -000,HIGH,098-CS-1152  -000,0.066,0,0,0,0,0,0,0,0,0,0,1,0,0,1,DAC,1,0,195-1148,1
72822193,980100,2.02E+11,20221028,943,,THOMPSON,,RD,,,,,,N,N,NULL,NULL,NULL,N,NULL,NULL,NULL,NULL,NULL,NULL,0.008,NULL,NULL,NULL,NULL,,NULL,0,0,2,2,N,N,55,NULL,98,9801,NULL,,Y,37.51061,-82.54812,N,NULL,NULL,NULL,NULL,NULL,NULL,NULL,NULL,5,3,4,6,1,1,2,2,1,3,N,NULL,N,N,943,952,,N,NULL,49,,,N,,N,N,,NULL,NULL,2022,O,7.28E+11,098-CS-1215  -000,MEDIUM,098-CS-1215  -000,0.008,0,0,0,1,0,0,1,0,0,0,0,0,0,1,Non-DAC,1,0,195-0812,1
72833153,980100,2.02E+11,20221111,1137,,KY1426,,,KY1426,KY1426,0,098 KY-1426,KY1426,N,N,NULL,NULL,NULL,N,NULL,NULL,NULL,NULL,NULL,NULL,8.099,NULL,NULL,NULL,NULL,,NULL,1,0,1,1,N,N,55,NULL,98,9801,NULL,,Y,37.49245,-82.49087,N,NULL,NULL,NULL,NULL,NULL,NULL,NULL,NULL,9,3,2,1,1,5,6,2,7,3,Y,NULL,Y,Y,1137,1140,1243,N,NULL,70,,0,N,,N,N,098-KY-1426-0,NULL,NULL,2022,B,7.28E+11,098-KY-1426  -000,HIGH,098-KY-1426  -000,8.099,0,0,0,1,0,0,0,0,0,0,0,1,0,1,Non-DAC,0,1,,
72958333,980100,2.02E+11,20231012,1832,,US23,,,US0023,US0023,0,098 US-23-10,US0023,N,N,NULL,NULL,NULL,N,NULL,NULL,NULL,NULL,NULL,NULL,24.102,NULL,NULL,NULL,NULL,,NULL,0,0,2,2,N,N,55,NULL,98,9801,NULL,,Y,37.47667,-82.53973,N,NULL,NULL,NULL,NULL,NULL,NULL,NULL,NULL,6,3,4,6,1,1,3,2,7,3,N,NULL,Y,N,1833,1844,1833,N,NULL,70,,1,N,,N,N,098-US-0023-10,NULL,NULL,2023,O,7.3E+11,098-US-0023  -010,HIGH,098-US-0023  -000,24.03,0,1,0,0,0,0,1,0,0,0,0,0,0,1,DAC,0,1,,
72880035,980100,2.02E+11,20230323,1123,,US23,,,US0023,US0023,0,098 US-23,US0023,N,N,NULL,NULL,NULL,N,NULL,NULL,NULL,NULL,NULL,NULL,24.921,NULL,NULL,NULL,NULL,,NULL,2,0,2,2,N,N,55,NULL,98,9801,NULL,,Y,37.48743,-82.54129,N,NULL,NULL,NULL,NULL,NULL,NULL,NULL,NULL,1,3,4,6,1,1,2,2,7,3,Y,NULL,Y,Y,1123,1127,1159,N,NULL,55,,1,N,,N,N,098-US-0023-0,NULL,NULL,2023,C,7.29E+11,098-US-0023  -000,HIGH,098-US-0023  -000,24.858,0,0,0,1,0,0,0,0,0,0,0,0,0,1,Non-DAC,0,1,,
72942671,980100,2.02E+11,20230831,1606,,CASSIDY,,BLVD,,,0,098 CS-1191,CS1191,N,N,NULL,NULL,NULL,N,NULL,NULL,NULL,NULL,NULL,NULL,0.06,NULL,NULL,NULL,NULL,,NULL,0,0,2,2,N,N,25,NULL,98,9801,NULL,,Y,37.50367,-82.53313,N,NULL,NULL,NULL,NULL,NULL,NULL,NULL,NULL,1,3,2,6,1,1,2,2,1,3,N,NULL,Y,N,1606,1614,,N,NULL,55,,,N,,N,N,098-CS-1191-0,NULL,NULL,2023,O,7.29E+11,098-CS-1191  -000,HIGH,098-CS-1191  -000,0.056,0,0,0,1,0,0,1,0,0,0,0,0,0,1,Non-DAC,0,1,,
72938679,980100,2.02E+11,20230825,1324,,US23,,,US0023,US0023,0,098 US-23-10,US0023,N,N,NULL,NULL,NULL,N,NULL,NULL,NULL,NULL,NULL,NULL,23.567,NULL,NULL,NULL,NULL,,NULL,0,0,2,2,N,N,55,NULL,98,9801,NULL,,Y,37.47099,-82.53386,N,NULL,NULL,NULL,NULL,NULL,NULL,NULL,NULL,8,3,4,3,1,5,3,2,1,3,N,NULL,Y,N,1328,1329,1329,N,NULL,53,,1,N,,N,N,098-US-0023-10,NULL,NULL,2023,O,7.29E+11,098-US-0023  -010,HIGH,098-US-0023  -000,23.51,0,1,0,0,0,0,0,0,0,0,0,1,0,1,DAC,1,0,195-1195,1
72879840,980100,2.02E+11,20230326,1950,,CASSIDY,,BLVD,,,0,098 CS-1191,CS1191,N,N,NULL,NULL,NULL,N,NULL,NULL,NULL,NULL,NULL,NULL,0.324,NULL,NULL,NULL,NULL,,NULL,0,0,2,2,N,N,5,NULL,98,9801,NULL,,Y,37.50522,-82.53733,N,NULL,NULL,NULL,NULL,NULL,NULL,NULL,NULL,1,97,1,6,1,1,2,3,5,3,N,NULL,Y,N,1950,2000,2000,N,NULL,47,,,N,,N,N,098-CS-1191-0,NULL,NULL,2023,O,7.29E+11,098-CS-1191  -000,HIGH,098-CS-1191  -000,0.324,0,0,0,0,0,0,1,0,0,1,0,0,0,1,Non-DAC,0,1,,
72896602,980100,2.02E+11,20230508,732,,US23,,,US0023,US0023,0,098 US-23,US0023,N,N,NULL,NULL,NULL,N,NULL,NULL,NULL,NULL,NULL,NULL,23.023,NULL,NULL,NULL,NULL,,NULL,0,0,2,2,N,N,55,NULL,98,9801,NULL,,Y,37.46583,-82.52736,N,NULL,NULL,NULL,NULL,NULL,NULL,NULL,NULL,5,3,4,6,1,1,2,2,7,3,N,NULL,Y,N,732,737,738,N,NULL,49,,1,N,,N,N,098-US-0023-0,NULL,NULL,2023,O,7.29E+11,098-US-0023  -000,HIGH,098-US-0023  -000,22.956,0,0,0,1,0,0,0,0,0,0,0,0,0,1,DAC,0,1,,
72823714,980100,2.02E+11,20221030,1455,,CASSIDY,,BLVD,,,0,098 CS-1191,CS1191,N,N,NULL,NULL,NULL,N,NULL,NULL,NULL,NULL,NULL,NULL,0.001,NULL,NULL,NULL,NULL,,NULL,0,0,2,2,N,N,55,NULL,98,9801,NULL,,Y,37.50377,-82.53217,N,NULL,NULL,NULL,NULL,NULL,NULL,NULL,NULL,5,3,5,6,1,1,3,2,1,3,N,NULL,Y,N,1455,1459,1459,N,NULL,70,,,N,,N,N,098-CS-1191-0,NULL,NULL,2022,O,7.28E+11,098-CS-1191  -000,HIGH,098-CS-1191  -000,0.001,0,0,0,0,0,0,1,0,0,0,0,0,0,1,Non-DAC,1,0,195-0861,1
72939809,980100,2.02E+11,20230829,1312,,US23,,,US0023,US0023,0,098 US-23,US0023,N,N,NULL,NULL,NULL,N,NULL,NULL,NULL,NULL,NULL,NULL,20.912,NULL,NULL,NULL,NULL,,NULL,2,0,2,2,N,N,55,NULL,98,9801,NULL,,Y,37.4439,-82.52477,N,NULL,NULL,NULL,NULL,NULL,NULL,NULL,NULL,4,3,4,3,1,1,2,2,2,3,Y,NULL,Y,Y,1313,1316,1345,N,NULL,70,,1,N,,N,N,098-US-0023-0,NULL,NULL,2023,B,7.29E+11,098-US-0023  -000,HIGH,098-US-0023  -000,20.845,0,0,0,1,0,0,1,1,0,0,0,0,0,1,Non-DAC,0,1,,
72915018,980100,2.02E+11,20230623,1607,,KY3496,,,KY3496,KY3496,0,098 KY-3496,KY3496,N,N,NULL,NULL,NULL,N,NULL,NULL,NULL,NULL,NULL,NULL,0.078,NULL,NULL,NULL,NULL,,NULL,0,0,2,2,N,N,35,NULL,98,9801,NULL,,Y,37.46578,-82.52918,N,NULL,NULL,NULL,NULL,NULL,NULL,NULL,NULL,1,3,2,3,1,1,2,2,1,3,N,NULL,Y,N,1607,1614,1614,N,NULL,55,16,0,N,,N,N,098-KY-3496-0,NULL,NULL,2023,O,7.29E+11,098-KY-3496  -000,HIGH,098-KY-3496  -000,0.086,0,0,0,0,0,0,1,0,0,0,0,0,0,1,DAC,0,1,,
72957385,980100,2.02E+11,20231009,1603,,KY3417,,,KY3417,KY3417,0,098 KY-3417,KY3417,N,N,NULL,NULL,NULL,N,NULL,NULL,NULL,NULL,NULL,NULL,0.298,NULL,NULL,NULL,NULL,,NULL,0,0,2,2,N,N,35,NULL,98,9801,NULL,,Y,37.46584,-82.55918,N,NULL,NULL,NULL,NULL,NULL,NULL,NULL,NULL,7,3,2,3,1,5,2,2,7,3,N,NULL,Y,N,1603,1617,1659,N,NULL,54,17,0,Y,,N,N,098-KY-3417-0,NULL,NULL,2023,O,7.3E+11,098-KY-3417  -000,HIGH,098-KY-3417  -000,0.298,0,0,0,0,0,0,1,0,0,0,0,1,0,1,Non-DAC,1,0,195-1229,1
72939268,980100,2.02E+11,20230825,1325,,KY3496,,,KY3496,KY3496,0,098 KY-3496,KY3496,N,N,NULL,NULL,NULL,N,NULL,NULL,NULL,NULL,NULL,NULL,0.745,NULL,NULL,NULL,NULL,,NULL,0,0,2,2,N,N,35,NULL,98,9801,NULL,,Y,37.47202,-82.53054,N,NULL,NULL,NULL,NULL,NULL,NULL,NULL,NULL,1,3,2,6,1,5,3,2,1,3,N,NULL,Y,N,1325,1330,1359,N,NULL,55,16,0,N,,N,N,098-KY-3496-0,NULL,NULL,2023,O,7.29E+11,098-KY-3496  -000,HIGH,098-KY-3496  -000,0.745,0,0,0,0,0,0,0,0,0,0,0,0,0,1,DAC,0,1,,
72824355,980100,2.02E+11,20221102,1000,,MYRA BARNES,,AVE,,,0,098 CS-1150,CS1150,N,N,NULL,NULL,NULL,N,NULL,NULL,NULL,NULL,NULL,NULL,0.008,NULL,NULL,NULL,NULL,,NULL,0,0,2,2,N,N,15,NULL,98,9801,NULL,,Y,37.48426,-82.52986,N,NULL,NULL,NULL,NULL,NULL,NULL,NULL,NULL,2,3,1,6,1,1,2,2,6,3,N,NULL,Y,N,1000,1005,1005,N,NULL,56,,,N,,N,N,098-CS-1150-0,NULL,NULL,2022,O,7.28E+11,098-CS-1150  -000,HIGH,098-CS-1150  -000,0.008,0,0,0,1,0,0,0,0,0,0,0,0,0,1,DAC,1,0,195-0993,1
72811482,980500,2022AR043,20221001,1440,,US23,,,US0023,US0023,0,098 US-23,US0023,N,N,NULL,NULL,NULL,N,NULL,NULL,NULL,NULL,NULL,NULL,27.272,NULL,NULL,NULL,NULL,,NULL,0,0,2,2,N,N,45,NULL,98,9807,NULL,,Y,37.51114,-82.55013,N,NULL,NULL,NULL,NULL,NULL,NULL,NULL,NULL,5,3,4,6,1,5,6,2,1,3,Y,NULL,Y,Y,1440,1446,1530,N,NULL,70,,1,N,,N,N,098-US-0023-0,NULL,NULL,2022,O,7.28E+11,098-US-0023  -000,HIGH,098-US-0023  -000,27.272,0,0,1,1,0,0,1,0,0,0,0,0,0,1,Non-DAC,0,1,,
72963771,980100,2.02E+11,20231023,759,,BAIRD,,AVE,KY1426,KY1426,0,098 KY-1426,KY1426,N,N,NULL,NULL,NULL,N,NULL,NULL,NULL,NULL,NULL,NULL,5.376,NULL,NULL,NULL,NULL,,NULL,0,0,2,2,N,N,55,NULL,98,9801,NULL,,Y,37.47355,-82.52718,N,NULL,NULL,NULL,NULL,NULL,NULL,NULL,NULL,5,3,2,3,1,1,2,2,7,3,N,NULL,Y,N,800,804,,N,NULL,49,,0,N,,N,N,098-KY-1426-0,NULL,NULL,2023,O,7.3E+11,098-KY-1426  -000,HIGH,098-KY-1426  -000,5.376,0,0,0,0,0,0,0,1,0,0,0,0,0,1,DAC,1,0,195-1167,1
72819767,980100,2.02E+11,20221020,1331,,CASSIDY,,BLVD,,,0,098 CS-1191,CS1191,N,N,NULL,NULL,NULL,N,NULL,NULL,NULL,NULL,NULL,NULL,0.267,NULL,NULL,NULL,NULL,,NULL,0,0,2,2,N,N,35,NULL,98,9801,NULL,,Y,37.5047,-82.53621,N,NULL,NULL,NULL,NULL,NULL,NULL,NULL,NULL,1,3,2,6,1,1,2,2,1,3,N,NULL,Y,N,1331,1334,1334,N,NULL,55,,,N,,N,N,098-CS-1191-0,NULL,NULL,2022,O,7.28E+11,098-CS-1191  -000,HIGH,098-CS-1191  -000,0.267,0,0,0,1,0,0,1,1,0,0,0,0,0,1,Non-DAC,0,1,,
72940903,980100,2.02E+11,20230816,2051,,CASSIDY,,BLVD,,,0,098 CS-1191,CS1191,N,N,NULL,NULL,NULL,N,NULL,NULL,NULL,NULL,NULL,NULL,0.159,NULL,NULL,NULL,NULL,,NULL,0,0,2,2,N,N,35,NULL,98,9801,NULL,,Y,37.50367,-82.53465,N,NULL,NULL,NULL,NULL,NULL,NULL,NULL,NULL,8,3,4,3,1,1,2,5,1,3,N,NULL,Y,N,2051,2059,2059,N,NULL,53,,,N,,N,N,098-CS-1191-0,NULL,NULL,2023,O,7.29E+11,098-CS-1191  -000,HIGH,098-CS-1191  -000,0.14,0,0,0,1,0,0,1,0,0,0,0,1,0,1,Non-DAC,0,1,,
72972950,980100,2.02E+11,20231110,1929,,HIBBARD,,ST,,,0,098 CS-1053,CS1053,N,N,NULL,NULL,NULL,N,NULL,NULL,NULL,NULL,NULL,NULL,0.265,NULL,NULL,NULL,NULL,,NULL,0,0,2,2,N,N,25,NULL,98,9801,NULL,,Y,37.47539,-82.52344,N,NULL,NULL,NULL,NULL,NULL,NULL,NULL,NULL,2,3,2,6,1,1,2,5,3,3,N,NULL,Y,N,1929,1932,1932,N,NULL,56,,,N,,N,N,098-CS-1053-0,NULL,NULL,2023,O,7.3E+11,098-CS-1053  -000,HIGH,098-CS-1053  -000,0.264,0,0,0,0,0,0,1,0,0,0,0,0,0,1,DAC,1,0,195-1156,1
72896420,980100,2.02E+11,20230505,1038,,KENTUCKY,,AVE,,,0,098 CS-1162,CS1162,N,N,NULL,NULL,NULL,N,NULL,NULL,NULL,NULL,NULL,NULL,0.033,NULL,NULL,NULL,NULL,,NULL,0,0,3,3,Y,N,15,NULL,98,9801,NULL,,Y,37.48344,-82.52115,N,NULL,NULL,NULL,NULL,NULL,NULL,NULL,NULL,1,5,2,6,1,1,2,2,6,3,N,NULL,Y,N,1038,1039,1039,N,NULL,47,,,N,,N,N,098-CS-1162-0,NULL,NULL,2023,O,7.29E+11,098-CS-1162  -000,HIGH,098-CS-1162  -000,0.033,0,0,0,0,0,0,0,0,0,0,0,0,0,1,DAC,0,1,,
72834634,980100,2.02E+11,20221125,1356,,US460,,,US0460,US0460,0,098 US-460,US0460,N,N,NULL,NULL,NULL,N,NULL,NULL,NULL,NULL,NULL,NULL,0.431,NULL,NULL,NULL,NULL,,NULL,0,0,2,2,N,N,55,NULL,98,9801,NULL,,Y,37.43657,-82.51102,N,NULL,NULL,NULL,NULL,NULL,NULL,NULL,NULL,5,3,2,6,1,6,6,2,7,3,N,NULL,Y,N,1356,1400,1434,N,NULL,49,,1,N,,N,N,098-US-0460-0,NULL,NULL,2022,O,7.28E+11,098-US-0460  -000,HIGH,098-US-0460  -000,0.431,0,0,1,0,0,0,1,0,0,0,0,0,0,1,Non-DAC,1,0,195-2087,1
72919686,980100,2.02E+11,20230628,1203,,US119,,,US0119,US0119,0,098 US-119,US0119,N,N,NULL,NULL,NULL,N,NULL,NULL,NULL,NULL,NULL,NULL,0.737,NULL,NULL,NULL,NULL,,NULL,0,0,1,1,N,N,55,NULL,98,9801,NULL,,Y,37.50778,-82.51959,N,NULL,NULL,NULL,NULL,NULL,NULL,NULL,NULL,9,3,4,6,1,1,2,2,1,3,N,NULL,Y,N,1203,1216,1216,N,NULL,39,2,1,N,,N,N,098-US-0119-0,NULL,NULL,2023,O,7.29E+11,098-US-0119  -000,HIGH,098-US-0119  -000,0.739,0,1,0,0,0,0,0,0,0,0,0,0,0,1,Non-DAC,1,0,195-0825,1
72956899,KSP0900,23-405883,20230926,2151,,US119,,,US0119,US0119,0,098 US-119-10,US0119,N,N,NULL,NULL,NULL,N,NULL,NULL,NULL,NULL,NULL,NULL,1.98,NULL,NULL,NULL,NULL,,NULL,0,0,2,2,Y,N,55,NULL,98,9801,NULL,,Y,37.51247,-82.49973,N,NULL,NULL,NULL,NULL,NULL,NULL,NULL,NULL,8,2,2,5,1,1,2,6,7,3,N,NULL,Y,Y,2154,2201,,N,NULL,47,2,1,Y,,N,N,098-US-0119-10,NULL,NULL,2023,O,7.3E+11,098-US-0119  -010,HIGH,098-US-0119  -000,1.98,0,0,0,0,0,0,1,0,1,1,0,0,0,1,Non-DAC,0,1,,
72977471,980100,2.02E+11,20231117,1540,,COLLEGE,S,ST,,,0,098 CS-1152,CS1152,N,N,NULL,NULL,NULL,N,NULL,NULL,NULL,NULL,NULL,NULL,0.14,NULL,NULL,NULL,NULL,,NULL,0,0,2,2,N,N,15,NULL,98,9801,NULL,,Y,37.47562,-82.52354,N,NULL,NULL,NULL,NULL,NULL,NULL,NULL,NULL,7,3,2,6,1,1,2,2,6,1,N,NULL,Y,N,1540,1543,1634,N,NULL,54,,,N,,N,N,098-CS-1152-0,NULL,NULL,2023,O,7.3E+11,098-CS-1152  -000,HIGH,098-CS-1152  -000,0.067,0,1,0,1,0,0,0,0,0,0,0,1,0,1,DAC,1,0,195-1148,1
72896421,980100,2.02E+11,20230505,1248,,CASSIDY,,BLVD,,,0,098 CS-1191,CS1191,N,N,NULL,NULL,NULL,N,NULL,NULL,NULL,NULL,NULL,NULL,0.048,NULL,NULL,NULL,NULL,,NULL,0,0,3,3,N,N,25,NULL,98,9801,NULL,,Y,37.50368,-82.53294,N,NULL,NULL,NULL,NULL,NULL,NULL,NULL,NULL,1,3,4,6,1,1,2,2,1,3,N,NULL,Y,N,1248,1257,1340,N,NULL,55,,,N,,N,N,098-CS-1191-0,NULL,NULL,2023,O,7.29E+11,098-CS-1191  -000,HIGH,098-CS-1191  -000,0.045,0,0,0,1,0,0,1,0,0,0,0,0,0,1,Non-DAC,1,0,195-0861,1
72838195,980100,2.02E+11,20221201,801,,HAMBLEY,,BLVD,,,0,098 CS-1222,CS1222,N,N,NULL,NULL,NULL,N,NULL,NULL,NULL,NULL,NULL,NULL,0.313,NULL,NULL,NULL,NULL,,NULL,0,0,2,2,N,N,25,NULL,98,9801,NULL,,Y,37.47632,-82.52251,N,NULL,NULL,NULL,NULL,NULL,NULL,NULL,NULL,5,3,3,6,1,1,2,2,7,3,N,NULL,Y,N,801,805,834,N,NULL,49,,,N,,N,N,098-CS-1222-0,NULL,NULL,2022,O,7.28E+11,098-CS-1222  -000,HIGH,098-CS-1222  -000,0.313,0,0,1,0,0,0,0,0,0,0,0,0,0,1,DAC,1,0,195-1141,1
72758935,980100,2.02E+11,20220503,2022,,CHLOE,,RD,KY1460,KY1460,0,098 KY-1460,KY1460,N,N,NULL,NULL,NULL,N,NULL,NULL,NULL,NULL,NULL,NULL,4.846,NULL,NULL,NULL,NULL,,NULL,0,0,1,1,N,N,45,NULL,98,9801,NULL,,Y,37.47792,-82.51212,N,NULL,NULL,NULL,NULL,NULL,NULL,NULL,NULL,9,3,2,3,1,5,6,6,7,3,N,NULL,Y,N,2022,2026,2026,N,NULL,40,,0,N,,N,N,098-KY-1460-0,NULL,NULL,2022,O,7.28E+11,098-KY-1460  -000,HIGH,098-KY-1460  -000,4.846,0,0,0,0,0,0,0,0,0,0,0,1,0,1,Non-DAC,0,1,,
72857457,KSP0900,23-29744,20230123,1943,,US23,,,US0023,US0023,0,098 US-23,US0023,N,N,NULL,NULL,NULL,N,NULL,NULL,NULL,NULL,NULL,NULL,17.611,NULL,NULL,NULL,NULL,,NULL,0,0,1,1,N,N,55,NULL,98,9801,NULL,,Y,37.42364,-82.51685,N,NULL,NULL,NULL,NULL,NULL,NULL,NULL,NULL,9,3,4,6,1,5,3,4,7,3,N,NULL,Y,N,1943,2021,2021,N,NULL,38,,1,N,,N,N,098-US-0023-0,NULL,NULL,2023,O,7.29E+11,098-US-0023  -000,HIGH,098-US-0023  -000,17.598,0,0,0,0,0,0,0,0,0,0,0,0,0,1,Non-DAC,0,1,,
72945255,KSP0900,09-23-0745,20230907,1227,,US23,,,US0023,US0023,0,098 US-23-10,US0023,N,N,NULL,NULL,NULL,N,NULL,NULL,NULL,NULL,NULL,NULL,17.626,NULL,NULL,NULL,NULL,,NULL,0,1,2,2,N,N,55,NULL,98,9801,NULL,,Y,37.42386,-82.517,N,NULL,NULL,NULL,NULL,NULL,NULL,NULL,NULL,5,3,4,4,1,1,2,2,7,3,N,NULL,Y,Y,1129,1203,,N,NULL,49,,1,N,,N,N,098-US-0023-10,NULL,NULL,2023,K,7.29E+11,098-US-0023  -010,HIGH,098-US-0023  -000,17.613,0,0,0,1,0,0,1,1,0,1,0,1,0,1,Non-DAC,0,1,,
72810026,980100,2.02E+11,20220829,838,,US23,,,US0023,US0023,0,098 US-23,US0023,N,N,NULL,NULL,NULL,N,NULL,NULL,NULL,NULL,NULL,NULL,25.416,NULL,NULL,NULL,NULL,,NULL,0,0,2,2,N,N,55,NULL,98,9801,NULL,,Y,37.49228,-82.53461,N,NULL,NULL,NULL,NULL,NULL,NULL,NULL,NULL,5,3,4,6,1,1,2,2,1,3,N,NULL,Y,N,838,849,857,N,NULL,49,,1,N,,N,N,098-US-0023-0,NULL,NULL,2022,O,7.28E+11,098-US-0023  -000,HIGH,098-US-0023  -000,25.416,0,0,0,0,0,0,1,0,0,0,0,0,0,1,Non-DAC,0,1,,
72960940,980100,2.02E+11,20231018,1741,,US23,,,US0023,US0023,0,098 US-23,US0023,N,N,NULL,NULL,NULL,N,NULL,NULL,NULL,NULL,NULL,NULL,26.219,NULL,NULL,NULL,NULL,,NULL,0,0,2,2,N,N,55,NULL,98,9801,NULL,,Y,37.50274,-82.53203,N,NULL,NULL,NULL,NULL,NULL,NULL,NULL,NULL,5,3,4,6,1,1,2,2,2,3,N,NULL,Y,N,1741,1744,1744,N,NULL,49,,1,N,,N,N,098-US-0023-0,NULL,NULL,2023,O,7.3E+11,098-US-0023  -000,HIGH,098-US-0023  -000,26.156,0,0,0,0,0,0,1,1,0,0,0,0,0,1,Non-DAC,0,1,,
72814958,980100,20220015421,20221009,1926,,US119,,,US0119,US0119,0,098 US-119,US0119,N,N,NULL,NULL,NULL,N,NULL,NULL,NULL,NULL,NULL,NULL,2.697,NULL,NULL,NULL,NULL,,NULL,2,0,2,2,N,N,55,NULL,98,9801,NULL,,Y,37.51402,-82.48707,N,NULL,NULL,NULL,NULL,NULL,NULL,NULL,NULL,4,3,2,4,1,1,2,5,7,3,Y,NULL,Y,Y,1926,1926,2017,N,NULL,70,2,1,N,,N,N,098-US-0119-0,NULL,NULL,2022,C,7.28E+11,098-US-0119  -000,HIGH,098-US-0119  -000,2.697,0,0,1,0,0,0,0,0,0,0,0,1,0,1,DAC,1,0,195-0777,1
72987264,980100,2.02E+11,20231211,1226,,CASSIDY,,BLVD,,,0,098 CS-1191,CS1191,N,N,NULL,NULL,NULL,N,NULL,NULL,NULL,NULL,NULL,NULL,0.318,NULL,NULL,NULL,NULL,,NULL,0,0,2,2,N,N,35,NULL,98,9801,NULL,,Y,37.50521,-82.5372,N,NULL,NULL,NULL,NULL,NULL,NULL,NULL,NULL,4,3,2,3,1,1,3,2,1,3,N,NULL,Y,N,1226,1234,1239,N,NULL,70,,,N,,N,N,098-CS-1191-0,NULL,NULL,2023,O,7.3E+11,098-CS-1191  -000,HIGH,098-CS-1191  -000,0.317,0,0,0,0,0,0,1,0,0,0,0,0,0,1,Non-DAC,0,1,,
72977662,980100,2.02E+11,20231118,2107,,US23,,,US0023,US0023,0,098 US-23-10,US0023,N,N,NULL,NULL,NULL,N,NULL,NULL,NULL,NULL,NULL,NULL,26.329,NULL,NULL,NULL,NULL,,NULL,3,0,2,2,N,N,55,NULL,98,9801,NULL,,Y,37.50379,-82.53219,N,NULL,NULL,NULL,NULL,NULL,NULL,NULL,NULL,3,3,4,6,1,1,2,5,2,3,Y,NULL,Y,Y,2107,2109,2226,N,NULL,52,,1,N,,N,N,098-US-0023-10,NULL,NULL,2023,B,7.3E+11,098-US-0023  -010,HIGH,098-US-0023  -000,26.231,0,0,1,0,0,0,1,0,0,0,0,1,0,1,Non-DAC,1,0,195-0861,1