MasterFile,AgencyORINumber,LocalCode,CollisionDate,CollisionTime,CollisionDayWeekCode,RoadwayName,RoadwayName_Direction_,RoadwayName_RoadwaySuffix_,RoadwayfromReport,CurrentRoadwayNumber,RoadwayNumberCoupletID,RSEUniqueGIS,RoadwayIdentifier,ParkingLotIndicator,IntersectionWith_Indicator_,IntersectionWith_NameRoadway_,IntersectionWith_Direction_,IntersectionWith_RoadwaySuffix_,BetweenStreets_Indicator_,BetweenStreets1_NameRoadway_,BetweenStreet1_Direction_,BetweenStreets1_RoadwaySuffix_,BetweenStreets2_NameRoadway_,BetweenStreets2_Direction_,BetweenStreets2_RoadwaySuffix_,Milepoint,ReportMilepointDeriveNumber,CurrentDerivedMiepointNumber,MilestoMilepoint,FeettoMilepoint,DirectionfromMilepoint_NSEW_,ValidMilepointIndicator,NumberInjured,NumberKilled,ofUnits,ofMotorVehicleUnits,Hit&RunIndicator,OneWayIndicator,SpeedLimitNumber,KilometersIndicator,CountyCode,CityCountyCode,MilesFromCity,DirectionFromCity_NSEW_,InCityLimitsIndicator,Latitude,Longitude,RampIndicator,RampFromIdentifier,RampFromDirCode,RampFromCoupletID,RSEUniqueGISRampFrom,RampToidentifier,RampToDirCode,RampToCoupletID,RSEUniqueGisRampTo,MannerofCollisionCode,LocationFirstEventCode,TotalLanes,RoadwayCharacterCode,RoadwaySurfaceCode,RoadwayConditionCode,WeatherCode,LightConditionCode,LandUseCode,SchoolBusRelatedCode,FirstAidSceneIndicator,CollDescPresentInd,InvestigationCompleteIndicator,PhotosTakenIndicator,TimeNotified,TimeArrived,TimeRoadwayOpened,PropertyDamageIndicator,DiagramPresentIndicator,DirectionalAnalysis,FunctionClassCode,NationalHwySysCode,EnforcementsIndicator,KARSCityCode,SecondaryCollisionIndicator,MedianCrossoverIndicator,RT_UNIQUE,MapIt,TimeLastLeft,YR,KABCO,MFNY,WorkingRID,RT_CONFIDENCE,KTC_RT,KTC_MP,Motorcyclist,Commercial Vehicle,Young Driver,Mature Driver,Pedestrian,Bicyclist,Distracted,Aggressive,Impaired,Unrestrained,Intersection,Roadway Departure,Median Cross-over,CityCrash,DACid,Intersection Crash,Segment Crash,Int_ID,CityIntersection
72963499,980500,2023AR051,20231020,1954,,US23,,,US0023,US0023,0,098 US-23-10,US0023,N,N,NULL,NULL,NULL,N,NULL,NULL,NULL,NULL,NULL,NULL,29.636,NULL,NULL,NULL,NULL,,NULL,0,0,2,2,N,N,45,NULL,98,9801,NULL,,Y,37.53094,-82.57661,N,NULL,NULL,NULL,NULL,NULL,NULL,NULL,NULL,5,3,4,6,1,5,6,6,1,3,N,NULL,Y,Y,1954,2005,2030,N,NULL,70,,1,Y,,N,N,098-US-0023-10,NULL,NULL,2023,O,7.3E+11,098-US-0023  -010,HIGH,098-US-0023  -000,29.535,0,0,0,0,0,0,0,0,1,0,0,0,0,1,Non-DAC,0,1,,
72860124,980100,2.02E+11,20230111,1121,,PEACH ORCHARD,,DR,,,0,098 CS-1158,CS1158,N,N,NULL,NULL,NULL,N,NULL,NULL,NULL,NULL,NULL,NULL,0.17,NULL,NULL,NULL,NULL,,NULL,0,0,2,2,N,N,15,NULL,98,9801,NULL,,Y,37.47968,-82.52409,N,NULL,NULL,NULL,NULL,NULL,NULL,NULL,NULL,7,3,1,6,1,1,2,2,1,3,N,NULL,Y,N,1122,1133,,N,NULL,47,,,N,,N,N,098-CS-1158-0,NULL,NULL,2023,O,7.29E+11,098-CS-1219  -000,MEDIUM,098-CS-1219  -000,0.13,0,0,0,0,0,0,0,0,0,0,0,0,0,1,DAC,0,1,,
72910465,980100,2.02E+11,20230613,1109,,CHLOE,,RD,KY1460,KY1460,0,098 KY-1460,KY1460,N,N,NULL,NULL,NULL,N,NULL,NULL,NULL,NULL,NULL,NULL,3.097,NULL,NULL,NULL,NULL,,NULL,0,0,2,2,N,N,35,NULL,98,9801,NULL,,Y,37.47245,-82.4828,N,NULL,NULL,NULL,NULL,NULL,NULL,NULL,NULL,1,3,2,4,1,1,2,2,7,3,N,NULL,Y,N,1109,1118,1133,N,NULL,55,,0,N,,N,N,098-KY-1460-0,NULL,NULL,2023,O,7.29E+11,098-KY-1460  -000,HIGH,098-KY-1460  -000,3.066,0,0,0,0,0,0,0,0,0,0,0,0,0,1,Non-DAC,0,1,,
72762309,980100,2.02E+11,20220516,1725,,KY3496 TURN LANE,,,KY3496,KY3496,,,,N,Y,US23,,,N,NULL,NULL,NULL,NULL,NULL,NULL,0.014,NULL,NULL,NULL,NULL,,NULL,0,0,2,2,N,N,35,NULL,98,9801,NULL,,Y,37.4658,-82.52816,N,NULL,NULL,NULL,NULL,NULL,NULL,NULL,NULL,5,3,3,2,1,1,2,2,1,3,N,NULL,Y,N,1725,1729,,N,NULL,35,16,0,N,,N,N,,NULL,NULL,2022,O,7.28E+11,098-KY-3496  -000,MEDIUM,098-KY-3496  -000,0.014,0,0,0,0,0,0,1,1,0,0,1,0,0,1,DAC,1,0,195-1219,1
72900464,980100,2.02E+11,20230513,1857,,CASSIDY,,BLVD,,,0,098 CS-1191,CS1191,N,N,NULL,NULL,NULL,N,NULL,NULL,NULL,NULL,NULL,NULL,0.133,NULL,NULL,NULL,NULL,,NULL,0,0,2,2,N,N,15,NULL,98,9801,NULL,,Y,37.50364,-82.53423,N,NULL,NULL,NULL,NULL,NULL,NULL,NULL,NULL,1,97,2,4,1,1,2,2,1,3,N,NULL,Y,N,1857,1905,,N,NULL,55,,,N,,N,N,098-CS-1191-0,NULL,NULL,2023,O,7.29E+11,098-CS-1191  -000,HIGH,098-CS-1191  -000,0.117,0,0,0,0,0,0,1,0,0,0,0,0,0,1,Non-DAC,0,1,,
72860848,980100,2.02E+11,20230131,1311,,KY3495,,,,,,,,N,N,NULL,NULL,NULL,N,NULL,NULL,NULL,NULL,NULL,NULL,,NULL,NULL,NULL,NULL,NULL,NULL,0,0,2,2,N,N,35,NULL,98,9801,NULL,,Y,37.48408,-82.5429,N,NULL,NULL,NULL,NULL,NULL,NULL,NULL,NULL,5,3,2,3,1,5,3,2,6,3,N,NULL,Y,N,1311,1316,1326,N,NULL,49,,,N,,N,N,,NULL,NULL,2023,O,7.29E+11,098-KY-1460  -000,MEDIUM,098-KY-1460  -000,6.847,0,0,0,0,0,0,1,0,0,0,0,0,0,1,Non-DAC,1,0,195-1013,1
72817962,980100,2.02E+11,20221017,1543,,US23 TURN LANE,,,US0023,US0023,,,,N,N,NULL,NULL,NULL,N,NULL,NULL,NULL,NULL,NULL,NULL,0.018,NULL,NULL,NULL,NULL,,NULL,0,0,2,2,N,N,55,NULL,98,9801,NULL,,Y,37.50355,-82.53246,N,NULL,NULL,NULL,NULL,NULL,NULL,NULL,NULL,5,3,8,3,1,1,2,2,1,3,N,NULL,Y,N,1543,1545,,N,NULL,49,,1,N,,N,N,,NULL,NULL,2022,O,7.28E+11,098-US-0023  -021,MEDIUM,098-US-0023  -021,0.018,0,0,0,1,0,0,1,1,0,0,0,0,0,1,Non-DAC,1,0,195-0861,1
72873080,980100,2.02E+11,20230227,2333,,US119,,,US0119,US0119,0,098 US-119-10,US0119,N,N,NULL,NULL,NULL,N,NULL,NULL,NULL,NULL,NULL,NULL,0.017,NULL,NULL,NULL,NULL,,NULL,0,0,2,2,N,N,55,NULL,98,9801,NULL,,Y,37.50389,-82.53172,N,NULL,NULL,NULL,NULL,NULL,NULL,NULL,NULL,5,3,4,6,1,1,2,5,1,3,N,NULL,Y,N,2333,2338,2338,N,NULL,49,2,1,N,,N,N,098-US-0119-10,NULL,NULL,2023,O,7.29E+11,098-US-0119  -010,HIGH,098-US-0119  -000,0.017,0,0,0,1,0,0,1,0,0,0,0,0,0,1,Non-DAC,1,0,195-0861,1
72921161,980100,2.02E+11,20230708,1232,,US23,,,US0023,US0023,0,098 US-23,US0023,N,N,NULL,NULL,NULL,N,NULL,NULL,NULL,NULL,NULL,NULL,26.214,NULL,NULL,NULL,NULL,,NULL,0,0,2,2,N,N,55,NULL,98,9801,NULL,,Y,37.50268,-82.53201,N,NULL,NULL,NULL,NULL,NULL,NULL,NULL,NULL,8,3,4,6,1,1,2,2,1,3,N,NULL,Y,N,1232,1233,1233,N,NULL,53,,1,N,,N,N,098-US-0023-0,NULL,NULL,2023,O,7.29E+11,098-US-0023  -000,HIGH,098-US-0023  -000,26.152,0,0,0,1,0,0,0,0,0,0,0,1,0,1,Non-DAC,0,1,,
72964828,980100,2.02E+11,20231027,1649,,OWSLEY,,RD,KY1384,KY1384,0,098 KY-1384,KY1384,N,N,NULL,NULL,NULL,N,NULL,NULL,NULL,NULL,NULL,NULL,6.175,NULL,NULL,NULL,NULL,,NULL,0,0,2,2,N,N,35,NULL,98,9801,NULL,,Y,37.47599,-82.55311,N,NULL,NULL,NULL,NULL,NULL,NULL,NULL,NULL,5,3,2,6,1,1,2,2,6,3,N,NULL,Y,N,1649,1653,1653,N,NULL,49,17,0,Y,,N,N,098-KY-1384-0,NULL,NULL,2023,O,7.3E+11,098-KY-1384  -000,HIGH,098-KY-1384  -000,6.175,0,0,1,0,0,0,1,0,1,0,0,0,0,1,Non-DAC,1,0,195-1155,1
72887870,980100,2.02E+11,20230405,655,,KY1426,,,KY1426,KY1426,0,098 KY-1426,KY1426,N,Y,KY1460 TURN LANE,,,N,NULL,NULL,NULL,NULL,NULL,NULL,6.603,NULL,NULL,NULL,NULL,,NULL,1,0,2,2,N,N,45,NULL,98,9801,NULL,,Y,37.48301,-82.5133,N,NULL,NULL,NULL,NULL,NULL,NULL,NULL,NULL,3,3,2,6,1,1,2,1,7,3,Y,NULL,Y,Y,655,656,843,N,NULL,52,,0,N,,N,N,098-KY-1426-0,NULL,NULL,2023,C,7.29E+11,098-KY-1426  -000,HIGH,098-KY-1426  -000,6.602,0,0,1,0,0,0,0,0,0,0,1,0,0,1,DAC,1,0,195-1019,1
72981902,980000,23-11-004,20231124,1030,,US23,,,US0023,US0023,0,098 US-23,US0023,N,N,NULL,NULL,NULL,N,NULL,NULL,NULL,NULL,NULL,NULL,30.112,NULL,NULL,NULL,NULL,,NULL,0,0,1,1,N,N,55,NULL,98,9801,NULL,,Y,37.53864,-82.58083,N,NULL,NULL,NULL,NULL,NULL,NULL,NULL,NULL,9,3,4,6,1,1,2,7,7,3,N,NULL,Y,Y,1030,1115,1030,N,NULL,38,,1,N,,N,N,098-US-0023-0,NULL,NULL,2023,O,7.3E+11,098-US-0023  -000,HIGH,098-US-0023  -000,30.114,0,0,0,0,0,0,0,0,0,0,0,0,0,1,Non-DAC,1,0,195-0588,1
72967552,980100,2.02E+11,20231031,1353,,US23,,,US0023,US0023,0,098 US-23-10,US0023,N,N,NULL,NULL,NULL,N,NULL,NULL,NULL,NULL,NULL,NULL,24.738,NULL,NULL,NULL,NULL,,NULL,0,0,1,1,N,N,55,NULL,98,9801,NULL,,Y,37.4849,-82.54277,N,NULL,NULL,NULL,NULL,NULL,NULL,NULL,NULL,9,3,4,3,1,1,2,2,7,3,N,NULL,Y,N,1353,1357,,N,NULL,38,,1,N,,N,N,098-US-0023-10,NULL,NULL,2023,O,7.3E+11,098-US-0023  -010,HIGH,098-US-0023  -000,24.669,0,0,0,0,0,0,0,0,0,0,0,0,0,1,Non-DAC,0,1,,
72910353,980100,2.02E+11,20230609,1018,,US23,,,US0023,US0023,0,098 US-23,US0023,N,N,NULL,NULL,NULL,N,NULL,NULL,NULL,NULL,NULL,NULL,26.281,NULL,NULL,NULL,NULL,,NULL,0,0,3,3,N,N,55,NULL,98,9801,NULL,,Y,37.50363,-82.53214,N,NULL,NULL,NULL,NULL,NULL,NULL,NULL,NULL,8,3,4,6,1,1,2,2,7,3,N,NULL,Y,N,1018,1023,1024,N,NULL,53,,1,N,,N,N,098-US-0023-0,NULL,NULL,2023,O,7.29E+11,098-US-0023  -000,HIGH,098-US-0023  -000,26.219,0,0,0,0,0,0,0,0,0,0,0,1,0,1,Non-DAC,1,0,195-0861,1
72991712,KSP0900,23-500640,20231223,1811,,KY3417,,,KY3417,KY3417,0,098 KY-3417,KY3417,N,N,NULL,NULL,NULL,N,NULL,NULL,NULL,NULL,NULL,NULL,0.372,NULL,NULL,NULL,NULL,,NULL,0,0,2,2,Y,N,35,NULL,98,9801,3,S,N,37.46662,-82.55817,N,NULL,NULL,NULL,NULL,NULL,NULL,NULL,NULL,7,3,2,6,1,1,2,7,7,3,N,NULL,Y,Y,1811,1847,1900,N,NULL,54,17,0,N,,N,N,098-KY-3417-0,NULL,NULL,2023,O,7.3E+11,098-KY-3417  -000,HIGH,098-KY-3417  -000,0.372,0,0,0,0,0,0,0,0,0,0,0,1,0,1,Non-DAC,0,1,,
72934556,980100,2.02E+11,20230815,1842,,CHLOE,,RD,KY1460,KY1460,0,098 KY-1460,KY1460,N,N,NULL,NULL,NULL,N,NULL,NULL,NULL,NULL,NULL,NULL,4.655,NULL,NULL,NULL,NULL,,NULL,0,0,2,2,N,N,35,NULL,98,9801,NULL,,Y,37.47771,-82.50844,N,NULL,NULL,NULL,NULL,NULL,NULL,NULL,NULL,5,3,2,6,1,1,2,2,7,3,N,NULL,Y,N,1842,1845,1901,N,NULL,70,,0,N,,N,N,098-KY-1460-0,NULL,NULL,2023,O,7.29E+11,098-KY-1460  -000,HIGH,098-KY-1460  -000,4.629,0,0,0,0,0,0,1,0,0,0,0,0,0,1,Non-DAC,0,1,,
72925072,980100,2.02E+11,20230722,722,,CHLOE,,RD,KY1460,KY1460,0,098 KY-1460,KY1460,N,N,NULL,NULL,NULL,N,NULL,NULL,NULL,NULL,NULL,NULL,5.07,NULL,NULL,NULL,NULL,,NULL,2,0,2,2,N,N,35,NULL,98,9801,NULL,,Y,37.47761,-82.51632,N,NULL,NULL,NULL,NULL,NULL,NULL,NULL,NULL,1,3,2,6,1,5,3,1,6,3,Y,NULL,Y,Y,722,722,756,N,NULL,55,,0,N,,N,N,098-KY-1460-0,NULL,NULL,2023,B,7.29E+11,098-KY-1460  -000,HIGH,098-KY-1460  -000,5.07,0,0,1,0,0,0,1,1,0,0,0,0,0,1,DAC,1,0,195-1116,1
72845728,KSP0900,22-487490,20221222,1513,,CEDAR HILLS,,RD,KY1426,KY1426,0,098 KY-1426,KY1426,N,N,NULL,NULL,NULL,N,NULL,NULL,NULL,NULL,NULL,NULL,4.008,NULL,NULL,NULL,NULL,,NULL,0,0,1,1,N,N,55,NULL,98,9801,NULL,,Y,37.45465,-82.53085,N,NULL,NULL,NULL,NULL,NULL,NULL,NULL,NULL,9,5,2,3,1,1,3,2,7,3,N,NULL,N,N,1513,1543,1543,N,NULL,40,8,0,N,,N,N,098-KY-1426-0,NULL,NULL,2022,O,7.28E+11,098-KY-1426  -000,HIGH,098-KY-1426  -000,4.008,0,0,0,0,0,0,1,0,0,0,0,1,0,1,Non-DAC,0,1,,
72989113,980100,2.02E+11,20231221,1430,,HAMBLEY,,BLVD,,,0,098 CS-1222,CS1222,N,N,NULL,NULL,NULL,N,NULL,NULL,NULL,NULL,NULL,NULL,0.556,NULL,NULL,NULL,NULL,,NULL,0,0,2,2,Y,N,25,NULL,98,9801,NULL,,Y,37.47911,-82.51985,N,NULL,NULL,NULL,NULL,NULL,NULL,NULL,NULL,8,5,2,6,1,1,2,2,1,3,N,NULL,N,N,1430,1430,1430,N,NULL,47,,,N,,N,N,098-CS-1222-0,NULL,NULL,2023,O,7.3E+11,098-CS-1222  -000,HIGH,098-CS-1222  -000,0.556,0,0,0,0,0,0,0,0,0,0,0,0,0,1,DAC,0,1,,
72739129,980000,22-03-002,20220309,1510,,US119,,,US0119,US0119,0,098 US-119-10,US0119,N,N,NULL,NULL,NULL,N,NULL,NULL,NULL,NULL,NULL,NULL,1.984,NULL,NULL,NULL,NULL,,NULL,0,0,2,2,N,N,25,NULL,98,9801,1,NW,N,37.51251,-82.49979,N,NULL,NULL,NULL,NULL,NULL,NULL,NULL,NULL,5,3,2,4,1,1,3,2,8,3,N,NULL,Y,Y,1510,1510,1514,N,NULL,70,2,1,N,,N,N,098-US-0119-10,NULL,NULL,2022,O,7.27E+11,098-US-0119  -010,HIGH,098-US-0119  -000,1.984,0,0,1,0,0,0,0,1,0,0,0,0,0,1,Non-DAC,0,1,,
72887486,980100,2.02E+11,20230410,1342,,US23,,,US0023,US0023,0,098 US-23-10,US0023,N,N,NULL,NULL,NULL,N,NULL,NULL,NULL,NULL,NULL,NULL,22.518,NULL,NULL,NULL,NULL,,NULL,0,0,2,2,N,N,55,NULL,98,9801,NULL,,Y,37.46393,-82.51893,N,NULL,NULL,NULL,NULL,NULL,NULL,NULL,NULL,5,3,4,3,1,1,2,2,1,3,N,NULL,Y,N,1343,1346,1413,N,NULL,49,,1,N,,N,N,098-US-0023-10,NULL,NULL,2023,O,7.29E+11,098-US-0023  -010,HIGH,098-US-0023  -000,22.452,0,0,0,0,0,0,1,0,0,0,0,0,0,1,Non-DAC,1,0,195-1232,1
72978615,980100,2.02E+11,20231128,155,,US23,,,US0023,US0023,0,098 US-23,US0023,N,N,NULL,NULL,NULL,N,NULL,NULL,NULL,NULL,NULL,NULL,22.043,NULL,NULL,NULL,NULL,,NULL,0,0,1,1,N,N,55,NULL,98,9801,NULL,,Y,37.45794,-82.51762,N,NULL,NULL,NULL,NULL,NULL,NULL,NULL,NULL,9,3,4,3,1,1,2,4,7,3,N,NULL,Y,N,155,159,159,N,NULL,38,,1,N,,N,N,098-US-0023-0,NULL,NULL,2023,O,7.3E+11,098-US-0023  -000,HIGH,098-US-0023  -000,21.971,0,0,0,0,0,0,0,0,0,0,0,0,0,1,Non-DAC,0,1,,
72889453,980100,2.02E+11,20230413,928,,KY3496,,,KY3496,KY3496,0,098 KY-3496,KY3496,N,N,NULL,NULL,NULL,N,NULL,NULL,NULL,NULL,NULL,NULL,0.035,NULL,NULL,NULL,NULL,,NULL,0,0,2,2,N,N,35,NULL,98,9801,NULL,,Y,37.46548,-82.52839,N,NULL,NULL,NULL,NULL,NULL,NULL,NULL,NULL,8,3,2,3,1,1,2,2,7,3,N,NULL,Y,N,928,933,1018,N,NULL,53,16,0,N,,N,N,098-KY-3496-0,NULL,NULL,2023,O,7.29E+11,098-KY-3496  -000,HIGH,098-KY-3496  -000,0.036,0,0,0,1,0,0,1,1,0,0,0,1,0,1,DAC,1,0,195-1219,1
72862932,980100,2.02E+11,20230206,1821,,BYPASS,S,RD,KY1426,KY1426,0,098 KY-1426,KY1426,N,N,NULL,NULL,NULL,N,NULL,NULL,NULL,NULL,NULL,NULL,6.551,NULL,NULL,NULL,NULL,,NULL,2,0,2,2,N,N,45,NULL,98,9801,NULL,,Y,37.48235,-82.51371,N,NULL,NULL,NULL,NULL,NULL,NULL,NULL,NULL,1,3,2,6,1,1,2,3,1,3,N,NULL,Y,Y,1822,1827,1827,N,NULL,55,,0,N,,N,N,098-KY-1426-0,NULL,NULL,2023,B,7.29E+11,098-KY-1426  -000,HIGH,098-KY-1426  -000,6.551,0,0,0,0,0,0,1,0,0,0,0,0,0,1,DAC,1,0,195-1019,1
72964338,980500,2023AR053,20231026,1458,,US23,,,US0023,US0023,0,098 US-23-10,US0023,N,N,NULL,NULL,NULL,N,NULL,NULL,NULL,NULL,NULL,NULL,,NULL,NULL,NULL,NULL,NULL,NULL,1,0,1,1,N,N,45,NULL,98,9807,NULL,,Y,37.53368,-82.57792,N,NULL,NULL,NULL,NULL,NULL,NULL,NULL,NULL,9,4,4,6,1,1,2,2,7,3,Y,NULL,Y,Y,1458,1458,1515,N,NULL,43,,1,N,,N,Y,098-US-0023-10,NULL,NULL,2023,C,7.3E+11,098-US-0023  -010,HIGH,098-US-0023  -000,29.736,0,0,0,1,0,0,0,0,0,0,0,1,0,1,Non-DAC,0,1,,
72971377,980100,2.02E+11,20231110,2009,,CASSIDY,,BLVD,,,0,098 CS-1191,CS1191,N,N,NULL,NULL,NULL,N,NULL,NULL,NULL,NULL,NULL,NULL,0.022,NULL,NULL,NULL,NULL,,NULL,0,0,3,3,N,N,45,NULL,98,9801,NULL,,Y,37.50373,-82.53252,N,NULL,NULL,NULL,NULL,NULL,NULL,NULL,NULL,5,3,5,4,1,1,2,5,1,3,N,NULL,Y,N,2010,2010,2027,N,NULL,70,,,N,,N,N,098-CS-1191-0,NULL,NULL,2023,O,7.3E+11,098-CS-1191  -000,HIGH,098-CS-1191  -000,0.022,0,0,0,0,0,0,1,0,0,0,0,0,0,1,Non-DAC,1,0,195-0861,1
72887474,980100,2.02E+11,20230415,1155,,US23,,,US0023,US0023,0,098 US-23,US0023,N,N,NULL,NULL,NULL,N,NULL,NULL,NULL,NULL,NULL,NULL,31.817,NULL,NULL,NULL,NULL,,NULL,0,0,2,2,N,N,55,NULL,98,9801,NULL,,Y,37.53743,-82.60548,N,NULL,NULL,NULL,NULL,NULL,NULL,NULL,NULL,7,3,4,6,1,1,2,2,2,3,N,NULL,Y,N,1156,1202,1242,N,NULL,54,,1,Y,,N,N,098-US-0023-0,NULL,NULL,2023,O,7.29E+11,098-US-0023  -000,HIGH,098-US-0023  -000,31.796,0,0,0,1,0,0,1,0,0,0,0,1,0,1,Non-DAC,0,1,,
72813067,980100,2.02E+11,20221004,1520,,US23,,,US0023,US0023,0,098 US-23-10,US0023,N,N,NULL,NULL,NULL,N,NULL,NULL,NULL,NULL,NULL,NULL,26.221,NULL,NULL,NULL,NULL,,NULL,0,0,2,2,N,N,55,NULL,98,9801,NULL,,Y,37.50278,-82.53223,N,NULL,NULL,NULL,NULL,NULL,NULL,NULL,NULL,8,3,4,6,1,1,2,2,1,3,N,NULL,Y,N,1521,1527,1542,N,NULL,53,,1,N,,N,N,098-US-0023-10,NULL,NULL,2022,O,7.28E+11,098-US-0023  -010,HIGH,098-US-0023  -000,26.221,0,0,1,0,0,0,0,0,0,0,0,1,0,1,Non-DAC,1,0,195-0861,1
72970888,980100,2.02E+11,20231107,1223,,CASSIDY,,BLVD,,,0,098 CS-1191,CS1191,N,N,NULL,NULL,NULL,N,NULL,NULL,NULL,NULL,NULL,NULL,0.31,NULL,NULL,NULL,NULL,,NULL,0,0,2,2,N,N,35,NULL,98,9801,NULL,,Y,37.50518,-82.53704,N,NULL,NULL,NULL,NULL,NULL,NULL,NULL,NULL,1,3,3,6,1,1,2,2,1,3,N,NULL,Y,N,1223,1234,1247,N,NULL,55,,,N,,N,N,098-CS-1191-0,NULL,NULL,2023,O,7.3E+11,098-CS-1191  -000,HIGH,098-CS-1191  -000,0.307,0,0,0,0,0,0,1,0,0,0,0,0,0,1,Non-DAC,0,1,,
72953887,980100,2.02E+11,20230926,1734,,US23,,,US0023,US0023,0,098 US-23-10,US0023,N,N,NULL,NULL,NULL,N,NULL,NULL,NULL,NULL,NULL,NULL,24.107,NULL,NULL,NULL,NULL,,NULL,1,0,3,3,N,N,55,NULL,98,9801,NULL,,Y,37.47673,-82.53979,N,NULL,NULL,NULL,NULL,NULL,NULL,NULL,NULL,5,3,4,6,1,1,2,2,1,3,N,NULL,Y,Y,1734,1746,1746,N,NULL,49,,1,N,,N,N,098-US-0023-10,NULL,NULL,2023,C,7.3E+11,098-US-0023  -010,HIGH,098-US-0023  -000,24.035,0,0,0,0,0,0,1,0,0,0,0,0,0,1,DAC,0,1,,
72984539,980100,2.02E+11,20231204,802,,US23,,,US0023,US0023,,,,N,N,NULL,NULL,NULL,N,NULL,NULL,NULL,NULL,NULL,NULL,32.033,NULL,NULL,NULL,NULL,,NULL,0,0,2,2,N,N,55,NULL,98,9801,NULL,,Y,37.53761,-82.60942,N,NULL,NULL,NULL,NULL,NULL,NULL,NULL,NULL,8,2,4,6,1,1,3,2,7,3,N,NULL,N,N,802,814,,N,NULL,53,,1,Y,,N,N,,NULL,NULL,2023,O,7.3E+11,098-US-0023  -000,MEDIUM,098-US-0023  -000,32.013,0,0,0,0,0,0,0,0,1,0,0,1,0,1,Non-DAC,0,1,,
72907979,980100,2.02E+11,20230606,1424,,THOMPSON,,RD,,,0,098 CS-1215,CS1215,N,N,NULL,NULL,NULL,N,NULL,NULL,NULL,NULL,NULL,NULL,0.043,NULL,NULL,NULL,NULL,,NULL,0,0,2,2,N,N,35,NULL,98,9801,NULL,,Y,37.51018,-82.54826,N,NULL,NULL,NULL,NULL,NULL,NULL,NULL,NULL,5,3,2,6,2,1,2,2,7,3,N,NULL,Y,N,1425,1429,1426,N,NULL,49,,,N,,N,N,098-CS-1215-0,NULL,NULL,2023,O,7.29E+11,098-CS-1215  -000,HIGH,098-CS-1215  -000,0.043,0,0,0,0,0,0,0,0,0,0,0,0,0,1,Non-DAC,1,0,195-0812,1
72896387,980100,2.02E+11,20230509,618,,US23,,,US0023,US0023,0,098 US-23-10,US0023,N,N,NULL,NULL,NULL,N,NULL,NULL,NULL,NULL,NULL,NULL,29.866,NULL,NULL,NULL,NULL,,NULL,0,0,1,1,N,N,55,NULL,98,9801,NULL,,Y,37.53503,-82.57915,N,NULL,NULL,NULL,NULL,NULL,NULL,NULL,NULL,9,3,4,6,1,1,3,1,7,3,N,NULL,Y,N,618,626,,N,NULL,38,,1,N,,N,N,098-US-0023-10,NULL,NULL,2023,O,7.29E+11,098-US-0023  -010,HIGH,098-US-0023  -000,29.847,0,0,0,0,0,0,0,0,0,0,0,0,0,1,Non-DAC,0,1,,
72907255,980100,2.02E+11,20230604,1417,,US23,,,US0023,US0023,,,,N,N,NULL,NULL,NULL,N,NULL,NULL,NULL,NULL,NULL,NULL,19.652,NULL,NULL,NULL,NULL,,NULL,0,0,1,1,N,N,55,NULL,98,9801,NULL,,Y,37.44922,-82.50642,N,NULL,NULL,NULL,NULL,NULL,NULL,NULL,NULL,9,3,4,3,1,1,2,2,2,3,N,NULL,Y,N,1417,1419,1441,N,NULL,38,,1,N,,N,N,,NULL,NULL,2023,O,7.29E+11,098-US-0023  -000,MEDIUM,098-US-0023  -000,19.601,0,0,0,1,0,0,0,0,0,0,0,0,0,1,Non-DAC,0,1,,
72873468,980100,2.02E+11,20230208,915,,SCOTT,,AVE,,,0,098 CS-1116,CS1116,N,N,NULL,NULL,NULL,N,NULL,NULL,NULL,NULL,NULL,NULL,0.058,NULL,NULL,NULL,NULL,,NULL,0,0,2,2,N,N,15,NULL,98,9801,NULL,,Y,37.48254,-82.51635,N,NULL,NULL,NULL,NULL,NULL,NULL,NULL,NULL,1,3,1,6,1,1,2,2,1,3,N,NULL,Y,N,915,918,,N,NULL,55,,,N,,N,N,098-CS-1116-0,NULL,NULL,2023,O,7.29E+11,098-CS-1116  -000,HIGH,098-CS-1116  -000,0.06,0,0,0,0,0,0,1,0,0,0,0,0,0,1,DAC,1,0,195-1037,1
72979408,KSP0900,23-474714,20231129,1643,,CASSIDY,,BLVD,,,,,,N,N,NULL,NULL,NULL,N,NULL,NULL,NULL,NULL,NULL,NULL,0.332,NULL,NULL,NULL,NULL,,NULL,0,0,2,2,N,N,25,NULL,98,9801,NULL,,Y,37.50531,-82.53754,N,NULL,NULL,NULL,NULL,NULL,NULL,NULL,NULL,5,3,2,4,1,1,2,2,1,3,N,NULL,N,N,1643,1700,1730,N,NULL,70,,,N,,N,N,,NULL,NULL,2023,O,7.3E+11,098-CS-1191  -000,MEDIUM,098-CS-1191  -000,0.335,0,0,0,0,0,0,0,0,0,0,0,0,0,1,Non-DAC,0,1,,
72907254,980100,2.02E+11,20230530,1512,,US23,,,US0023,US0023,,,,N,N,NULL,NULL,NULL,N,NULL,NULL,NULL,NULL,NULL,NULL,24.285,NULL,NULL,NULL,NULL,,NULL,0,0,2,2,N,N,55,NULL,98,9801,NULL,,Y,37.47864,-82.54211,N,NULL,NULL,NULL,NULL,NULL,NULL,NULL,NULL,8,3,4,1,1,1,2,2,2,3,N,NULL,Y,N,1512,1517,1544,N,NULL,47,,1,N,,N,N,,NULL,NULL,2023,O,7.29E+11,098-US-0023  -000,MEDIUM,098-US-0023  -000,24.216,0,0,0,0,0,0,1,0,0,0,0,0,0,1,DAC,0,1,,