MasterFile,AgencyORINumber,LocalCode,CollisionDate,CollisionTime,CollisionDayWeekCode,RoadwayName,RoadwayName_Direction_,RoadwayName_RoadwaySuffix_,RoadwayfromReport,CurrentRoadwayNumber,RoadwayNumberCoupletID,RSEUniqueGIS,RoadwayIdentifier,ParkingLotIndicator,IntersectionWith_Indicator_,IntersectionWith_NameRoadway_,IntersectionWith_Direction_,IntersectionWith_RoadwaySuffix_,BetweenStreets_Indicator_,BetweenStreets1_NameRoadway_,BetweenStreet1_Direction_,BetweenStreets1_RoadwaySuffix_,BetweenStreets2_NameRoadway_,BetweenStreets2_Direction_,BetweenStreets2_RoadwaySuffix_,Milepoint,ReportMilepointDeriveNumber,CurrentDerivedMiepointNumber,MilestoMilepoint,FeettoMilepoint,DirectionfromMilepoint_NSEW_,ValidMilepointIndicator,NumberInjured,NumberKilled,ofUnits,ofMotorVehicleUnits,Hit&RunIndicator,OneWayIndicator,SpeedLimitNumber,KilometersIndicator,CountyCode,CityCountyCode,MilesFromCity,DirectionFromCity_NSEW_,InCityLimitsIndicator,Latitude,Longitude,RampIndicator,RampFromIdentifier,RampFromDirCode,RampFromCoupletID,RSEUniqueGISRampFrom,RampToidentifier,RampToDirCode,RampToCoupletID,RSEUniqueGisRampTo,MannerofCollisionCode,LocationFirstEventCode,TotalLanes,RoadwayCharacterCode,RoadwaySurfaceCode,RoadwayConditionCode,WeatherCode,LightConditionCode,LandUseCode,SchoolBusRelatedCode,FirstAidSceneIndicator,CollDescPresentInd,InvestigationCompleteIndicator,PhotosTakenIndicator,TimeNotified,TimeArrived,TimeRoadwayOpened,PropertyDamageIndicator,DiagramPresentIndicator,DirectionalAnalysis,FunctionClassCode,NationalHwySysCode,EnforcementsIndicator,KARSCityCode,SecondaryCollisionIndicator,MedianCrossoverIndicator,RT_UNIQUE,MapIt,TimeLastLeft,YR,KABCO,MFNY,WorkingRID,RT_CONFIDENCE,KTC_RT,KTC_MP,Motorcyclist,Commercial Vehicle,Young Driver,Mature Driver,Pedestrian,Bicyclist,Distracted,Aggressive,Impaired,Unrestrained,Intersection,Roadway Departure,Median Cross-over,CityCrash,DACid,Intersection Crash,Segment Crash,Int_ID,CityIntersection
72986032,980100,2.02E+11,20231213,1320,,US23,,,US0023,US0023,0,098 US-23-10,US0023,N,N,NULL,NULL,NULL,N,NULL,NULL,NULL,NULL,NULL,NULL,27.419,NULL,NULL,NULL,NULL,,NULL,0,0,2,2,N,N,55,NULL,98,9807,NULL,,Y,37.51101,-82.54954,N,NULL,NULL,NULL,NULL,NULL,NULL,NULL,NULL,5,3,4,6,1,1,2,2,7,3,N,NULL,Y,N,1320,1330,1330,N,NULL,70,,1,N,,N,N,098-US-0023-10,NULL,NULL,2023,O,7.3E+11,098-US-0023  -010,HIGH,098-US-0023  -000,27.416,0,0,0,1,0,0,0,0,0,0,0,0,0,1,Non-DAC,0,1,,
72885228,980100,2.02E+11,20230410,1200,,COLLEGE,N,ST,,,0,098 CS-1108,CS1108,N,N,NULL,NULL,NULL,N,NULL,NULL,NULL,NULL,NULL,NULL,0.214,NULL,NULL,NULL,NULL,,NULL,0,0,2,2,Y,N,25,NULL,98,9801,NULL,,Y,37.47792,-82.51924,N,NULL,NULL,NULL,NULL,NULL,NULL,NULL,NULL,8,7,2,6,1,1,2,2,1,3,N,NULL,N,N,1200,1209,1209,N,NULL,47,,,N,,N,N,098-CS-1108-0,NULL,NULL,2023,O,7.29E+11,098-CS-1108  -000,HIGH,098-CS-1108  -000,0.213,0,0,0,0,0,0,0,0,0,0,0,0,0,1,DAC,0,1,,
72851724,980100,2.02E+11,20230105,1535,,KY1460,,,KY1460,KY1460,0,098 KY-1460,KY1460,N,N,NULL,NULL,NULL,N,NULL,NULL,NULL,NULL,NULL,NULL,6.935,NULL,NULL,NULL,NULL,,NULL,0,0,2,2,N,N,35,NULL,98,9801,NULL,,Y,37.48458,-82.5438,N,NULL,NULL,NULL,NULL,NULL,NULL,NULL,NULL,1,3,2,1,1,1,2,2,1,3,N,NULL,Y,N,1535,1540,,N,NULL,55,16,0,N,,N,N,098-KY-1460-0,NULL,NULL,2023,O,7.29E+11,098-KY-1460  -000,HIGH,098-KY-1460  -000,6.92,0,0,0,0,0,0,1,1,0,0,0,0,0,1,Non-DAC,1,0,195-0999,1
72945747,980100,2.02E+11,20230901,1820,,CASSIDY,,BLVD,,,0,098 CS-1191,CS1191,N,N,NULL,NULL,NULL,N,NULL,NULL,NULL,NULL,NULL,NULL,0.16,NULL,NULL,NULL,NULL,,NULL,0,0,2,2,N,N,35,NULL,98,9801,NULL,,Y,37.50369,-82.53465,N,NULL,NULL,NULL,NULL,NULL,NULL,NULL,NULL,4,3,4,6,1,1,2,2,1,3,N,NULL,Y,N,1820,1826,1851,N,NULL,70,,,Y,,N,N,098-CS-1191-0,NULL,NULL,2023,O,7.29E+11,098-CS-1191  -000,HIGH,098-CS-1191  -000,0.14,0,0,0,0,0,0,1,1,0,0,0,0,0,1,Non-DAC,0,1,,
72887037,980100,2.02E+11,20230413,1400,,US460,,,US0460,US0460,,,,N,N,NULL,NULL,NULL,N,NULL,NULL,NULL,NULL,NULL,NULL,0.249,NULL,NULL,NULL,NULL,,NULL,0,0,2,2,N,N,55,NULL,98,9801,NULL,,Y,37.43902,-82.50976,N,NULL,NULL,NULL,NULL,NULL,NULL,NULL,NULL,1,3,2,6,1,1,2,2,7,3,N,NULL,Y,N,1401,1410,1410,N,NULL,55,,1,N,,N,N,,NULL,NULL,2023,O,7.29E+11,098-US-0460  -000,HIGH,098-US-0460  -000,0.249,0,0,0,1,0,0,0,1,0,0,0,0,0,1,Non-DAC,1,0,195-1307,1
72855828,980100,2.02E+11,20230117,1303,,ELM,N,ST,,,0,098 CS-1169,CS1169,N,N,NULL,NULL,NULL,N,NULL,NULL,NULL,NULL,NULL,NULL,0.094,NULL,NULL,NULL,NULL,,NULL,0,0,1,1,N,N,25,NULL,98,9801,NULL,,Y,37.47822,-82.52238,N,NULL,NULL,NULL,NULL,NULL,NULL,NULL,NULL,9,97,2,6,1,5,3,2,6,3,N,NULL,Y,N,1303,1305,1306,Y,NULL,40,,,N,,N,N,098-CS-1169-0,NULL,NULL,2023,O,7.29E+11,098-CS-1169  -000,HIGH,098-CS-1169  -000,0.094,0,0,0,1,0,0,0,0,0,0,0,1,0,1,DAC,0,1,,
72907167,980100,2.02E+11,20230602,1352,,CASSIDY,,BLVD,,,0,098 CS-1191,CS1191,N,N,NULL,NULL,NULL,N,NULL,NULL,NULL,NULL,NULL,NULL,0.044,NULL,NULL,NULL,NULL,,NULL,0,0,2,2,N,N,25,NULL,98,9801,NULL,,Y,37.5037,-82.53288,N,NULL,NULL,NULL,NULL,NULL,NULL,NULL,NULL,5,3,2,6,1,1,2,2,1,3,N,NULL,Y,N,1352,1359,1359,N,NULL,49,,,N,,N,N,098-CS-1191-0,NULL,NULL,2023,O,7.29E+11,098-CS-1191  -000,HIGH,098-CS-1191  -000,0.042,0,0,0,1,0,0,0,0,0,0,0,0,0,1,Non-DAC,1,0,195-0861,1
72896908,980100,2.02E+11,20230501,1353,,US119,,,US0119,US0119,0,098 US-119-10,US0119,N,N,NULL,NULL,NULL,N,NULL,NULL,NULL,NULL,NULL,NULL,2.686,NULL,NULL,NULL,NULL,,NULL,2,0,3,3,N,N,55,NULL,98,9801,NULL,,Y,37.51407,-82.48731,N,NULL,NULL,NULL,NULL,NULL,NULL,NULL,NULL,1,3,4,6,1,1,2,2,7,3,Y,NULL,Y,Y,1353,1359,1515,N,NULL,55,2,1,N,,N,N,098-US-0119-10,NULL,NULL,2023,C,7.29E+11,098-US-0119  -010,HIGH,098-US-0119  -000,2.683,0,0,0,0,0,0,0,0,0,0,0,0,0,1,DAC,1,0,195-0777,1
72935592,980100,2.02E+11,20230818,1129,,BAIRD,,AVE,KY1426,KY1426,0,098 KY-1426,KY1426,N,N,NULL,NULL,NULL,N,NULL,NULL,NULL,NULL,NULL,NULL,5.416,NULL,NULL,NULL,NULL,,NULL,0,0,2,2,N,N,25,NULL,98,9801,NULL,,Y,37.47298,-82.52699,N,NULL,NULL,NULL,NULL,NULL,NULL,NULL,NULL,1,3,3,6,1,1,2,2,7,3,N,NULL,Y,N,1119,1121,1123,N,NULL,55,,0,N,,N,N,098-KY-1426-0,NULL,NULL,2023,O,7.29E+11,098-KY-1426  -000,HIGH,098-KY-1426  -000,5.417,0,0,0,0,0,0,0,0,0,0,0,0,0,1,DAC,1,0,195-1180,1
72884186,980100,2.02E+11,20230406,920,,KY3496,,,KY3496,KY3496,0,098 KY-3496,KY3496,N,N,NULL,NULL,NULL,N,NULL,NULL,NULL,NULL,NULL,NULL,0.917,NULL,NULL,NULL,NULL,,NULL,0,0,2,2,N,N,35,NULL,98,9801,NULL,,Y,37.47243,-82.52689,N,NULL,NULL,NULL,NULL,NULL,NULL,NULL,NULL,1,3,2,6,1,1,3,2,7,3,N,NULL,Y,N,920,931,932,N,NULL,55,16,0,N,,N,N,098-KY-3496-0,NULL,NULL,2023,O,7.29E+11,098-KY-3496  -000,HIGH,098-KY-3496  -000,0.946,0,0,0,0,0,0,1,0,0,0,0,0,0,1,DAC,1,0,195-1180,1
72928905,980100,2.02E+11,20230724,1421,,BYPASS,N,RD,KY1460,KY1460,0,098 KY-1460,KY1460,N,N,NULL,NULL,NULL,N,NULL,NULL,NULL,NULL,NULL,NULL,5.549,NULL,NULL,NULL,NULL,,NULL,0,0,2,2,N,N,45,NULL,98,9801,NULL,,Y,37.48637,-82.52029,N,NULL,NULL,NULL,NULL,NULL,NULL,NULL,NULL,2,3,2,6,1,1,2,2,7,3,N,NULL,Y,N,1421,1432,1432,N,NULL,56,16,0,N,,N,N,098-KY-1460-0,NULL,NULL,2023,O,7.29E+11,098-KY-1460  -000,HIGH,098-KY-1460  -000,5.535,0,0,0,1,0,0,1,0,0,0,0,0,0,1,DAC,1,0,195-0951,1
72954362,980100,2.02E+11,20230926,903,,US23,,,US0023,US0023,,,,N,N,NULL,NULL,NULL,N,NULL,NULL,NULL,NULL,NULL,NULL,22.043,NULL,NULL,NULL,NULL,,NULL,0,0,2,2,N,N,55,NULL,98,9801,NULL,,Y,37.45793,-82.51745,N,NULL,NULL,NULL,NULL,NULL,NULL,NULL,NULL,8,3,4,6,1,1,2,2,7,3,N,NULL,Y,N,904,912,,N,NULL,53,,1,N,,N,N,,NULL,NULL,2023,O,7.3E+11,098-US-0023  -000,MEDIUM,098-US-0023  -000,21.976,0,0,0,0,0,0,0,1,0,0,0,1,0,1,Non-DAC,0,1,,
72990647,KSP0900,23-503453,20231227,540,,ISLAND CREEK,,RD,KY1426,KY1426,,,,N,N,NULL,NULL,NULL,N,NULL,NULL,NULL,NULL,NULL,NULL,2.381,NULL,NULL,NULL,NULL,,NULL,0,0,1,1,N,N,45,NULL,98,9801,5,S,N,37.45861,-82.55379,N,NULL,NULL,NULL,NULL,NULL,NULL,NULL,NULL,9,3,2,6,1,5,6,4,7,3,N,NULL,Y,N,553,630,635,N,NULL,40,8,0,N,,N,N,,NULL,NULL,2023,O,7.3E+11,098-KY-1426  -000,HIGH,098-KY-1426  -000,2.384,0,0,0,0,0,0,0,0,0,0,0,1,0,1,Non-DAC,0,1,,
72987183,980500,2023AR065,20231215,1634,,US 23 SOUTH,,,,,,,,N,N,NULL,NULL,NULL,N,NULL,NULL,NULL,NULL,NULL,NULL,,NULL,NULL,NULL,NULL,NULL,NULL,0,0,2,2,Y,N,45,NULL,98,9807,NULL,,Y,37.54019,-82.58192,N,NULL,NULL,NULL,NULL,NULL,NULL,NULL,NULL,1,3,4,6,1,1,2,2,7,3,N,NULL,Y,Y,1634,1640,1640,N,NULL,55,,,N,,N,N,,NULL,NULL,2023,O,7.3E+11,098-US-0023  -000,MEDIUM,098-US-0023  -000,30.237,0,0,0,0,0,0,1,0,0,0,0,0,0,1,Non-DAC,0,1,,
72887038,980100,2.02E+11,20230414,1918,,OWSLEY,,RD,KY1384,KY1384,0,098 KY-1384,KY1384,N,N,NULL,NULL,NULL,N,NULL,NULL,NULL,NULL,NULL,NULL,6.188,NULL,NULL,NULL,NULL,,NULL,0,0,2,2,N,N,35,NULL,98,9801,NULL,,Y,37.47605,-82.55287,N,NULL,NULL,NULL,NULL,NULL,NULL,NULL,NULL,5,3,2,6,1,5,6,2,6,3,N,NULL,Y,N,1918,1922,1922,N,NULL,49,17,0,N,,N,N,098-KY-1384-0,NULL,NULL,2023,O,7.29E+11,098-KY-1384  -000,HIGH,098-KY-1384  -000,6.189,0,0,0,0,0,0,0,0,0,0,0,0,0,1,Non-DAC,1,0,195-1155,1
72963672,980100,2.02E+11,20231005,1527,,CASSIDY,,BLVD,,,0,098 CS-1191,CS1191,N,N,NULL,NULL,NULL,N,NULL,NULL,NULL,NULL,NULL,NULL,0.289,NULL,NULL,NULL,NULL,,NULL,0,0,2,2,N,N,15,NULL,98,9801,NULL,,Y,37.50497,-82.53661,N,NULL,NULL,NULL,NULL,NULL,NULL,NULL,NULL,7,97,2,6,1,1,2,2,1,3,N,NULL,Y,N,1517,1527,1527,N,NULL,54,,,N,,N,N,098-CS-1191-0,NULL,NULL,2023,O,7.3E+11,098-CS-1191  -000,HIGH,098-CS-1191  -000,0.28,0,0,0,1,0,0,0,0,0,0,0,1,0,1,Non-DAC,0,1,,
72903283,980100,2.02E+11,20230517,1716,,US23,,,US0023,US0023,0,098 US-23,US0023,N,N,NULL,NULL,NULL,N,NULL,NULL,NULL,NULL,NULL,NULL,26.175,NULL,NULL,NULL,NULL,,NULL,1,0,2,2,N,N,55,NULL,98,9801,NULL,,Y,37.50212,-82.53192,N,NULL,NULL,NULL,NULL,NULL,NULL,NULL,NULL,5,3,4,6,1,1,2,2,7,3,N,NULL,Y,Y,1716,1725,1717,N,NULL,49,,1,N,,N,N,098-US-0023-0,NULL,NULL,2023,C,7.29E+11,098-US-0023  -000,HIGH,098-US-0023  -000,26.113,0,0,0,0,0,0,1,0,0,0,0,0,0,1,Non-DAC,0,1,,
72807866,980100,2.02E+11,20220911,1725,,US23,,,US0023,US0023,0,098 US-23-10,US0023,N,N,NULL,NULL,NULL,N,NULL,NULL,NULL,NULL,NULL,NULL,29.636,NULL,NULL,NULL,NULL,,NULL,0,0,2,2,N,N,55,NULL,98,9801,NULL,,Y,37.53198,-82.57734,N,NULL,NULL,NULL,NULL,NULL,NULL,NULL,NULL,5,3,4,6,1,5,97,2,6,3,N,NULL,Y,N,1725,1737,1803,N,NULL,49,,1,Y,,N,N,098-US-0023-10,NULL,NULL,2022,O,7.28E+11,098-US-0023  -010,HIGH,098-US-0023  -000,29.636,0,0,1,0,0,0,1,0,0,0,0,0,0,1,Non-DAC,0,1,,
72847032,KSP0900,22-484558,20221220,1351,,US23,,,US0023,US0023,0,098 US-23,US0023,N,N,NULL,NULL,NULL,N,NULL,NULL,NULL,NULL,NULL,NULL,31.837,NULL,NULL,NULL,NULL,,NULL,0,0,2,2,N,N,55,NULL,98,9801,NULL,,Y,37.53746,-82.60585,N,NULL,NULL,NULL,NULL,NULL,NULL,NULL,NULL,5,7,4,6,1,1,2,2,7,3,N,NULL,Y,N,1311,1351,1351,N,NULL,47,,1,N,,N,N,098-US-0023-0,NULL,NULL,2022,O,7.28E+11,098-US-0023  -000,HIGH,098-US-0023  -000,31.837,0,0,0,1,0,0,1,0,0,0,0,0,0,1,Non-DAC,1,0,195-0613,1
72903642,980100,2.02E+11,20230525,15,,KY1460 TURN LANE,,,KY1460,KY1460,0,098 KY-1460-23,KY1460,N,N,NULL,NULL,NULL,N,NULL,NULL,NULL,NULL,NULL,NULL,0.011,NULL,NULL,NULL,NULL,,NULL,0,0,1,1,N,N,45,NULL,98,9801,NULL,,Y,37.4776,-82.51612,N,NULL,NULL,NULL,NULL,NULL,NULL,NULL,NULL,9,6,2,3,1,1,2,5,7,3,N,NULL,Y,N,15,19,19,N,NULL,51,,0,N,,N,N,098-KY-1460-23,NULL,NULL,2023,O,7.29E+11,098-KY-1460  -023,HIGH,098-KY-1460  -023,0.01,0,0,0,0,0,0,1,0,0,0,0,1,0,1,DAC,1,0,195-1116,1
72959832,980100,2.02E+11,20231016,1502,,KY1426,,,KY1426,KY1426,0,098 KY-1426,KY1426,N,N,NULL,NULL,NULL,N,NULL,NULL,NULL,NULL,NULL,NULL,8.127,NULL,NULL,NULL,NULL,,NULL,0,0,1,1,N,N,35,NULL,98,9801,NULL,,Y,37.493,-82.49097,N,NULL,NULL,NULL,NULL,NULL,NULL,NULL,NULL,9,3,2,1,1,5,3,2,7,3,N,NULL,Y,N,1502,1508,1530,Y,NULL,40,,0,N,,N,N,098-KY-1426-0,NULL,NULL,2023,O,7.3E+11,098-KY-1426  -000,HIGH,098-KY-1426  -000,8.136,0,0,0,0,0,0,0,0,0,0,0,1,0,1,Non-DAC,0,1,,
72940442,980100,2.02E+11,20230829,1809,,BAILEY,,BLVD,,,,,,N,N,NULL,NULL,NULL,N,NULL,NULL,NULL,NULL,NULL,NULL,,NULL,NULL,NULL,NULL,NULL,NULL,0,0,2,2,N,N,25,NULL,98,9801,NULL,,Y,37.47659,-82.51604,N,NULL,NULL,NULL,NULL,NULL,NULL,NULL,NULL,2,3,2,4,1,1,2,2,7,3,N,NULL,Y,N,1809,1812,1812,N,NULL,56,,,N,,N,N,,NULL,NULL,2023,O,7.29E+11,098-CS-1262  -000,HIGH,098-CS-1262  -000,0.008,0,0,0,0,0,0,1,0,0,0,0,0,0,1,Non-DAC,0,1,,
72861520,980100,2.02E+11,20230203,1348,,US23,,,US0023,US0023,0,098 US-23,US0023,N,Y,KY3496,,,N,NULL,NULL,NULL,NULL,NULL,NULL,23.062,NULL,NULL,NULL,NULL,,NULL,0,0,2,2,N,N,55,NULL,98,9801,NULL,,Y,37.46594,-82.52807,N,NULL,NULL,NULL,NULL,NULL,NULL,NULL,NULL,8,3,4,6,1,1,2,2,1,3,N,NULL,Y,N,1343,1345,1348,N,NULL,19,,1,N,,N,N,098-US-0023-0,NULL,NULL,2023,O,7.29E+11,098-US-0023  -000,HIGH,098-US-0023  -000,22.997,0,0,0,1,0,0,1,1,0,0,1,0,0,1,DAC,1,0,195-1219,1
72978230,980000,23-11-005,20231126,1735,,MAYO,S,TRL,US0023,US0023,0,098 US-23-10,US0023,N,N,NULL,NULL,NULL,N,NULL,NULL,NULL,NULL,NULL,NULL,19.707,NULL,NULL,NULL,NULL,,NULL,0,0,1,1,N,N,55,NULL,98,9801,NULL,,Y,37.44959,-82.50713,N,NULL,NULL,NULL,NULL,NULL,NULL,NULL,NULL,9,6,4,3,1,1,3,3,1,3,N,NULL,Y,N,1735,1735,,N,NULL,40,,1,N,,N,N,098-US-0023-10,NULL,NULL,2023,O,7.3E+11,098-US-0023  -010,HIGH,098-US-0023  -000,19.651,0,0,0,1,0,0,1,0,0,0,0,1,0,1,Non-DAC,0,1,,
72868284,980100,2.02E+11,20230218,1311,,CASSIDY,,BLVD,,,0,098 CS-1191,CS1191,N,N,NULL,NULL,NULL,N,NULL,NULL,NULL,NULL,NULL,NULL,0.061,NULL,NULL,NULL,NULL,,NULL,0,0,2,2,N,N,25,NULL,98,9801,NULL,,Y,37.50367,-82.53313,N,NULL,NULL,NULL,NULL,NULL,NULL,NULL,NULL,1,3,2,6,1,1,2,2,1,3,N,NULL,Y,N,1311,1311,1311,N,NULL,55,,,N,,N,N,098-CS-1191-0,NULL,NULL,2023,O,7.29E+11,098-CS-1191  -000,HIGH,098-CS-1191  -000,0.056,0,0,1,0,0,0,1,1,0,0,0,0,0,1,Non-DAC,0,1,,
72919234,980100,2.02E+11,20230630,1456,,US23,,,US0023,US0023,0,098 US-23,US0023,N,N,NULL,NULL,NULL,N,NULL,NULL,NULL,NULL,NULL,NULL,26.864,NULL,NULL,NULL,NULL,,NULL,2,0,2,2,N,N,55,NULL,98,9801,NULL,,Y,37.50964,-82.53876,N,NULL,NULL,NULL,NULL,NULL,NULL,NULL,NULL,8,3,4,6,1,1,2,2,7,3,Y,NULL,Y,Y,1456,1502,1624,N,NULL,53,,1,N,,N,N,098-US-0023-0,NULL,NULL,2023,A,7.29E+11,098-US-0023  -000,HIGH,098-US-0023  -000,26.807,0,0,0,1,0,0,1,0,0,0,0,1,0,1,Non-DAC,0,1,,
72897375,KSP0900,2023-175590,20230509,52,,US23,,,US0023,US0023,0,098 US-23,US0023,N,N,NULL,NULL,NULL,N,NULL,NULL,NULL,NULL,NULL,NULL,27.364,NULL,NULL,NULL,NULL,,NULL,0,0,2,2,N,N,55,NULL,98,9801,NULL,,Y,37.51089,-82.54852,N,NULL,NULL,NULL,NULL,NULL,NULL,NULL,NULL,1,3,4,6,1,1,2,6,7,3,N,NULL,N,N,524,524,524,N,NULL,55,,1,N,,N,N,098-US-0023-0,NULL,NULL,2023,O,7.29E+11,098-US-0023  -000,HIGH,098-US-0023  -000,27.36,0,0,0,1,0,0,1,0,0,0,0,0,0,1,Non-DAC,1,0,195-0811,1
72983050,980100,2.02E+11,20231207,1450,,US23,,,US0023,US0023,0,098 US-23,US0023,N,N,NULL,NULL,NULL,N,NULL,NULL,NULL,NULL,NULL,NULL,26.288,NULL,NULL,NULL,NULL,,NULL,0,0,2,2,N,N,55,NULL,98,9801,NULL,,Y,37.50373,-82.53215,N,NULL,NULL,NULL,NULL,NULL,NULL,NULL,NULL,4,3,4,6,1,1,2,2,7,3,N,NULL,Y,N,1450,1452,1503,N,NULL,70,,1,Y,,N,N,098-US-0023-0,NULL,NULL,2023,O,7.3E+11,098-US-0023  -000,HIGH,098-US-0023  -000,26.226,0,0,0,1,0,0,1,1,0,0,0,0,0,1,Non-DAC,1,0,195-0861,1
72883393,980100,2.02E+11,20230204,1456,,US23,,,US0023,US0023,0,098 US-23-10,US0023,N,N,NULL,NULL,NULL,N,NULL,NULL,NULL,NULL,NULL,NULL,24.796,NULL,NULL,NULL,NULL,,NULL,1,1,2,1,N,N,55,NULL,98,9801,NULL,,Y,37.48574,-82.54243,N,NULL,NULL,NULL,NULL,NULL,NULL,NULL,NULL,9,3,4,6,1,1,2,2,7,3,Y,NULL,Y,Y,1456,1459,1758,N,NULL,36,,1,N,,N,N,098-US-0023-10,NULL,NULL,2023,K,7.29E+11,098-US-0023  -010,HIGH,098-US-0023  -000,24.73,0,0,0,0,1,0,0,0,0,0,0,1,0,1,Non-DAC,1,0,195-0961,1
72853570,KSP0900,23-10221,20230108,1804,,US23,,,US0023,US0023,0,098 US-23-10,US0023,N,N,NULL,NULL,NULL,N,NULL,NULL,NULL,NULL,NULL,NULL,17.886,NULL,NULL,NULL,NULL,,NULL,0,0,2,2,N,N,45,NULL,98,9807,NULL,,Y,37.42736,-82.51637,N,NULL,NULL,NULL,NULL,NULL,NULL,NULL,NULL,1,3,4,6,1,5,3,5,7,3,N,NULL,Y,N,1804,1825,1825,N,NULL,55,,1,N,,N,N,098-US-0023-10,NULL,NULL,2023,O,7.29E+11,098-US-0023  -010,HIGH,098-US-0023  -000,17.857,0,0,0,0,0,0,0,1,0,0,0,0,0,1,Non-DAC,0,1,,
72860125,980100,2.02E+11,20230125,1035,,BAIRD,,AVE,KY1426,KY1426,0,098 KY-1426,KY1426,N,N,NULL,NULL,NULL,N,NULL,NULL,NULL,NULL,NULL,NULL,5.392,NULL,NULL,NULL,NULL,,NULL,0,0,2,2,N,N,55,NULL,98,9801,NULL,,Y,37.47322,-82.52712,N,NULL,NULL,NULL,NULL,NULL,NULL,NULL,NULL,5,3,2,6,1,1,2,2,1,3,N,NULL,Y,N,1035,1039,,N,NULL,49,,0,N,,N,N,098-KY-1426-0,NULL,NULL,2023,O,7.29E+11,098-KY-1426  -000,HIGH,098-KY-1426  -000,5.399,0,0,0,1,0,0,1,0,0,0,0,0,0,1,DAC,1,0,195-1174,1
72955671,980100,2.02E+11,20230929,1201,,KY3496,,,KY3496,KY3496,0,098 KY-3496,KY3496,N,N,NULL,NULL,NULL,N,NULL,NULL,NULL,NULL,NULL,NULL,0.694,NULL,NULL,NULL,NULL,,NULL,0,0,2,2,N,N,35,NULL,98,9801,NULL,,Y,37.47186,-82.53145,N,NULL,NULL,NULL,NULL,NULL,NULL,NULL,NULL,4,3,2,6,1,1,2,2,1,3,N,NULL,Y,N,1201,1212,1212,N,NULL,70,16,0,N,,N,N,098-KY-3496-0,NULL,NULL,2023,O,7.3E+11,098-KY-3496  -000,HIGH,098-KY-3496  -000,0.698,0,0,0,1,0,0,1,0,0,0,0,0,0,1,DAC,0,1,,
72992211,980100,2.02E+11,20231220,939,,BYPASS,S,RD,KY1426,KY1426,0,098 KY-1426,KY1426,N,N,NULL,NULL,NULL,N,NULL,NULL,NULL,NULL,NULL,NULL,5.699,NULL,NULL,NULL,NULL,,NULL,2,0,2,2,N,N,45,NULL,98,9801,NULL,,Y,37.47282,-82.52271,N,NULL,NULL,NULL,NULL,NULL,NULL,NULL,NULL,1,3,2,6,1,1,2,2,1,3,Y,NULL,Y,Y,939,942,1009,N,NULL,55,,0,N,,N,N,098-KY-1426-0,NULL,NULL,2023,C,7.3E+11,098-KY-1426  -000,HIGH,098-KY-1426  -000,5.699,0,0,0,0,0,0,1,0,0,0,0,0,0,1,DAC,1,0,195-1178,1
72861694,980100,2.02E+11,20230203,1624,,US23,,,US0023,US0023,0,098 US-23,US0023,N,N,NULL,NULL,NULL,N,NULL,NULL,NULL,NULL,NULL,NULL,27.367,NULL,NULL,NULL,NULL,,NULL,0,0,2,2,N,N,55,NULL,98,9801,NULL,,Y,37.5109,-82.54855,N,NULL,NULL,NULL,NULL,NULL,NULL,NULL,NULL,5,3,6,6,1,1,3,2,7,3,N,NULL,Y,N,1624,1634,1716,N,NULL,49,,1,N,,N,N,098-US-0023-0,NULL,NULL,2023,O,7.29E+11,098-US-0023  -000,HIGH,098-US-0023  -000,27.361,0,0,1,0,0,0,1,1,0,0,0,0,0,1,Non-DAC,1,0,195-0811,1
72868746,980100,2.02E+11,20230224,759,,US119,,,US0119,US0119,0,098 US-119,US0119,N,N,NULL,NULL,NULL,N,NULL,NULL,NULL,NULL,NULL,NULL,0.043,NULL,NULL,NULL,NULL,,NULL,0,0,2,2,N,N,55,NULL,98,9801,NULL,,Y,37.50395,-82.53126,N,NULL,NULL,NULL,NULL,NULL,NULL,NULL,NULL,5,3,4,6,1,1,2,2,7,3,N,NULL,Y,N,808,809,815,N,NULL,49,2,1,N,,N,N,098-US-0119-0,NULL,NULL,2023,O,7.29E+11,098-US-0119  -000,HIGH,098-US-0119  -000,0.05,0,0,0,0,0,0,0,0,0,0,0,0,0,1,Non-DAC,1,0,195-0861,1
72987513,980100,2.02E+11,20231206,,,BAIRD,,AVE,KY1426,KY1426,0,098 KY-1426,KY1426,N,Y,HIBBARD,,ST,N,NULL,NULL,NULL,NULL,NULL,NULL,5.394,NULL,NULL,NULL,NULL,,NULL,0,0,2,2,Y,N,55,NULL,98,9801,NULL,,Y,37.47327,-82.52711,N,NULL,NULL,NULL,NULL,NULL,NULL,NULL,NULL,1,3,2,3,1,1,2,6,1,3,N,NULL,Y,N,1820,1824,1824,N,NULL,10,,0,N,,N,N,098-KY-1426-0,NULL,NULL,2023,O,7.3E+11,098-KY-1426  -000,HIGH,098-KY-1426  -000,5.395,0,0,0,1,0,0,0,1,0,0,1,0,0,1,DAC,1,0,195-1174,1