MasterFile,AgencyORINumber,LocalCode,CollisionDate,CollisionTime,CollisionDayWeekCode,RoadwayName,RoadwayName_Direction_,RoadwayName_RoadwaySuffix_,RoadwayfromReport,CurrentRoadwayNumber,RoadwayNumberCoupletID,RSEUniqueGIS,RoadwayIdentifier,ParkingLotIndicator,IntersectionWith_Indicator_,IntersectionWith_NameRoadway_,IntersectionWith_Direction_,IntersectionWith_RoadwaySuffix_,BetweenStreets_Indicator_,BetweenStreets1_NameRoadway_,BetweenStreet1_Direction_,BetweenStreets1_RoadwaySuffix_,BetweenStreets2_NameRoadway_,BetweenStreets2_Direction_,BetweenStreets2_RoadwaySuffix_,Milepoint,ReportMilepointDeriveNumber,CurrentDerivedMiepointNumber,MilestoMilepoint,FeettoMilepoint,DirectionfromMilepoint_NSEW_,ValidMilepointIndicator,NumberInjured,NumberKilled,ofUnits,ofMotorVehicleUnits,Hit&RunIndicator,OneWayIndicator,SpeedLimitNumber,KilometersIndicator,CountyCode,CityCountyCode,MilesFromCity,DirectionFromCity_NSEW_,InCityLimitsIndicator,Latitude,Longitude,RampIndicator,RampFromIdentifier,RampFromDirCode,RampFromCoupletID,RSEUniqueGISRampFrom,RampToidentifier,RampToDirCode,RampToCoupletID,RSEUniqueGisRampTo,MannerofCollisionCode,LocationFirstEventCode,TotalLanes,RoadwayCharacterCode,RoadwaySurfaceCode,RoadwayConditionCode,WeatherCode,LightConditionCode,LandUseCode,SchoolBusRelatedCode,FirstAidSceneIndicator,CollDescPresentInd,InvestigationCompleteIndicator,PhotosTakenIndicator,TimeNotified,TimeArrived,TimeRoadwayOpened,PropertyDamageIndicator,DiagramPresentIndicator,DirectionalAnalysis,FunctionClassCode,NationalHwySysCode,EnforcementsIndicator,KARSCityCode,SecondaryCollisionIndicator,MedianCrossoverIndicator,RT_UNIQUE,MapIt,TimeLastLeft,YR,KABCO,MFNY,WorkingRID,RT_CONFIDENCE,KTC_RT,KTC_MP,Motorcyclist,Commercial Vehicle,Young Driver,Mature Driver,Pedestrian,Bicyclist,Distracted,Aggressive,Impaired,Unrestrained,Intersection,Roadway Departure,Median Cross-over,CityCrash,DACid,Intersection Crash,Segment Crash,Int_ID,CityIntersection
72974507,980100,2.02E+11,20231117,1730,,CASSIDY,,BLVD,,,0,098 CS-1191,CS1191,N,N,NULL,NULL,NULL,N,NULL,NULL,NULL,NULL,NULL,NULL,0.198,NULL,NULL,NULL,NULL,,NULL,0,0,2,2,N,N,35,NULL,98,9801,NULL,,Y,37.50402,-82.53519,N,NULL,NULL,NULL,NULL,NULL,NULL,NULL,NULL,8,3,4,3,1,5,5,5,2,3,N,NULL,Y,N,1730,1739,1739,N,NULL,53,,,N,,N,N,098-CS-1191-0,NULL,NULL,2023,O,7.3E+11,098-CS-1191  -000,HIGH,098-CS-1191  -000,0.177,0,1,0,0,0,0,1,0,0,0,0,1,0,1,Non-DAC,0,1,,
72804356,980100,2.02E+11,20220910,1057,,US119,,,US0119,US0119,,,,N,N,NULL,NULL,NULL,N,NULL,NULL,NULL,NULL,NULL,NULL,0.104,NULL,NULL,NULL,NULL,,NULL,0,0,3,3,N,N,55,NULL,98,9801,NULL,,Y,37.50415,-82.5302,N,NULL,NULL,NULL,NULL,NULL,NULL,NULL,NULL,5,3,4,6,1,1,3,2,7,3,N,NULL,Y,N,1057,1109,1136,N,NULL,49,2,1,N,,N,N,,NULL,NULL,2022,O,7.28E+11,098-US-0119  -010,MEDIUM,098-US-0119  -000,0.104,0,0,1,0,0,0,1,0,0,0,0,0,0,1,Non-DAC,0,1,,
72773915,980100,2.02E+11,20220603,908,,BYPASS,N,RD,KY1460,KY1460,0,098 KY-1460,KY1460,N,N,NULL,NULL,NULL,N,NULL,NULL,NULL,NULL,NULL,NULL,6.368,NULL,NULL,NULL,NULL,,NULL,1,0,1,1,N,N,45,NULL,98,9801,NULL,,Y,37.48427,-82.53345,N,NULL,NULL,NULL,NULL,NULL,NULL,NULL,NULL,9,6,2,3,1,1,2,2,7,3,Y,NULL,Y,Y,908,912,1118,N,NULL,40,16,0,Y,,N,N,098-KY-1460-0,NULL,NULL,2022,C,7.28E+11,098-KY-1460  -000,HIGH,098-KY-1460  -000,6.368,0,0,0,0,0,0,0,0,0,0,0,1,0,1,DAC,0,1,,
72844028,980100,2.02E+11,20221213,1904,,US23,,,US0023,US0023,0,098 US-23,US0023,N,Y,US119,,,N,NULL,NULL,NULL,NULL,NULL,NULL,26.289,NULL,NULL,NULL,NULL,,NULL,0,0,2,2,N,N,55,NULL,98,9801,NULL,,Y,37.50373,-82.53216,N,NULL,NULL,NULL,NULL,NULL,NULL,NULL,NULL,5,3,4,6,1,1,3,5,7,3,N,NULL,Y,N,1904,1910,,N,NULL,35,,1,Y,,N,N,098-US-0023-0,NULL,NULL,2022,O,7.28E+11,098-US-0023  -000,HIGH,098-US-0023  -000,26.289,0,0,0,0,0,0,1,0,1,0,1,0,0,1,Non-DAC,0,1,,
72808124,KSP0900,22-368373,20220922,2043,,LONGVIEW,,DR,,,0,098 CR-1267HH,CR1267HH,N,N,NULL,NULL,NULL,N,NULL,NULL,NULL,NULL,NULL,NULL,0.007,NULL,NULL,NULL,NULL,,NULL,0,0,2,2,N,N,55,NULL,98,9801,NULL,,Y,37.42467,-82.51704,N,NULL,NULL,NULL,NULL,NULL,NULL,NULL,NULL,1,3,4,6,1,1,2,6,7,3,N,NULL,N,N,2043,2111,2111,N,NULL,55,,,N,,N,N,098-CR-1267HH-0,NULL,NULL,2022,O,7.28E+11,098-CR-1267HH-000,HIGH,098-CR-1267HH-000,0.007,0,0,0,0,0,0,1,0,0,0,0,0,0,1,Non-DAC,0,1,,
72911489,980100,2.02E+11,20230615,2121,,US23,,,US0023,US0023,0,098 US-23,US0023,N,N,NULL,NULL,NULL,N,NULL,NULL,NULL,NULL,NULL,NULL,22.301,NULL,NULL,NULL,NULL,,NULL,0,0,1,1,N,N,55,NULL,98,9801,NULL,,Y,37.4615,-82.51686,N,NULL,NULL,NULL,NULL,NULL,NULL,NULL,NULL,9,3,4,3,1,1,2,6,1,3,N,NULL,Y,N,2121,2125,2143,N,NULL,38,,1,N,,N,N,098-US-0023-0,NULL,NULL,2023,O,7.29E+11,098-US-0023  -000,HIGH,098-US-0023  -000,22.234,0,0,0,0,0,0,0,0,0,0,0,0,0,1,Non-DAC,1,0,195-1243,1
72978138,980100,2.02E+11,20231126,1756,,US23,,,US0023,US0023,0,098 US-23,US0023,N,Y,CASSIDY,,BLVD,N,NULL,NULL,NULL,NULL,NULL,NULL,26.284,NULL,NULL,NULL,NULL,,NULL,2,0,2,2,N,N,55,NULL,98,9801,NULL,,Y,37.50367,-82.53214,N,NULL,NULL,NULL,NULL,NULL,NULL,NULL,NULL,1,3,4,6,1,1,3,5,1,3,N,NULL,Y,Y,1756,1758,1822,N,NULL,8,,1,N,,N,N,098-US-0023-0,NULL,NULL,2023,C,7.3E+11,098-US-0023  -000,HIGH,098-US-0023  -000,26.222,0,0,0,0,0,0,0,1,0,0,1,0,0,1,Non-DAC,1,0,195-0861,1
72857514,980100,2.02E+11,20230123,1437,,BAIRD,,AVE,KY1426,KY1426,0,098 KY-1426,KY1426,N,N,NULL,NULL,NULL,N,NULL,NULL,NULL,NULL,NULL,NULL,5.389,NULL,NULL,NULL,NULL,,NULL,0,0,2,2,N,N,25,NULL,98,9801,NULL,,Y,37.47311,-82.52705,N,NULL,NULL,NULL,NULL,NULL,NULL,NULL,NULL,5,3,2,6,1,5,3,2,7,3,N,NULL,Y,N,1437,1440,1440,N,NULL,49,,0,N,,N,N,098-KY-1426-0,NULL,NULL,2023,O,7.29E+11,098-KY-1426  -000,HIGH,098-KY-1426  -000,5.407,0,0,0,0,0,0,1,0,0,0,0,0,0,1,DAC,1,0,195-1174,1
72957726,KSP0900,23-412375,20231003,1118,,US119,,,US0119,US0119,,,,N,N,NULL,NULL,NULL,N,NULL,NULL,NULL,NULL,NULL,NULL,2.111,NULL,NULL,NULL,NULL,,NULL,1,0,2,2,N,N,55,NULL,98,9801,0.5,N,N,37.51263,-82.49738,N,NULL,NULL,NULL,NULL,NULL,NULL,NULL,NULL,5,3,4,6,1,1,2,2,7,3,Y,NULL,Y,Y,1118,1125,1209,N,NULL,49,2,1,N,,N,N,,NULL,NULL,2023,C,7.3E+11,098-US-0119  -010,MEDIUM,098-US-0119  -000,2.111,0,1,0,1,0,0,1,0,0,0,0,0,0,1,Non-DAC,0,1,,
72979333,980100,2.02E+11,20231129,1048,,US23,,,US0023,US0023,0,098 US-23-10,US0023,N,N,NULL,NULL,NULL,N,NULL,NULL,NULL,NULL,NULL,NULL,26.293,NULL,NULL,NULL,NULL,,NULL,0,0,2,2,N,N,55,NULL,98,9801,NULL,,Y,37.50376,-82.53234,N,NULL,NULL,NULL,NULL,NULL,NULL,NULL,NULL,5,3,4,6,1,1,2,2,2,3,N,NULL,Y,N,1048,1053,1053,N,NULL,49,,1,N,,N,N,098-US-0023-10,NULL,NULL,2023,O,7.3E+11,098-US-0023  -010,HIGH,098-US-0023  -000,26.229,0,0,1,0,0,0,1,0,0,0,0,0,0,1,Non-DAC,1,0,195-0861,1
72906767,980100,2.02E+11,20230602,1642,,US460,,,US0460,US0460,0,098 US-460,US0460,N,N,NULL,NULL,NULL,N,NULL,NULL,NULL,NULL,NULL,NULL,0.246,NULL,NULL,NULL,NULL,,NULL,0,0,2,2,N,N,55,NULL,98,9801,NULL,,Y,37.43942,-82.50946,N,NULL,NULL,NULL,NULL,NULL,NULL,NULL,NULL,5,3,2,6,1,1,2,2,1,3,N,NULL,Y,N,1642,1649,,N,NULL,49,,1,N,,N,N,098-US-0460-0,NULL,NULL,2023,O,7.29E+11,098-US-0460  -000,HIGH,098-US-0460  -000,0.218,0,0,0,1,0,0,1,0,0,0,0,0,0,1,Non-DAC,1,0,195-1307,1
72990281,980100,2.02E+11,20231226,1834,,BYPASS,S,RD,KY1426,KY1426,0,098 KY-1426,KY1426,N,N,NULL,NULL,NULL,N,NULL,NULL,NULL,NULL,NULL,NULL,5.83,NULL,NULL,NULL,NULL,,NULL,0,0,1,1,N,N,45,NULL,98,9801,NULL,,Y,37.47375,-82.52061,N,NULL,NULL,NULL,NULL,NULL,NULL,NULL,NULL,9,3,2,6,1,5,3,6,7,3,N,NULL,Y,N,1834,1840,1857,N,NULL,38,,0,N,,N,N,098-KY-1426-0,NULL,NULL,2023,O,7.3E+11,098-KY-1426  -000,HIGH,098-KY-1426  -000,5.824,0,0,0,0,0,0,0,0,0,0,0,0,0,1,DAC,0,1,,
72880160,980100,2.02E+11,20230325,2243,,US23,,,US0023,US0023,0,098 US-23,US0023,N,N,NULL,NULL,NULL,N,NULL,NULL,NULL,NULL,NULL,NULL,27.001,NULL,NULL,NULL,NULL,,NULL,0,0,1,1,N,N,55,NULL,98,9801,NULL,,Y,37.51041,-82.54119,N,NULL,NULL,NULL,NULL,NULL,NULL,NULL,NULL,9,3,4,6,1,1,2,6,1,3,N,NULL,Y,N,2243,2248,18,N,NULL,70,,1,N,,N,N,098-US-0023-0,NULL,NULL,2023,O,7.29E+11,098-US-0023  -000,HIGH,098-US-0023  -000,26.952,0,0,0,0,0,0,0,0,0,0,0,0,0,1,Non-DAC,0,1,,
72930189,KSP0900,23-346390,20230803,543,,US23,,,US0023,US0023,,,,N,N,NULL,NULL,NULL,N,NULL,NULL,NULL,NULL,NULL,NULL,32.376,NULL,NULL,NULL,NULL,,NULL,0,0,1,1,N,N,55,NULL,98,9801,NULL,,Y,37.53695,-82.61552,N,NULL,NULL,NULL,NULL,NULL,NULL,NULL,NULL,9,3,4,3,1,5,3,6,7,3,N,NULL,Y,N,543,556,556,N,NULL,38,,1,N,,N,N,,NULL,NULL,2023,O,7.29E+11,098-US-0023  -010,MEDIUM,098-US-0023  -000,32.36,0,0,0,0,0,0,0,0,0,0,0,0,0,1,Non-DAC,0,1,,
72853433,980100,2.02E+11,20230104,641,,KY1426,,,KY1426,KY1426,0,098 KY-1426,KY1426,N,N,NULL,NULL,NULL,N,NULL,NULL,NULL,NULL,NULL,NULL,5.454,NULL,NULL,NULL,NULL,,NULL,1,0,2,1,N,N,55,NULL,98,9801,NULL,,Y,37.47245,-82.52686,N,NULL,NULL,NULL,NULL,NULL,NULL,NULL,NULL,9,3,2,6,1,5,6,5,1,3,Y,NULL,Y,Y,642,645,803,N,NULL,36,,0,N,,N,N,098-KY-1426-0,NULL,NULL,2023,B,7.29E+11,098-KY-1426  -000,HIGH,098-KY-1426  -000,5.453,0,0,0,0,1,0,1,0,0,0,0,0,0,1,DAC,1,0,195-1180,1
72914771,980100,2.02E+11,20230621,38,,US23,,,US0023,US0023,0,098 US-23,US0023,N,N,NULL,NULL,NULL,N,NULL,NULL,NULL,NULL,NULL,NULL,23.518,NULL,NULL,NULL,NULL,,NULL,0,0,1,1,N,N,55,NULL,98,9801,NULL,,Y,37.47025,-82.53352,N,NULL,NULL,NULL,NULL,NULL,NULL,NULL,NULL,9,6,4,6,1,1,3,6,7,3,N,NULL,Y,N,38,46,131,N,NULL,40,,1,N,,N,N,098-US-0023-0,NULL,NULL,2023,O,7.29E+11,098-US-0023  -000,HIGH,098-US-0023  -000,23.456,0,0,0,0,0,0,0,0,0,0,0,1,0,1,DAC,0,1,,
72948173,980100,2.02E+11,20230915,1743,,CASSIDY,,BLVD,,,0,098 CS-1191,CS1191,N,N,NULL,NULL,NULL,N,NULL,NULL,NULL,NULL,NULL,NULL,0.264,NULL,NULL,NULL,NULL,,NULL,0,0,2,2,N,N,35,NULL,98,9801,NULL,,Y,37.50467,-82.53616,N,NULL,NULL,NULL,NULL,NULL,NULL,NULL,NULL,1,3,4,6,1,1,2,2,1,3,N,NULL,Y,N,1744,1748,1827,N,NULL,55,,,N,,N,N,098-CS-1191-0,NULL,NULL,2023,O,7.29E+11,098-CS-1191  -000,HIGH,098-CS-1191  -000,0.248,0,0,0,1,0,0,1,1,0,0,0,0,0,1,Non-DAC,0,1,,
72858826,980100,2.02E+11,20230120,947,,US23,,,US0023,US0023,0,098 US-23-10,US0023,N,Y,OWSLEY,,RD,N,NULL,NULL,NULL,NULL,NULL,NULL,24.358,NULL,NULL,NULL,NULL,,NULL,0,0,1,1,N,N,55,NULL,98,9801,NULL,,Y,37.47941,-82.54277,N,NULL,NULL,NULL,NULL,NULL,NULL,NULL,NULL,9,3,4,6,1,1,3,2,3,3,N,NULL,Y,Y,947,949,949,Y,NULL,35,,1,N,,N,N,098-US-0023-10,NULL,NULL,2023,O,7.29E+11,098-US-0023  -010,HIGH,098-US-0023  -000,24.283,0,1,0,0,0,0,0,0,0,0,1,0,0,1,DAC,0,1,,
72916578,980100,2.02E+11,20230623,1905,,US23,,,US0023,US0023,,,,N,N,NULL,NULL,NULL,N,NULL,NULL,NULL,NULL,NULL,NULL,26.834,NULL,NULL,NULL,NULL,,NULL,0,0,1,1,N,N,55,NULL,98,9801,NULL,,Y,37.50942,-82.53831,N,NULL,NULL,NULL,NULL,NULL,NULL,NULL,NULL,9,3,4,6,1,5,6,2,7,3,N,NULL,Y,N,1905,1912,1912,N,NULL,40,,1,N,,N,N,,NULL,NULL,2023,O,7.29E+11,098-US-0023  -000,MEDIUM,098-US-0023  -000,26.777,0,0,0,0,0,0,0,0,0,0,0,1,0,1,Non-DAC,0,1,,
72954364,980100,2.02E+11,20230926,1516,,US23,,,US0023,US0023,,,,N,Y,TOLLAGE,,CRK,N,NULL,NULL,NULL,NULL,NULL,NULL,26.912,NULL,NULL,NULL,NULL,,NULL,0,0,2,2,N,N,55,NULL,98,9801,NULL,,Y,37.50995,-82.53951,N,NULL,NULL,NULL,NULL,NULL,NULL,NULL,NULL,1,3,4,6,1,1,2,2,7,2,N,NULL,Y,N,1516,1519,,N,NULL,10,,1,N,,N,N,,NULL,NULL,2023,O,7.3E+11,098-US-0023  -000,MEDIUM,098-US-0023  -000,26.853,0,0,0,1,0,0,1,1,0,0,1,0,0,1,Non-DAC,1,0,195-0818,1
72963974,980100,2.02E+11,20231025,2047,,CHLOE,,RD,KY1460,KY1460,0,098 KY-1460,KY1460,N,N,NULL,NULL,NULL,N,NULL,NULL,NULL,NULL,NULL,NULL,3.788,NULL,NULL,NULL,NULL,,NULL,0,0,1,1,N,N,35,NULL,98,9801,NULL,,Y,37.47721,-82.49305,N,NULL,NULL,NULL,NULL,NULL,NULL,NULL,NULL,9,3,2,1,1,1,2,6,1,3,N,NULL,Y,N,2048,2052,2052,Y,NULL,40,,0,N,,N,N,098-KY-1460-0,NULL,NULL,2023,O,7.3E+11,098-KY-1460  -000,HIGH,098-KY-1460  -000,3.754,0,0,0,0,0,0,0,0,0,0,0,1,0,1,Non-DAC,1,0,195-1112,1
72834610,980100,2.02E+11,20221121,1140,,US23,,,US0023,US0023,0,098 US-23,US0023,N,N,NULL,NULL,NULL,N,NULL,NULL,NULL,NULL,NULL,NULL,23.968,NULL,NULL,NULL,NULL,,NULL,0,0,1,1,N,N,55,NULL,98,9801,NULL,,Y,37.47545,-82.53799,N,NULL,NULL,NULL,NULL,NULL,NULL,NULL,NULL,9,3,4,6,1,1,2,2,1,3,N,NULL,Y,N,1140,1150,,N,NULL,70,,1,N,,N,N,098-US-0023-0,NULL,NULL,2022,O,7.28E+11,098-US-0023  -000,HIGH,098-US-0023  -000,23.968,0,0,0,0,0,0,0,0,0,0,0,0,0,1,DAC,0,1,,
72930820,980100,2.02E+11,20230804,1313,,KY1426,,,KY1426,KY1426,0,098 KY-1426,KY1426,N,N,NULL,NULL,NULL,N,NULL,NULL,NULL,NULL,NULL,NULL,7.513,NULL,NULL,NULL,NULL,,NULL,0,0,2,2,N,N,55,NULL,98,9801,NULL,,Y,37.4904,-82.49924,N,NULL,NULL,NULL,NULL,NULL,NULL,NULL,NULL,8,3,2,6,1,1,2,2,7,3,N,NULL,Y,N,1313,1317,1318,N,NULL,53,,0,N,,N,N,098-KY-1426-0,NULL,NULL,2023,O,7.29E+11,098-KY-1426  -000,HIGH,098-KY-1426  -000,7.566,0,0,0,1,0,0,0,1,0,0,0,1,0,1,Non-DAC,0,1,,
72894298,980100,2.02E+11,20230422,1411,,CASSIDY,,BLVD,,,0,098 CS-1191,CS1191,N,N,NULL,NULL,NULL,N,NULL,NULL,NULL,NULL,NULL,NULL,0.033,NULL,NULL,NULL,NULL,,NULL,0,0,2,2,N,N,25,NULL,98,9801,NULL,,Y,37.50371,-82.53271,N,NULL,NULL,NULL,NULL,NULL,NULL,NULL,NULL,8,3,4,6,1,1,2,2,1,3,N,NULL,Y,N,1411,1418,1418,N,NULL,53,,,N,,N,N,098-CS-1191-0,NULL,NULL,2023,O,7.29E+11,098-CS-1191  -000,HIGH,098-CS-1191  -000,0.033,0,0,0,0,0,0,1,1,0,0,0,1,0,1,Non-DAC,1,0,195-0861,1
72979493,980100,2.02E+11,20231121,1207,,US23,,,US0023,US0023,0,098 US-23,US0023,N,N,NULL,NULL,NULL,N,NULL,NULL,NULL,NULL,NULL,NULL,30.392,NULL,NULL,NULL,NULL,,NULL,0,0,2,2,N,N,55,NULL,98,9801,NULL,,Y,37.54173,-82.58341,N,NULL,NULL,NULL,NULL,NULL,NULL,NULL,NULL,1,3,4,3,1,5,6,2,7,3,N,NULL,Y,N,1207,1215,1248,N,NULL,55,,1,N,,N,N,098-US-0023-0,NULL,NULL,2023,O,7.3E+11,098-US-0023  -000,HIGH,098-US-0023  -000,30.372,0,0,0,0,0,0,0,0,0,0,0,0,0,1,Non-DAC,1,0,195-0573,1
72906279,980100,2.02E+11,20230525,1504,,KY3496,,,KY3496,KY3496,0,098 KY-3496,KY3496,N,N,NULL,NULL,NULL,N,NULL,NULL,NULL,NULL,NULL,NULL,0.78,NULL,NULL,NULL,NULL,,NULL,3,0,2,2,N,N,35,NULL,98,9801,NULL,,Y,37.47206,-82.52988,N,NULL,NULL,NULL,NULL,NULL,NULL,NULL,NULL,1,3,2,6,1,1,2,2,1,3,N,NULL,Y,Y,1504,1508,1537,N,NULL,55,16,0,Y,,N,N,098-KY-3496-0,NULL,NULL,2023,B,7.29E+11,098-KY-3496  -000,HIGH,098-KY-3496  -000,0.78,0,0,0,1,0,0,0,0,0,1,0,1,0,1,DAC,1,0,195-1185,1
72945615,980100,2.02E+11,20230911,1026,,JOHNSON,,ST,,,,,,N,N,NULL,NULL,NULL,N,NULL,NULL,NULL,NULL,NULL,NULL,,NULL,NULL,NULL,NULL,,NULL,0,0,2,2,N,N,25,NULL,98,9801,NULL,,Y,37.4439,-82.52476,N,NULL,NULL,NULL,NULL,NULL,NULL,NULL,NULL,7,3,1,4,1,1,2,2,7,3,N,NULL,Y,N,1026,1034,1034,N,NULL,54,,,N,,N,N,,NULL,NULL,2023,O,7.29E+11,098-CS-1253  -000,MEDIUM,098-CS-1253  -000,0,0,0,0,0,0,0,1,0,0,0,0,1,0,1,Non-DAC,1,0,195-1296,1
72884274,980100,2.02E+11,20230407,847,,MAIN,,ST,,,0,098 CS-1112,CS1112,N,N,NULL,NULL,NULL,N,NULL,NULL,NULL,NULL,NULL,NULL,0.205,NULL,NULL,NULL,NULL,,NULL,0,0,2,2,N,N,15,NULL,98,9801,NULL,,Y,37.48032,-82.5168,N,NULL,NULL,NULL,NULL,NULL,NULL,NULL,NULL,1,3,2,6,1,5,6,2,1,3,N,NULL,Y,N,847,848,901,N,NULL,55,,,N,,N,N,098-CS-1112-0,NULL,NULL,2023,O,7.29E+11,098-CS-1112  -000,HIGH,098-CS-1112  -000,0.204,0,0,0,0,0,0,0,0,0,0,0,0,0,1,DAC,1,0,195-1080,1
72955102,980100,2.02E+11,20231003,1735,,US23,,,US0023,US0023,,,,N,N,NULL,NULL,NULL,N,NULL,NULL,NULL,NULL,NULL,NULL,24.125,NULL,NULL,NULL,NULL,,NULL,0,0,2,2,N,Y,55,NULL,98,9801,NULL,,Y,37.4769,-82.54002,N,NULL,NULL,NULL,NULL,NULL,NULL,NULL,NULL,5,3,2,1,1,1,2,2,7,3,N,NULL,N,N,1736,1736,,N,NULL,49,,1,N,,N,N,,NULL,NULL,2023,O,7.3E+11,098-US-0023  -010,MEDIUM,098-US-0023  -000,24.053,0,0,0,0,0,0,1,1,0,0,0,0,0,1,DAC,0,1,,
72989887,980100,2.02E+11,20231218,1033,,US23,,,US0023,US0023,0,098 US-23,US0023,N,N,NULL,NULL,NULL,N,NULL,NULL,NULL,NULL,NULL,NULL,31.584,NULL,NULL,NULL,NULL,,NULL,0,0,2,2,N,N,55,NULL,98,9801,NULL,,Y,37.53693,-82.60128,N,NULL,NULL,NULL,NULL,NULL,NULL,NULL,NULL,5,3,4,6,1,5,6,2,7,3,N,NULL,Y,N,1033,1043,1043,N,NULL,49,,1,N,,N,N,098-US-0023-0,NULL,NULL,2023,O,7.3E+11,098-US-0023  -000,HIGH,098-US-0023  -000,31.564,0,0,0,0,0,0,1,0,0,0,0,0,0,1,Non-DAC,1,0,195-0620,1
72786461,980100,2.02E+11,20220629,1236,,US23,,,US0023,US0023,0,098 US-23-10,US0023,N,N,NULL,NULL,NULL,N,NULL,NULL,NULL,NULL,NULL,NULL,26.314,NULL,NULL,NULL,NULL,,NULL,0,0,2,2,N,N,55,NULL,98,9801,NULL,,Y,37.50409,-82.5324,N,NULL,NULL,NULL,NULL,NULL,NULL,NULL,NULL,5,3,4,6,1,1,2,2,1,3,N,NULL,Y,N,1236,1243,,N,NULL,49,,1,N,,N,N,098-US-0023-10,NULL,NULL,2022,O,7.28E+11,098-US-0023  -010,HIGH,098-US-0023  -000,26.314,0,0,0,0,0,0,1,0,0,0,0,0,0,1,Non-DAC,0,1,,
72851608,370200,20234174,20230104,952,,US119,,,US0119,US0119,0,098 US-119,US0119,N,N,NULL,NULL,NULL,N,NULL,NULL,NULL,NULL,NULL,NULL,1.752,NULL,NULL,NULL,NULL,,NULL,1,0,2,2,N,N,55,NULL,98,9801,NULL,,Y,37.51301,-82.50358,N,NULL,NULL,NULL,NULL,NULL,NULL,NULL,NULL,5,3,2,5,1,5,3,2,7,3,Y,NULL,N,Y,954,1002,1040,N,NULL,49,2,1,N,,N,N,098-US-0119-0,NULL,NULL,2023,C,7.29E+11,098-US-0119  -000,HIGH,098-US-0119  -000,1.755,0,1,0,0,0,0,1,0,0,0,0,0,0,1,Non-DAC,0,1,,
72910354,980100,2.02E+11,20230608,1206,,US23,,,US0023,US0023,0,098 US-23,US0023,N,N,NULL,NULL,NULL,N,NULL,NULL,NULL,NULL,NULL,NULL,31.559,NULL,NULL,NULL,NULL,,NULL,0,0,2,2,Y,N,55,NULL,98,9801,NULL,,Y,37.53669,-82.60089,N,NULL,NULL,NULL,NULL,NULL,NULL,NULL,NULL,5,3,4,6,1,1,2,2,7,3,N,NULL,Y,N,1206,1216,1216,N,NULL,49,,1,N,,N,N,098-US-0023-0,NULL,NULL,2023,O,7.29E+11,098-US-0023  -000,HIGH,098-US-0023  -000,31.54,0,0,0,1,0,0,0,0,0,0,0,0,0,1,Non-DAC,0,1,,
72875854,980100,2.02E+11,20230309,1621,,KY3496,,,KY3496,KY3496,,,,N,N,NULL,NULL,NULL,N,NULL,NULL,NULL,NULL,NULL,NULL,0.008,NULL,NULL,NULL,NULL,,NULL,1,0,2,2,N,N,35,NULL,98,9801,NULL,,Y,37.46581,-82.52815,N,NULL,NULL,NULL,NULL,NULL,NULL,NULL,NULL,5,3,3,6,1,1,3,2,7,3,Y,NULL,Y,Y,1622,1624,1724,N,NULL,49,16,0,N,,N,N,,NULL,NULL,2023,C,7.29E+11,098-KY-3496  -000,MEDIUM,098-KY-3496  -000,0.012,0,0,1,0,0,0,1,0,0,0,0,0,0,1,DAC,1,0,195-1219,1
72926888,370200,2023331328,20230720,1150,,KY3416,,,KY3416,KY3416,0,098 KY-3416,KY3416,N,N,NULL,NULL,NULL,N,NULL,NULL,NULL,NULL,NULL,NULL,1.668,NULL,NULL,NULL,NULL,,NULL,0,0,2,2,N,N,55,NULL,98,9801,NULL,,Y,37.45039,-82.54027,N,NULL,NULL,NULL,NULL,NULL,NULL,NULL,NULL,1,3,2,3,1,1,3,2,7,3,N,NULL,Y,Y,1152,1207,1225,N,NULL,55,9,0,N,,N,N,098-KY-3416-0,NULL,NULL,2023,O,7.29E+11,098-KY-3416  -000,HIGH,098-KY-3416  -000,1.669,0,1,0,1,0,0,0,0,0,0,0,0,0,1,Non-DAC,1,0,195-1279,1
72911751,980100,2.02E+11,20230510,1757,,US23,,,US0023,US0023,0,098 US-23,US0023,N,N,NULL,NULL,NULL,N,NULL,NULL,NULL,NULL,NULL,NULL,30.501,NULL,NULL,NULL,NULL,,NULL,1,1,2,2,N,N,55,NULL,98,9801,NULL,,Y,37.54251,-82.58498,N,NULL,NULL,NULL,NULL,NULL,NULL,NULL,NULL,1,3,4,6,1,1,2,2,7,3,Y,NULL,Y,Y,1816,1822,2029,N,NULL,55,,1,N,,N,Y,098-US-0023-0,NULL,NULL,2023,K,7.29E+11,098-US-0023  -000,HIGH,098-US-0023  -000,30.475,1,0,0,0,0,0,0,0,1,0,0,1,1,1,Non-DAC,0,1,,