MasterFile,AgencyORINumber,LocalCode,CollisionDate,CollisionTime,CollisionDayWeekCode,RoadwayName,RoadwayName_Direction_,RoadwayName_RoadwaySuffix_,RoadwayfromReport,CurrentRoadwayNumber,RoadwayNumberCoupletID,RSEUniqueGIS,RoadwayIdentifier,ParkingLotIndicator,IntersectionWith_Indicator_,IntersectionWith_NameRoadway_,IntersectionWith_Direction_,IntersectionWith_RoadwaySuffix_,BetweenStreets_Indicator_,BetweenStreets1_NameRoadway_,BetweenStreet1_Direction_,BetweenStreets1_RoadwaySuffix_,BetweenStreets2_NameRoadway_,BetweenStreets2_Direction_,BetweenStreets2_RoadwaySuffix_,Milepoint,ReportMilepointDeriveNumber,CurrentDerivedMiepointNumber,MilestoMilepoint,FeettoMilepoint,DirectionfromMilepoint_NSEW_,ValidMilepointIndicator,NumberInjured,NumberKilled,ofUnits,ofMotorVehicleUnits,Hit&RunIndicator,OneWayIndicator,SpeedLimitNumber,KilometersIndicator,CountyCode,CityCountyCode,MilesFromCity,DirectionFromCity_NSEW_,InCityLimitsIndicator,Latitude,Longitude,RampIndicator,RampFromIdentifier,RampFromDirCode,RampFromCoupletID,RSEUniqueGISRampFrom,RampToidentifier,RampToDirCode,RampToCoupletID,RSEUniqueGisRampTo,MannerofCollisionCode,LocationFirstEventCode,TotalLanes,RoadwayCharacterCode,RoadwaySurfaceCode,RoadwayConditionCode,WeatherCode,LightConditionCode,LandUseCode,SchoolBusRelatedCode,FirstAidSceneIndicator,CollDescPresentInd,InvestigationCompleteIndicator,PhotosTakenIndicator,TimeNotified,TimeArrived,TimeRoadwayOpened,PropertyDamageIndicator,DiagramPresentIndicator,DirectionalAnalysis,FunctionClassCode,NationalHwySysCode,EnforcementsIndicator,KARSCityCode,SecondaryCollisionIndicator,MedianCrossoverIndicator,RT_UNIQUE,MapIt,TimeLastLeft,YR,KABCO,MFNY,WorkingRID,RT_CONFIDENCE,KTC_RT,KTC_MP,Motorcyclist,Commercial Vehicle,Young Driver,Mature Driver,Pedestrian,Bicyclist,Distracted,Aggressive,Impaired,Unrestrained,Intersection,Roadway Departure,Median Cross-over,CityCrash,DACid,Intersection Crash,Segment Crash,Int_ID,CityIntersection
72879627,980100,2.02E+11,20230315,1440,,CASSIDY,,BLVD,,,0,098 CS-1191,CS1191,N,N,NULL,NULL,NULL,N,NULL,NULL,NULL,NULL,NULL,NULL,0.022,NULL,NULL,NULL,NULL,,NULL,0,0,2,2,N,N,55,NULL,98,9801,NULL,,Y,37.50372,-82.53252,N,NULL,NULL,NULL,NULL,NULL,NULL,NULL,NULL,8,3,2,6,1,1,2,2,1,3,N,NULL,Y,N,1440,1448,,N,NULL,53,,,N,,N,N,098-CS-1191-0,NULL,NULL,2023,O,7.29E+11,098-CS-1191  -000,HIGH,098-CS-1191  -000,0.022,0,0,0,1,0,0,1,0,0,0,0,1,0,1,Non-DAC,1,0,195-0861,1
72887788,KSP0900,23-134950,20230409,1840,,CEDAR HILLS,,RD,KY1426,KY1426,0,098 KY-1426,KY1426,N,N,NULL,NULL,NULL,N,NULL,NULL,NULL,NULL,NULL,NULL,3.67,NULL,NULL,NULL,NULL,,NULL,1,0,2,2,N,N,55,NULL,98,9801,NULL,,Y,37.45234,-82.53564,N,NULL,NULL,NULL,NULL,NULL,NULL,NULL,NULL,8,3,2,3,1,1,2,2,7,3,Y,NULL,N,Y,1830,1843,1915,N,NULL,53,8,0,N,,N,N,098-KY-1426-0,NULL,NULL,2023,C,7.29E+11,098-KY-1426  -000,HIGH,098-KY-1426  -000,3.635,0,0,0,0,0,0,0,0,0,0,0,1,0,1,Non-DAC,0,1,,
72944095,980100,2.02E+11,20230905,942,,US23,,,US0023,US0023,0,098 US-23-10,US0023,N,N,NULL,NULL,NULL,N,NULL,NULL,NULL,NULL,NULL,NULL,18.78,NULL,NULL,NULL,NULL,,NULL,0,0,2,2,N,N,55,NULL,98,9801,NULL,,Y,37.43878,-82.5092,N,NULL,NULL,NULL,NULL,NULL,NULL,NULL,NULL,1,3,4,6,1,1,2,2,7,3,N,NULL,Y,N,942,944,,N,NULL,55,,1,N,,N,N,098-US-0023-10,NULL,NULL,2023,O,7.29E+11,098-US-0023  -010,HIGH,098-US-0023  -000,18.764,0,0,0,1,0,0,1,1,0,0,0,0,0,1,Non-DAC,1,0,195-1310,1
72942305,980100,2.02E+11,20230831,1623,,HAMBLEY,,BLVD,,,0,098 CS-1222,CS1222,N,N,NULL,NULL,NULL,N,NULL,NULL,NULL,NULL,NULL,NULL,0.528,NULL,NULL,NULL,NULL,,NULL,0,0,2,2,N,N,35,NULL,98,9801,NULL,,Y,37.47876,-82.5201,N,NULL,NULL,NULL,NULL,NULL,NULL,NULL,NULL,4,3,3,6,1,1,2,2,3,3,N,NULL,Y,N,1623,1625,1654,N,NULL,70,,,N,,N,N,098-CS-1222-0,NULL,NULL,2023,O,7.29E+11,098-CS-1222  -000,HIGH,098-CS-1222  -000,0.528,1,0,0,0,0,0,0,1,0,0,0,0,0,1,DAC,1,0,195-1100,1
72900480,980100,2.02E+11,20230513,1546,,KY1426,,,KY1426,KY1426,0,098 KY-1426,KY1426,N,N,NULL,NULL,NULL,N,NULL,NULL,NULL,NULL,NULL,NULL,8.133,NULL,NULL,NULL,NULL,,NULL,1,0,1,1,N,N,55,NULL,98,9801,NULL,,Y,37.49313,-82.49103,N,NULL,NULL,NULL,NULL,NULL,NULL,NULL,NULL,9,3,2,4,1,5,3,2,7,3,N,NULL,Y,N,1547,1551,1611,N,NULL,40,,0,Y,,N,N,098-KY-1426-0,NULL,NULL,2023,C,7.29E+11,098-KY-1426  -000,HIGH,098-KY-1426  -000,8.144,0,0,0,0,0,0,0,0,0,1,0,1,0,1,Non-DAC,0,1,,
72853479,980100,2.02E+11,20230112,1655,,BYPASS,S,RD,KY1426,KY1426,,,,N,N,NULL,NULL,NULL,N,NULL,NULL,NULL,NULL,NULL,NULL,5.587,NULL,NULL,NULL,NULL,,NULL,0,0,2,2,N,N,45,NULL,98,9801,NULL,,Y,37.47241,-82.52469,N,NULL,NULL,NULL,NULL,NULL,NULL,NULL,NULL,1,3,3,6,1,1,3,2,1,3,N,NULL,Y,N,1655,1659,,N,NULL,55,,0,N,,N,N,,NULL,NULL,2023,O,7.29E+11,098-KY-1426  -000,MEDIUM,098-KY-1426  -000,5.587,0,0,1,0,0,0,1,1,0,0,0,0,0,1,DAC,0,1,,
72931355,980100,2.02E+11,20230807,212,,US23,,,US0023,US0023,0,098 US-23,US0023,N,N,NULL,NULL,NULL,N,NULL,NULL,NULL,NULL,NULL,NULL,19.495,NULL,NULL,NULL,NULL,,NULL,1,0,1,1,N,N,55,NULL,98,9801,NULL,,Y,37.44747,-82.50481,N,NULL,NULL,NULL,NULL,NULL,NULL,NULL,NULL,9,6,4,6,1,1,2,6,7,3,Y,NULL,Y,Y,212,219,316,Y,NULL,51,,1,N,,N,N,098-US-0023-0,NULL,NULL,2023,B,7.29E+11,098-US-0023  -000,HIGH,098-US-0023  -000,19.445,0,0,1,0,0,0,0,0,0,0,0,1,0,1,Non-DAC,0,1,,
72855830,980100,2.02E+11,20230118,1300,,BYPASS,S,RD,KY1426,KY1426,0,098 KY-1426,KY1426,N,N,NULL,NULL,NULL,N,NULL,NULL,NULL,NULL,NULL,NULL,6.472,NULL,NULL,NULL,NULL,,NULL,0,0,2,2,N,N,25,NULL,98,9801,NULL,,Y,37.48167,-82.51414,N,NULL,NULL,NULL,NULL,NULL,NULL,NULL,NULL,1,3,2,6,1,1,2,2,7,3,N,NULL,Y,N,1306,1306,1320,N,NULL,55,,0,N,,N,N,098-KY-1426-0,NULL,NULL,2023,O,7.29E+11,098-KY-1426  -000,HIGH,098-KY-1426  -000,6.499,0,0,0,0,0,0,0,0,0,0,0,0,0,1,DAC,1,0,195-1056,1
72969516,KSP0900,23-446854,20231104,2203,,KY3218,,,KY3218,KY3218,0,098 KY-3218,KY3218,N,N,NULL,NULL,NULL,N,NULL,NULL,NULL,NULL,NULL,NULL,3,NULL,NULL,NULL,NULL,,NULL,1,0,1,1,N,N,55,NULL,98,9807,NULL,,Y,37.55925,-82.55943,N,NULL,NULL,NULL,NULL,NULL,NULL,NULL,NULL,9,5,2,1,1,1,2,6,7,3,Y,NULL,Y,Y,2205,2243,2339,N,NULL,44,8,0,Y,,N,N,098-KY-3218-0,NULL,NULL,2023,B,7.3E+11,098-KY-3218  -000,HIGH,098-KY-3218  -000,2.993,0,0,0,0,0,0,0,0,1,0,0,1,0,1,Non-DAC,0,1,,
72962830,980100,2.02E+12,20231022,1115,,PIN OAK,,DR,,,0,098 CS-1207,CS1207,N,N,NULL,NULL,NULL,N,NULL,NULL,NULL,NULL,NULL,NULL,0.001,NULL,NULL,NULL,NULL,,NULL,0,0,1,1,N,N,15,NULL,98,9801,NULL,,Y,37.49387,-82.53708,N,NULL,NULL,NULL,NULL,NULL,NULL,NULL,NULL,9,97,2,6,1,1,2,2,6,3,N,NULL,Y,N,1115,1127,1206,N,NULL,70,,,N,,N,N,098-CS-1207-0,NULL,NULL,2023,O,7.3E+11,098-CS-1207  -000,HIGH,098-CS-1207  -000,0,0,0,0,0,0,0,1,0,0,0,0,1,0,1,Non-DAC,1,0,195-0914,1
72842221,980500,2022AR059,20221214,1705,,US23,,,US0023,US0023,0,098 US-23,US0023,N,Y,STONE COAL CREEK,,RD,N,NULL,NULL,NULL,NULL,NULL,NULL,27.311,NULL,NULL,NULL,NULL,,NULL,0,0,2,2,N,N,45,NULL,98,9801,NULL,,Y,37.51099,-82.54876,N,NULL,NULL,NULL,NULL,NULL,NULL,NULL,NULL,5,3,4,6,1,5,6,3,1,3,N,NULL,Y,Y,1705,1705,1710,N,NULL,35,,1,N,,N,N,098-US-0023-0,NULL,NULL,2022,O,7.28E+11,098-US-0023  -000,HIGH,098-US-0023  -000,27.311,0,0,0,0,0,0,1,0,0,0,1,0,0,1,Non-DAC,0,1,,
72874629,980100,2.02E+11,20230305,3,,MILDRED,,ST,,,0,098 CS-1180,CS1180,N,N,NULL,NULL,NULL,N,NULL,NULL,NULL,NULL,NULL,NULL,0.157,NULL,NULL,NULL,NULL,,NULL,0,0,2,2,Y,N,25,NULL,98,9801,NULL,,Y,37.48249,-82.53111,N,NULL,NULL,NULL,NULL,NULL,NULL,NULL,NULL,8,3,,4,1,1,2,6,6,3,N,NULL,Y,N,3,5,5,N,NULL,47,,,Y,,N,N,098-CS-1180-0,NULL,NULL,2023,O,7.29E+11,098-CS-1180  -000,HIGH,098-CS-1180  -000,0.157,0,0,0,0,0,0,0,0,1,1,0,0,0,1,DAC,0,1,,
72918206,980100,2.02E+11,20230626,1112,,CARTER,,DR,,,0,098 CS-1224,CS1224,N,N,NULL,NULL,NULL,N,NULL,NULL,NULL,NULL,NULL,NULL,0.2,NULL,NULL,NULL,NULL,,NULL,0,0,2,2,N,N,15,NULL,98,9801,NULL,,Y,37.46331,-82.49373,N,NULL,NULL,NULL,NULL,NULL,NULL,NULL,NULL,2,97,1,6,1,8,2,2,6,3,N,NULL,Y,N,1054,1054,1054,N,NULL,47,,,N,,N,N,098-CS-1224-0,NULL,NULL,2023,O,7.29E+11,098-CS-1224  -000,HIGH,098-CS-1224  -000,0.201,0,0,0,0,0,0,0,0,0,0,0,0,0,1,Non-DAC,0,1,,
72902927,980100,2.02E+11,20230519,1609,,US23,,,US0023,US0023,0,098 US-23,US0023,N,Y,STONE COAL CREEK,,RD,N,NULL,NULL,NULL,NULL,NULL,NULL,27.377,NULL,NULL,NULL,NULL,,NULL,0,0,2,2,N,N,55,NULL,98,9801,NULL,,Y,37.51095,-82.54877,N,NULL,NULL,NULL,NULL,NULL,NULL,NULL,NULL,5,3,4,6,1,1,2,2,7,3,N,NULL,Y,N,1609,1615,,N,NULL,35,,1,N,,N,N,098-US-0023-0,NULL,NULL,2023,O,7.29E+11,098-US-0023  -000,HIGH,098-US-0023  -000,27.375,0,0,0,0,0,0,0,0,0,0,1,0,0,1,Non-DAC,1,0,195-0811,1
72956531,KSP0900,23-405844,20230926,2151,,US119,,,US0119,US0119,0,098 US-119-10,US0119,N,N,NULL,NULL,NULL,N,NULL,NULL,NULL,NULL,NULL,NULL,1.98,NULL,NULL,NULL,NULL,,NULL,2,0,2,2,N,N,55,NULL,98,9801,NULL,,Y,37.51247,-82.49973,N,NULL,NULL,NULL,NULL,NULL,NULL,NULL,NULL,8,1,2,6,1,1,2,6,7,3,Y,NULL,Y,Y,2154,2201,,N,NULL,53,2,1,N,,N,N,098-US-0119-10,NULL,NULL,2023,B,7.3E+11,098-US-0119  -010,HIGH,098-US-0119  -000,1.98,0,0,1,0,0,0,1,0,0,0,0,1,0,1,Non-DAC,0,1,,
72859919,980100,2.02E+11,20230119,1754,,US23,,,US0023,US0023,0,098 US-23,US0023,N,N,NULL,NULL,NULL,N,NULL,NULL,NULL,NULL,NULL,NULL,25.95,NULL,NULL,NULL,NULL,,NULL,3,0,2,2,N,N,55,NULL,98,9801,NULL,,Y,37.49894,-82.53131,N,NULL,NULL,NULL,NULL,NULL,NULL,NULL,NULL,1,3,4,6,1,1,2,3,1,3,N,NULL,Y,Y,1755,1802,1843,N,NULL,55,,1,N,,N,Y,098-US-0023-0,NULL,NULL,2023,C,7.29E+11,098-US-0023  -000,HIGH,098-US-0023  -000,25.889,0,0,1,0,0,0,1,0,0,0,0,1,1,1,Non-DAC,0,1,,
72813068,980100,2.02E+11,20221004,1736,,CASSIDY,,BLVD,,,0,098 CS-1191,CS1191,N,N,NULL,NULL,NULL,N,NULL,NULL,NULL,NULL,NULL,NULL,0.159,NULL,NULL,NULL,NULL,,NULL,0,0,2,2,N,N,35,NULL,98,9801,NULL,,Y,37.50367,-82.53465,N,NULL,NULL,NULL,NULL,NULL,NULL,NULL,NULL,1,3,4,3,1,1,2,2,1,3,N,NULL,Y,N,1736,1736,1758,N,NULL,55,,,N,,N,N,098-CS-1191-0,NULL,NULL,2022,O,7.28E+11,098-CS-1191  -000,HIGH,098-CS-1191  -000,0.159,0,0,0,1,0,0,1,0,0,0,0,0,0,1,Non-DAC,0,1,,
72955430,980100,2.02E+11,20231003,1726,,US23,,,US0023,US0023,0,098 US-23,US0023,N,N,NULL,NULL,NULL,N,NULL,NULL,NULL,NULL,NULL,NULL,23.962,NULL,NULL,NULL,NULL,,NULL,0,0,2,2,N,N,55,NULL,98,9801,NULL,,Y,37.47533,-82.53797,N,NULL,NULL,NULL,NULL,NULL,NULL,NULL,NULL,5,3,4,6,1,1,3,2,7,3,N,NULL,Y,N,1726,1738,1802,N,NULL,49,,1,Y,,N,N,098-US-0023-0,NULL,NULL,2023,O,7.3E+11,098-US-0023  -000,HIGH,098-US-0023  -000,23.895,0,0,0,0,0,0,0,1,0,0,0,0,0,1,DAC,0,1,,
72896418,980100,2.02E+11,20230425,1418,,US23,,,US0023,US0023,0,098 US-23,US0023,N,N,NULL,NULL,NULL,N,NULL,NULL,NULL,NULL,NULL,NULL,30.112,NULL,NULL,NULL,NULL,,NULL,2,0,2,2,N,N,55,NULL,98,9801,NULL,,Y,37.53863,-82.58084,N,NULL,NULL,NULL,NULL,NULL,NULL,NULL,NULL,1,3,4,6,1,1,2,2,7,3,Y,NULL,Y,Y,1419,1426,1531,N,NULL,55,,1,N,,N,N,098-US-0023-0,NULL,NULL,2023,C,7.29E+11,098-US-0023  -000,HIGH,098-US-0023  -000,30.114,0,0,0,1,0,0,1,0,0,1,0,0,0,1,Non-DAC,1,0,195-0588,1
72940944,980100,2.02E+11,20230831,1318,,US23,,,US0023,US0023,0,098 US-23,US0023,N,N,NULL,NULL,NULL,N,NULL,NULL,NULL,NULL,NULL,NULL,25.386,NULL,NULL,NULL,NULL,,NULL,0,0,2,2,N,N,55,NULL,98,9801,NULL,,Y,37.49286,-82.53394,N,NULL,NULL,NULL,NULL,NULL,NULL,NULL,NULL,5,3,4,6,1,1,2,2,7,3,N,NULL,Y,N,1318,1319,1320,N,NULL,49,,1,N,,N,N,098-US-0023-0,NULL,NULL,2023,O,7.29E+11,098-US-0023  -000,HIGH,098-US-0023  -000,25.412,0,0,1,0,0,0,0,0,0,0,0,0,0,1,Non-DAC,0,1,,
72876638,980100,2.02E+11,20230316,1759,,US119,,,US0119,US0119,0,098 US-119,US0119,N,N,NULL,NULL,NULL,N,NULL,NULL,NULL,NULL,NULL,NULL,2.657,NULL,NULL,NULL,NULL,,NULL,0,0,2,2,N,N,55,NULL,98,9801,NULL,,Y,37.51402,-82.48778,N,NULL,NULL,NULL,NULL,NULL,NULL,NULL,NULL,8,3,2,5,1,1,2,2,2,3,N,NULL,Y,N,1759,1805,1805,N,NULL,53,2,1,N,,N,N,098-US-0119-0,NULL,NULL,2023,O,7.29E+11,098-US-0119  -000,HIGH,098-US-0119  -000,2.656,0,0,0,0,0,0,1,0,0,0,0,1,0,1,DAC,1,0,195-0777,1
72932720,980100,2.02E+11,20230807,1159,,HAMBLEY,,BLVD,,,0,098 CS-1222,CS1222,N,N,NULL,NULL,NULL,N,NULL,NULL,NULL,NULL,NULL,NULL,0.729,NULL,NULL,NULL,NULL,,NULL,0,0,2,2,N,N,25,NULL,98,9801,NULL,,Y,37.48146,-82.51887,N,NULL,NULL,NULL,NULL,NULL,NULL,NULL,NULL,8,3,2,6,1,1,3,2,1,3,N,NULL,Y,N,1159,1202,1202,N,NULL,53,,,N,,N,N,098-CS-1222-0,NULL,NULL,2023,O,7.29E+11,098-CS-1222  -000,HIGH,098-CS-1222  -000,0.726,0,0,1,1,0,0,1,0,0,0,0,1,0,1,DAC,1,0,195-1068,1
72923075,980100,2.02E+11,20230716,1017,,US23,,,US0023,US0023,0,098 US-23,US0023,N,N,NULL,NULL,NULL,N,NULL,NULL,NULL,NULL,NULL,NULL,25.153,NULL,NULL,NULL,NULL,,NULL,0,0,2,2,N,N,55,NULL,98,9801,NULL,,Y,37.4897,-82.53819,N,NULL,NULL,NULL,NULL,NULL,NULL,NULL,NULL,8,3,4,6,1,1,3,2,7,3,N,NULL,Y,N,1017,1023,1023,N,NULL,53,,1,Y,,N,N,098-US-0023-0,NULL,NULL,2023,O,7.29E+11,098-US-0023  -000,HIGH,098-US-0023  -000,25.091,0,0,0,1,0,0,0,0,0,0,0,1,0,1,Non-DAC,0,1,,
72970616,980100,2.02E+11,20231109,1201,,KY3496,,,KY3496,KY3496,0,098 KY-3496,KY3496,N,N,NULL,NULL,NULL,N,NULL,NULL,NULL,NULL,NULL,NULL,0.26,NULL,NULL,NULL,NULL,,NULL,0,0,2,2,N,N,35,NULL,98,9801,NULL,,Y,37.46707,-82.53206,N,NULL,NULL,NULL,NULL,NULL,NULL,NULL,NULL,7,3,2,6,1,1,3,2,3,3,N,NULL,Y,N,1201,1205,1205,N,NULL,54,16,0,N,,N,N,098-KY-3496-0,NULL,NULL,2023,O,7.3E+11,098-KY-3496  -000,HIGH,098-KY-3496  -000,0.261,0,0,0,1,0,0,0,0,0,0,0,1,0,1,DAC,0,1,,
72808285,980100,2.02E+11,20220920,618,,HAMBLEY,,BLVD,,,0,098 CS-1222,CS1222,N,N,NULL,NULL,NULL,N,NULL,NULL,NULL,NULL,NULL,NULL,0.38,NULL,NULL,NULL,NULL,,NULL,0,0,2,2,N,N,25,NULL,98,9801,NULL,,Y,37.47706,-82.52173,N,NULL,NULL,NULL,NULL,NULL,NULL,NULL,NULL,1,3,3,6,1,1,2,5,7,3,N,NULL,Y,N,620,620,702,N,NULL,55,,,N,,N,N,098-CS-1222-0,NULL,NULL,2022,O,7.28E+11,098-CS-1222  -000,HIGH,098-CS-1222  -000,0.38,0,0,0,0,0,0,1,0,0,0,0,0,0,1,DAC,1,0,195-1126,1
72952404,980100,2.02E+11,20230928,1554,,THOMPSON,,RD,,,0,098 CS-1215,CS1215,N,N,NULL,NULL,NULL,N,NULL,NULL,NULL,NULL,NULL,NULL,0.023,NULL,NULL,NULL,NULL,,NULL,0,0,2,2,N,N,55,NULL,98,9801,NULL,,Y,37.51046,-82.54816,N,NULL,NULL,NULL,NULL,NULL,NULL,NULL,NULL,5,3,2,6,1,1,3,2,7,3,N,NULL,Y,N,1554,1602,1602,N,NULL,49,,,N,,N,N,098-CS-1215-0,NULL,NULL,2023,O,7.3E+11,098-CS-1215  -000,HIGH,098-CS-1215  -000,0.023,0,0,0,0,0,0,1,0,0,0,0,0,0,1,Non-DAC,1,0,195-0812,1
72860105,980100,2.02E+11,20230130,1317,,CEDAR,E,DR,,,0,098 CS-1093,CS1093,N,N,NULL,NULL,NULL,N,NULL,NULL,NULL,NULL,NULL,NULL,0.119,NULL,NULL,NULL,NULL,,NULL,0,0,2,2,N,N,15,NULL,98,9801,NULL,,Y,37.4824,-82.53907,N,NULL,NULL,NULL,NULL,NULL,NULL,NULL,NULL,2,3,1,6,1,1,2,2,6,3,N,NULL,Y,N,1317,1321,1321,N,NULL,56,,,N,,N,N,098-CS-1093-0,NULL,NULL,2023,O,7.29E+11,098-CS-1093  -000,HIGH,098-CS-1093  -000,0.152,0,0,0,1,0,0,1,0,0,0,0,0,0,1,Non-DAC,0,1,,
72922454,KSP0900,23-325711,20230715,1155,,CEDAR HILLS,,RD,KY1426,KY1426,0,098 KY-1426,KY1426,N,N,NULL,NULL,NULL,N,NULL,NULL,NULL,NULL,NULL,NULL,4.489,NULL,NULL,NULL,NULL,,NULL,0,0,1,1,N,N,35,NULL,98,9801,NULL,,Y,37.46157,-82.52937,N,NULL,NULL,NULL,NULL,NULL,NULL,NULL,NULL,9,5,2,6,1,1,2,2,7,3,N,NULL,Y,N,1155,1209,1209,N,NULL,44,,0,N,,N,N,098-KY-1426-0,NULL,NULL,2023,O,7.29E+11,098-KY-1426  -000,HIGH,098-KY-1426  -000,4.483,0,0,1,0,0,0,1,0,0,0,0,1,0,1,Non-DAC,0,1,,
72919678,980100,2.02E+11,20230626,1025,,CARTER,,DR,,,0,098 CS-1224,CS1224,N,N,NULL,NULL,NULL,N,NULL,NULL,NULL,NULL,NULL,NULL,0.218,NULL,NULL,NULL,NULL,,NULL,1,0,1,1,N,N,25,NULL,98,9801,NULL,,Y,37.4631,-82.49354,N,NULL,NULL,NULL,NULL,NULL,NULL,NULL,NULL,9,6,1,4,1,1,3,2,7,3,N,NULL,Y,N,1025,1034,1040,N,NULL,44,,,N,,N,N,098-CS-1224-0,NULL,NULL,2023,C,7.29E+11,098-CS-1224  -000,HIGH,098-CS-1224  -000,0.219,0,0,0,0,0,0,0,0,0,1,0,1,0,1,Non-DAC,0,1,,
72847708,980100,2.02E+11,20221227,1028,,KY1426,,,KY1426,KY1426,0,098 KY-1426,KY1426,N,N,NULL,NULL,NULL,N,NULL,NULL,NULL,NULL,NULL,NULL,6.917,NULL,NULL,NULL,NULL,,NULL,0,0,2,2,N,N,55,NULL,98,9801,NULL,,Y,37.48624,-82.50922,N,NULL,NULL,NULL,NULL,NULL,NULL,NULL,NULL,1,3,2,6,1,1,2,2,7,3,N,NULL,Y,N,1028,1039,1111,N,NULL,55,,0,N,,N,N,098-KY-1426-0,NULL,NULL,2022,O,7.28E+11,098-KY-1426  -000,HIGH,098-KY-1426  -000,6.917,0,0,0,1,0,0,1,1,0,0,0,0,0,1,Non-DAC,1,0,195-0950,1
72900053,980100,2.02E+11,20230512,2307,,KY3495,,,KY3495,KY3495,0,098 KY-3495,KY3495,N,N,NULL,NULL,NULL,N,NULL,NULL,NULL,NULL,NULL,NULL,0.185,NULL,NULL,NULL,NULL,,NULL,0,0,1,1,N,N,45,NULL,98,9801,NULL,,Y,37.48847,-82.54072,N,NULL,NULL,NULL,NULL,NULL,NULL,NULL,NULL,9,5,2,3,1,5,2,5,7,3,N,NULL,Y,N,2307,2311,,N,NULL,44,17,0,Y,,N,N,098-KY-3495-0,NULL,NULL,2023,O,7.29E+11,098-KY-3495  -000,HIGH,098-KY-3495  -000,0.184,0,0,0,0,0,0,0,0,1,1,0,1,0,1,Non-DAC,0,1,,
72868450,KSP0900,23-63388,20230218,1221,,US23,,,US0023,US0023,,,,N,N,NULL,NULL,NULL,N,NULL,NULL,NULL,NULL,NULL,NULL,22.49,NULL,NULL,NULL,NULL,,NULL,1,0,1,1,N,N,55,NULL,98,9801,NULL,,Y,37.46375,-82.5185,N,NULL,NULL,NULL,NULL,NULL,NULL,NULL,NULL,9,3,2,6,1,1,2,2,7,3,N,NULL,Y,Y,1221,1239,1330,N,NULL,44,,1,N,,N,N,,NULL,NULL,2023,B,7.29E+11,098-US-0023  -000,MEDIUM,098-US-0023  -000,22.424,0,0,0,0,0,0,0,0,0,0,0,1,0,1,Non-DAC,0,1,,
72934289,980100,2.02E+11,20230811,1527,,US23,,,US0023,US0023,0,098 US-23,US0023,N,Y,RATLIFF CREEK,,RD,N,NULL,NULL,NULL,NULL,NULL,NULL,25.735,NULL,NULL,NULL,NULL,,NULL,2,0,2,2,N,N,55,NULL,98,9801,NULL,,Y,37.49587,-82.53107,N,NULL,NULL,NULL,NULL,NULL,NULL,NULL,NULL,1,3,4,3,1,1,2,2,1,3,N,NULL,Y,Y,1527,1530,1530,N,NULL,10,,1,N,,N,N,098-US-0023-0,NULL,NULL,2023,C,7.29E+11,098-US-0023  -000,HIGH,098-US-0023  -000,25.673,0,0,1,1,0,0,0,1,0,1,1,0,0,1,Non-DAC,1,0,195-0906,1
72871029,980100,2.02E+11,20230302,1649,,US23,,,US0023,US0023,,,,N,N,NULL,NULL,NULL,N,NULL,NULL,NULL,NULL,NULL,NULL,25.884,NULL,NULL,NULL,NULL,,NULL,0,0,2,2,N,N,55,NULL,98,9801,NULL,,Y,37.49802,-82.53126,N,NULL,NULL,NULL,NULL,NULL,NULL,NULL,NULL,5,3,4,6,1,1,2,2,1,3,N,NULL,Y,N,1649,1654,1654,N,NULL,49,,1,N,,N,N,,NULL,NULL,2023,O,7.29E+11,098-US-0023  -010,MEDIUM,098-US-0023  -000,25.823,0,0,0,0,0,0,1,0,0,0,0,0,0,1,Non-DAC,0,1,,
72972544,980500,2023AR060,20231113,1702,,MAYO TRAIL,N,,,,,,,N,N,NULL,NULL,NULL,N,NULL,NULL,NULL,NULL,NULL,NULL,,NULL,NULL,NULL,NULL,NULL,NULL,0,0,2,2,N,N,25,NULL,98,9807,NULL,,Y,37.5383,-82.58081,N,NULL,NULL,NULL,NULL,NULL,NULL,NULL,NULL,2,97,2,6,1,1,2,2,8,3,N,NULL,Y,Y,1702,1710,1710,N,NULL,56,,,N,,N,N,,NULL,NULL,2023,O,7.3E+11,098-CR-1426K -000,MEDIUM,098-CR-1426K -000,0.21,0,0,0,1,0,0,1,0,0,0,0,0,0,1,Non-DAC,1,0,195-0592,1
72920165,KSP0900,23-315545,20230706,1258,,US23,,,US0023,US0023,,,,N,N,NULL,NULL,NULL,N,NULL,NULL,NULL,NULL,NULL,NULL,17.779,NULL,NULL,NULL,NULL,,NULL,0,0,1,1,N,N,55,NULL,98,9801,NULL,,Y,37.42596,-82.51681,N,NULL,NULL,NULL,NULL,NULL,NULL,NULL,NULL,9,3,4,6,1,1,2,2,7,3,N,NULL,Y,N,1258,1319,1341,N,NULL,70,,1,N,,N,N,,NULL,NULL,2023,O,7.29E+11,098-US-0023  -000,MEDIUM,098-US-0023  -000,17.759,0,0,0,0,0,0,0,0,0,0,0,0,0,1,Non-DAC,0,1,,
72968191,980100,2.02E+11,20231103,1756,,BYPASS,S,RD,KY1426,KY1426,0,098 KY-1426,KY1426,N,N,NULL,NULL,NULL,N,NULL,NULL,NULL,NULL,NULL,NULL,6.542,NULL,NULL,NULL,NULL,,NULL,1,0,2,2,N,N,35,NULL,98,9801,NULL,,Y,37.48223,-82.51378,N,NULL,NULL,NULL,NULL,NULL,NULL,NULL,NULL,1,3,2,6,1,1,2,2,1,3,N,NULL,Y,Y,1756,1758,1836,N,NULL,55,,0,N,,N,N,098-KY-1426-0,NULL,NULL,2023,C,7.3E+11,098-KY-1426  -000,HIGH,098-KY-1426  -000,6.542,0,0,0,0,0,0,1,0,0,0,0,0,0,1,DAC,0,1,,