MasterFile,AgencyORINumber,LocalCode,CollisionDate,CollisionTime,CollisionDayWeekCode,RoadwayName,RoadwayName_Direction_,RoadwayName_RoadwaySuffix_,RoadwayfromReport,CurrentRoadwayNumber,RoadwayNumberCoupletID,RSEUniqueGIS,RoadwayIdentifier,ParkingLotIndicator,IntersectionWith_Indicator_,IntersectionWith_NameRoadway_,IntersectionWith_Direction_,IntersectionWith_RoadwaySuffix_,BetweenStreets_Indicator_,BetweenStreets1_NameRoadway_,BetweenStreet1_Direction_,BetweenStreets1_RoadwaySuffix_,BetweenStreets2_NameRoadway_,BetweenStreets2_Direction_,BetweenStreets2_RoadwaySuffix_,Milepoint,ReportMilepointDeriveNumber,CurrentDerivedMiepointNumber,MilestoMilepoint,FeettoMilepoint,DirectionfromMilepoint_NSEW_,ValidMilepointIndicator,NumberInjured,NumberKilled,ofUnits,ofMotorVehicleUnits,Hit&RunIndicator,OneWayIndicator,SpeedLimitNumber,KilometersIndicator,CountyCode,CityCountyCode,MilesFromCity,DirectionFromCity_NSEW_,InCityLimitsIndicator,Latitude,Longitude,RampIndicator,RampFromIdentifier,RampFromDirCode,RampFromCoupletID,RSEUniqueGISRampFrom,RampToidentifier,RampToDirCode,RampToCoupletID,RSEUniqueGisRampTo,MannerofCollisionCode,LocationFirstEventCode,TotalLanes,RoadwayCharacterCode,RoadwaySurfaceCode,RoadwayConditionCode,WeatherCode,LightConditionCode,LandUseCode,SchoolBusRelatedCode,FirstAidSceneIndicator,CollDescPresentInd,InvestigationCompleteIndicator,PhotosTakenIndicator,TimeNotified,TimeArrived,TimeRoadwayOpened,PropertyDamageIndicator,DiagramPresentIndicator,DirectionalAnalysis,FunctionClassCode,NationalHwySysCode,EnforcementsIndicator,KARSCityCode,SecondaryCollisionIndicator,MedianCrossoverIndicator,RT_UNIQUE,MapIt,TimeLastLeft,YR,KABCO,MFNY,WorkingRID,RT_CONFIDENCE,KTC_RT,KTC_MP,Motorcyclist,Commercial Vehicle,Young Driver,Mature Driver,Pedestrian,Bicyclist,Distracted,Aggressive,Impaired,Unrestrained,Intersection,Roadway Departure,Median Cross-over,CityCrash,DACid,Intersection Crash,Segment Crash,Int_ID,CityIntersection
72841938,980100,2.02E+11,20221206,1418,,BAIRD,,AVE,KY1426,KY1426,0,098 KY-1426,KY1426,N,N,NULL,NULL,NULL,N,NULL,NULL,NULL,NULL,NULL,NULL,5.391,NULL,NULL,NULL,NULL,,NULL,0,0,2,2,N,N,35,NULL,98,9801,NULL,,Y,37.47334,-82.52711,N,NULL,NULL,NULL,NULL,NULL,NULL,NULL,NULL,1,3,2,6,1,5,6,2,1,3,N,NULL,Y,N,1418,1419,,N,NULL,55,,0,N,,N,N,098-KY-1426-0,NULL,NULL,2022,O,7.28E+11,098-KY-1426  -000,HIGH,098-KY-1426  -000,5.391,0,0,1,0,0,0,1,0,0,0,0,0,0,1,DAC,1,0,195-1174,1
72863438,980000,23-01-005,20230208,745,,US119,,,US0119,US0119,0,098 US-119-10,US0119,N,N,NULL,NULL,NULL,N,NULL,NULL,NULL,NULL,NULL,NULL,1.984,NULL,NULL,NULL,NULL,,NULL,0,0,2,2,N,N,15,NULL,98,9801,1,N,N,37.51248,-82.49979,N,NULL,NULL,NULL,NULL,NULL,NULL,NULL,NULL,5,3,2,4,1,5,3,1,8,3,N,NULL,Y,N,748,749,750,N,NULL,70,2,1,N,,N,N,098-US-0119-10,NULL,NULL,2023,O,7.29E+11,098-US-0119  -010,HIGH,098-US-0119  -000,1.977,0,0,0,0,0,0,1,0,0,0,0,0,0,1,Non-DAC,0,1,,
72754834,980100,2.02E+11,20220422,1224,,KY1426,,,KY1426,KY1426,0,098 KY-1426,KY1426,N,N,NULL,NULL,NULL,N,NULL,NULL,NULL,NULL,NULL,NULL,8.654,NULL,NULL,NULL,NULL,,NULL,0,0,2,2,N,N,55,NULL,98,9801,NULL,,Y,37.50047,-82.4902,N,NULL,NULL,NULL,NULL,NULL,NULL,NULL,NULL,5,3,2,5,1,1,2,2,1,3,N,NULL,Y,N,1224,1224,1305,N,NULL,70,,0,N,,Y,N,098-KY-1426-0,NULL,NULL,2022,O,7.28E+11,098-KY-1426  -000,HIGH,098-KY-1426  -000,8.654,0,0,1,0,0,0,0,0,0,0,0,0,0,1,Non-DAC,0,1,,
72837123,980100,2.02E+11,20221128,810,,KY1426,,,KY1426,KY1426,0,098 KY-1426,KY1426,N,N,NULL,NULL,NULL,N,NULL,NULL,NULL,NULL,NULL,NULL,8.194,NULL,NULL,NULL,NULL,,NULL,0,0,1,1,N,N,45,NULL,98,9801,NULL,,Y,37.49413,-82.4912,N,NULL,NULL,NULL,NULL,NULL,NULL,NULL,NULL,9,4,2,2,1,5,3,2,7,3,N,NULL,Y,N,810,813,845,N,NULL,44,,0,N,,N,N,098-KY-1426-0,NULL,NULL,2022,O,7.28E+11,098-KY-1426  -000,HIGH,098-KY-1426  -000,8.194,0,0,0,1,0,0,0,0,0,0,0,1,0,1,Non-DAC,0,1,,
72949875,980100,2.02E+11,20230923,1024,,CASSIDY,,BLVD,,,,,,N,N,NULL,NULL,NULL,N,NULL,NULL,NULL,NULL,NULL,NULL,0.323,NULL,NULL,NULL,NULL,,NULL,0,0,2,2,N,N,35,NULL,98,9801,NULL,,Y,37.50522,-82.53731,N,NULL,NULL,NULL,NULL,NULL,NULL,NULL,NULL,1,3,2,3,1,1,2,2,1,3,N,NULL,Y,N,1025,1034,1038,N,NULL,55,,,N,,N,N,,NULL,NULL,2023,O,7.29E+11,098-CS-1191  -000,MEDIUM,098-CS-1191  -000,0.323,0,0,1,0,0,0,1,1,0,0,0,0,0,1,Non-DAC,0,1,,
72802660,370200,2022-348453,20220908,644,,US23,,,US0023,US0023,0,098 US-23,US0023,N,N,NULL,NULL,NULL,N,NULL,NULL,NULL,NULL,NULL,NULL,20.395,NULL,NULL,NULL,NULL,,NULL,0,0,2,2,N,N,55,NULL,98,9801,NULL,,Y,37.44535,-82.51691,N,NULL,NULL,NULL,NULL,NULL,NULL,NULL,NULL,5,3,4,6,1,1,2,6,1,3,N,NULL,Y,N,644,644,735,N,NULL,49,,1,N,,N,N,098-US-0023-0,NULL,NULL,2022,O,7.28E+11,098-US-0023  -000,HIGH,098-US-0023  -000,20.395,0,0,0,0,0,0,0,0,0,0,0,0,0,1,Non-DAC,0,1,,
72887253,980100,2.02E+11,20230414,1723,,CASSIDY,,BLVD,,,0,098 CS-1191,CS1191,N,N,NULL,NULL,NULL,N,NULL,NULL,NULL,NULL,NULL,NULL,0.261,NULL,NULL,NULL,NULL,,NULL,0,0,2,2,N,N,35,NULL,98,9801,NULL,,Y,37.50463,-82.53613,N,NULL,NULL,NULL,NULL,NULL,NULL,NULL,NULL,1,3,3,6,1,5,3,2,7,3,N,NULL,Y,N,1723,1741,1741,N,NULL,55,,,N,,N,N,098-CS-1191-0,NULL,NULL,2023,O,7.29E+11,098-CS-1191  -000,HIGH,098-CS-1191  -000,0.244,0,0,0,0,0,0,0,1,0,0,0,0,0,1,Non-DAC,0,1,,
72920307,980100,2.02E+11,20230708,1957,,CASSIDY,,BLVD,,,,,,N,N,NULL,NULL,NULL,N,NULL,NULL,NULL,NULL,NULL,NULL,0.023,NULL,NULL,NULL,NULL,,NULL,0,0,2,2,N,N,35,NULL,98,9801,NULL,,Y,37.50372,-82.53254,N,NULL,NULL,NULL,NULL,NULL,NULL,NULL,NULL,5,3,5,6,1,1,2,2,1,3,N,NULL,Y,N,1957,2005,,N,NULL,70,,,Y,,N,N,,NULL,NULL,2023,O,7.29E+11,098-CS-1191  -000,HIGH,098-CS-1191  -000,0.023,0,0,0,0,0,0,1,0,1,0,0,0,0,1,Non-DAC,1,0,195-0861,1
72860792,980100,2.02E+11,20230127,2229,,HAMBLEY,,BLVD,,,0,098 CS-1222,CS1222,N,N,NULL,NULL,NULL,N,NULL,NULL,NULL,NULL,NULL,NULL,1.274,NULL,NULL,NULL,NULL,,NULL,0,0,3,3,N,N,35,NULL,98,9801,NULL,,Y,37.48514,-82.52657,N,NULL,NULL,NULL,NULL,NULL,NULL,NULL,NULL,7,5,2,6,1,1,2,5,6,3,N,NULL,Y,N,2229,2234,2234,N,NULL,47,,,N,,N,N,098-CS-1222-0,NULL,NULL,2023,O,7.29E+11,098-CS-1222  -000,HIGH,098-CS-1222  -000,1.275,0,0,0,0,0,0,0,0,0,0,0,0,0,1,DAC,0,1,,
72826437,KSP0900,22-428199,20221107,851,,US23,,,US0023,US0023,0,098 US-23,US0023,N,N,NULL,NULL,NULL,N,NULL,NULL,NULL,NULL,NULL,NULL,22.438,NULL,NULL,NULL,NULL,,NULL,0,0,2,2,N,N,55,NULL,98,9801,NULL,,Y,37.46323,-82.51788,N,NULL,NULL,NULL,NULL,NULL,NULL,NULL,NULL,4,3,4,6,1,5,2,2,7,3,N,NULL,Y,N,851,851,916,N,NULL,70,,1,N,,N,N,098-US-0023-0,NULL,NULL,2022,O,7.28E+11,098-US-0023  -000,HIGH,098-US-0023  -000,22.438,0,0,1,0,0,0,0,1,0,0,0,0,0,1,Non-DAC,1,0,195-1232,1
72827329,980100,2.02E+11,20221109,1424,,CASSIDY,,BLVD,,,0,098 CS-1191,CS1191,N,N,NULL,NULL,NULL,N,NULL,NULL,NULL,NULL,NULL,NULL,0.305,NULL,NULL,NULL,NULL,,NULL,0,0,2,2,N,N,35,NULL,98,9801,NULL,,Y,37.50514,-82.53692,N,NULL,NULL,NULL,NULL,NULL,NULL,NULL,NULL,8,3,3,6,1,1,2,2,7,3,N,NULL,Y,N,1426,1432,1432,N,NULL,53,,,N,,N,N,098-CS-1191-0,NULL,NULL,2022,O,7.28E+11,098-CS-1191  -000,HIGH,098-CS-1191  -000,0.305,0,0,0,0,0,0,1,0,0,0,0,1,0,1,Non-DAC,0,1,,
72937169,980100,2.02E+11,20230818,1403,,CASSIDY,,BLVD,,,0,098 CS-1191,CS1191,N,N,NULL,NULL,NULL,N,NULL,NULL,NULL,NULL,NULL,NULL,0.261,NULL,NULL,NULL,NULL,,NULL,0,0,2,2,N,N,25,NULL,98,9801,NULL,,Y,37.50463,-82.53611,N,NULL,NULL,NULL,NULL,NULL,NULL,NULL,NULL,1,3,4,6,1,1,2,2,1,3,N,NULL,Y,N,1403,1405,1407,N,NULL,55,,,N,,N,N,098-CS-1191-0,NULL,NULL,2023,O,7.29E+11,098-CS-1191  -000,HIGH,098-CS-1191  -000,0.244,0,0,0,0,0,0,1,0,0,0,0,0,0,1,Non-DAC,0,1,,
72874511,980100,2.02E+11,20230309,430,,SMITH,,ST,,,0,098 CS-1163,CS1163,N,N,NULL,NULL,NULL,N,NULL,NULL,NULL,NULL,NULL,NULL,0.018,NULL,NULL,NULL,NULL,,NULL,0,0,1,1,N,N,15,NULL,98,9801,NULL,,Y,37.48323,-82.52161,N,NULL,NULL,NULL,NULL,NULL,NULL,NULL,NULL,9,3,2,4,1,1,2,5,6,3,N,NULL,Y,N,852,858,858,Y,NULL,40,,,N,,N,N,098-CS-1163-0,NULL,NULL,2023,O,7.29E+11,098-CS-1163  -000,HIGH,098-CS-1163  -000,0.017,0,0,0,0,0,0,0,0,0,0,0,1,0,1,DAC,1,0,195-1022,1
72949339,980100,2.02E+11,20230920,1653,,JOHNSON,,ST,,,0,098 CS-1007,CS1007,N,N,NULL,NULL,NULL,N,NULL,NULL,NULL,NULL,NULL,NULL,0.194,NULL,NULL,NULL,NULL,,NULL,0,0,2,2,N,N,15,NULL,98,9801,NULL,,Y,37.44342,-82.52428,N,NULL,NULL,NULL,NULL,NULL,NULL,NULL,NULL,1,3,2,6,1,1,2,2,6,3,N,NULL,Y,N,1655,1702,1710,N,NULL,55,,,N,,N,N,098-CS-1007-0,NULL,NULL,2023,O,7.29E+11,098-CS-1007  -000,HIGH,098-CS-1007  -000,0.07,0,0,0,0,0,0,1,0,0,0,0,0,0,1,Non-DAC,1,0,195-1297,1
72854451,980100,2.02E+11,20230115,1042,,CASSIDY,,BLVD,,,0,098 CS-1191,CS1191,N,N,NULL,NULL,NULL,N,NULL,NULL,NULL,NULL,NULL,NULL,0.231,NULL,NULL,NULL,NULL,,NULL,0,0,2,2,N,N,25,NULL,98,9801,NULL,,Y,37.50433,-82.53567,N,NULL,NULL,NULL,NULL,NULL,NULL,NULL,NULL,1,3,4,6,1,1,3,2,1,3,N,NULL,N,N,1042,1052,1056,N,NULL,55,,,N,,N,N,098-CS-1191-0,NULL,NULL,2023,O,7.29E+11,098-CS-1191  -000,HIGH,098-CS-1191  -000,0.212,0,0,0,0,0,0,1,1,0,0,0,0,0,1,Non-DAC,0,1,,
72959254,980100,2.02E+11,20231011,622,,,,,US0023,US0023,,,,N,N,NULL,NULL,NULL,N,NULL,NULL,NULL,NULL,NULL,NULL,0.015,NULL,NULL,NULL,NULL,NULL,NULL,0,0,1,1,N,N,55,NULL,98,9801,NULL,,Y,37.43658,-82.51073,Y,US0460,E,NULL,098 US-23-422,US0023,N,NULL,098 US-23-422,9,3,4,5,1,5,2,6,7,3,N,NULL,Y,N,622,626,,Y,NULL,72,,1,N,,N,N,,NULL,NULL,2023,O,7.3E+11,098-US-0023  -422,MEDIUM,098-US-0023  -422,0.014,0,0,0,0,0,0,1,0,0,0,0,1,0,1,Non-DAC,1,0,195-2087,1
72890659,980100,2.02E+11,20230326,1230,,WELLS,,ALY,,,,,,N,N,NULL,NULL,NULL,N,NULL,NULL,NULL,NULL,NULL,NULL,0.005,NULL,NULL,NULL,NULL,,NULL,0,0,2,2,N,N,10,NULL,98,9801,NULL,,Y,37.48138,-82.51608,N,NULL,NULL,NULL,NULL,NULL,NULL,NULL,NULL,5,3,1,6,1,1,2,2,6,3,N,NULL,Y,N,1220,1224,1329,Y,NULL,47,,,Y,,N,N,,NULL,NULL,2023,O,7.29E+11,098-CS-1122  -000,HIGH,098-CS-1122  -000,0.005,0,0,0,0,0,0,0,0,1,1,0,1,0,1,DAC,1,0,195-1067,1
72810260,980100,2.02E+11,20220919,1549,,HAMBLEY,,BLVD,,,0,098 CS-1222,CS1222,N,N,NULL,NULL,NULL,N,NULL,NULL,NULL,NULL,NULL,NULL,1.711,NULL,NULL,NULL,NULL,,NULL,0,0,2,2,N,N,35,NULL,98,9801,NULL,,Y,37.48166,-82.53331,N,NULL,NULL,NULL,NULL,NULL,NULL,NULL,NULL,1,3,2,6,1,1,2,2,1,3,N,NULL,Y,N,1549,1603,1615,N,NULL,55,,,N,,N,N,098-CS-1222-0,NULL,NULL,2022,O,7.28E+11,098-CS-1222  -000,HIGH,098-CS-1222  -000,1.711,0,0,1,0,0,0,1,1,0,0,0,0,0,1,DAC,1,0,195-1064,1
72995234,980100,2.02E+11,20231231,1711,,US23,,,US0023,US0023,0,098 US-23,US0023,N,N,NULL,NULL,NULL,N,NULL,NULL,NULL,NULL,NULL,NULL,,NULL,NULL,NULL,NULL,NULL,NULL,0,0,1,1,N,N,55,NULL,98,9801,NULL,,Y,37.44999,-82.50951,N,NULL,NULL,NULL,NULL,NULL,NULL,NULL,NULL,9,3,4,3,1,5,3,3,7,3,N,NULL,Y,N,1711,1717,1743,N,NULL,70,,1,N,,N,N,098-US-0023-0,NULL,NULL,2023,O,7.3E+11,098-US-0023  -000,HIGH,098-US-0023  -000,19.788,0,0,0,0,0,0,0,0,0,0,0,0,0,1,Non-DAC,0,1,,
72946693,980100,2.02E+11,20230914,1820,,US23,,,US0023,US0023,0,098 US-23,US0023,N,N,NULL,NULL,NULL,N,NULL,NULL,NULL,NULL,NULL,NULL,27.225,NULL,NULL,NULL,NULL,,NULL,0,0,2,2,N,N,45,NULL,98,9801,NULL,,Y,37.5105,-82.54575,N,NULL,NULL,NULL,NULL,NULL,NULL,NULL,NULL,8,3,4,6,1,1,2,2,7,3,N,NULL,Y,N,1820,1833,1841,N,NULL,53,,1,N,,N,N,098-US-0023-0,NULL,NULL,2023,O,7.29E+11,098-US-0023  -000,HIGH,098-US-0023  -000,27.204,0,0,0,1,0,0,1,0,0,0,0,1,0,1,Non-DAC,0,1,,
72801888,980100,2.02E+11,20220829,1719,,US23,,,US0023,US0023,,,,N,Y,KEYSER HEIGHTS,,DR,N,NULL,NULL,NULL,NULL,NULL,NULL,25.418,NULL,NULL,NULL,NULL,,NULL,0,0,2,2,N,Y,45,NULL,98,9801,NULL,,Y,37.49225,-82.53463,N,NULL,NULL,NULL,NULL,NULL,NULL,NULL,NULL,1,3,4,6,1,1,2,2,7,3,N,NULL,Y,N,1719,1721,,N,NULL,10,,1,N,,N,N,,NULL,NULL,2022,O,7.28E+11,098-US-0023  -000,MEDIUM,098-US-0023  -000,25.418,0,0,0,0,0,0,0,0,0,0,1,0,0,1,Non-DAC,0,1,,
72820359,980100,2.02E+11,20221024,1651,,TOWN MOUNTAIN,,RD,KY1426,KY1426,0,098 KY-1426,KY1426,N,N,NULL,NULL,NULL,N,NULL,NULL,NULL,NULL,NULL,NULL,8.654,NULL,NULL,NULL,NULL,,NULL,0,0,2,2,N,N,55,NULL,98,9801,NULL,,Y,37.50051,-82.4902,N,NULL,NULL,NULL,NULL,NULL,NULL,NULL,NULL,3,4,2,5,1,1,2,2,1,3,N,NULL,Y,Y,1651,1654,1707,Y,NULL,40,,0,N,,N,Y,098-KY-1426-0,NULL,NULL,2022,O,7.28E+11,098-KY-1426  -000,HIGH,098-KY-1426  -000,8.654,0,1,0,1,0,0,0,0,0,0,0,1,0,1,Non-DAC,0,1,,
72860108,980100,2.02E+11,20230130,809,,HAMBLEY,,BLVD,,,0,098 CS-1222,CS1222,N,N,NULL,NULL,NULL,N,NULL,NULL,NULL,NULL,NULL,NULL,1.64,NULL,NULL,NULL,NULL,,NULL,0,0,1,1,N,N,35,NULL,98,9801,NULL,,Y,37.48227,-82.53239,N,NULL,NULL,NULL,NULL,NULL,NULL,NULL,NULL,9,3,2,6,1,5,6,2,7,3,N,NULL,Y,N,809,813,849,N,NULL,38,,,N,,N,N,098-CS-1222-0,NULL,NULL,2023,O,7.29E+11,098-CS-1222  -000,HIGH,098-CS-1222  -000,1.651,0,0,0,1,0,0,0,0,0,0,0,0,0,1,DAC,1,0,195-1055,1
72920383,980100,2.02E+11,20230621,1413,,US23,,,US0023,US0023,0,098 US-23,US0023,N,N,NULL,NULL,NULL,N,NULL,NULL,NULL,NULL,NULL,NULL,19.423,NULL,NULL,NULL,NULL,,NULL,0,0,2,2,N,N,55,NULL,98,9801,NULL,,Y,37.44635,-82.50477,N,NULL,NULL,NULL,NULL,NULL,NULL,NULL,NULL,2,97,4,6,1,1,2,2,1,3,N,NULL,Y,N,1417,1417,,N,NULL,47,,1,N,,N,N,098-US-0023-0,NULL,NULL,2023,O,7.29E+11,098-US-0023  -000,HIGH,098-US-0023  -000,19.367,0,0,0,0,0,0,1,0,0,0,0,0,0,1,Non-DAC,0,1,,
72987333,980100,2.02E+11,20231213,1539,,US23,,,US0023,US0023,0,098 US-23-10,US0023,N,N,NULL,NULL,NULL,N,NULL,NULL,NULL,NULL,NULL,NULL,22.291,NULL,NULL,NULL,NULL,,NULL,0,0,2,2,N,N,55,NULL,98,9801,NULL,,Y,37.46135,-82.51697,N,NULL,NULL,NULL,NULL,NULL,NULL,NULL,NULL,1,3,4,6,1,1,3,2,7,3,N,NULL,Y,N,1540,1542,1603,N,NULL,55,,1,N,,N,N,098-US-0023-10,NULL,NULL,2023,O,7.3E+11,098-US-0023  -010,HIGH,098-US-0023  -000,22.224,0,0,0,1,0,0,1,1,0,0,0,0,0,1,Non-DAC,1,0,195-1243,1
72829697,370200,2022431540,20221109,1523,,US119,,,US0119,US0119,0,098 US-119-10,US0119,N,N,NULL,NULL,NULL,N,NULL,NULL,NULL,NULL,NULL,NULL,1.988,NULL,NULL,NULL,NULL,,NULL,0,0,2,2,Y,N,55,NULL,98,9801,NULL,,Y,37.51249,-82.49988,N,NULL,NULL,NULL,NULL,NULL,NULL,NULL,NULL,8,3,2,4,1,1,2,2,8,3,N,NULL,Y,N,1528,1530,1530,N,NULL,53,2,1,N,,N,N,098-US-0119-10,NULL,NULL,2022,O,7.28E+11,098-US-0119  -010,HIGH,098-US-0119  -000,1.988,0,0,0,0,0,0,0,0,0,0,0,1,0,1,Non-DAC,0,1,,
72972165,980100,2.02E+11,20231107,1530,,COLLEGE,S,ST,,,,,,N,N,NULL,NULL,NULL,N,NULL,NULL,NULL,NULL,NULL,NULL,,NULL,NULL,NULL,NULL,NULL,NULL,0,0,2,2,Y,N,15,NULL,98,9801,NULL,,Y,37.47598,-82.52306,N,NULL,NULL,NULL,NULL,NULL,NULL,NULL,NULL,8,3,1,6,2,1,2,2,6,3,N,NULL,Y,N,1530,1530,,N,NULL,47,,,N,,N,N,,NULL,NULL,2023,O,7.3E+11,098-CS-1152  -000,MEDIUM,098-CS-1152  -000,0.031,0,0,0,0,0,0,0,0,0,0,0,0,0,1,DAC,0,1,,
72759520,KSP0900,22-168598,20220507,1624,,US23,,,US0023,US0023,0,098 US-23,US0023,N,N,NULL,NULL,NULL,N,NULL,NULL,NULL,NULL,NULL,NULL,26.039,NULL,NULL,NULL,NULL,,NULL,0,0,3,3,N,N,55,NULL,98,9801,NULL,,Y,37.50019,-82.53161,N,NULL,NULL,NULL,NULL,NULL,NULL,NULL,NULL,5,3,4,6,1,5,6,2,7,3,N,NULL,Y,N,1624,1624,1624,N,NULL,70,,1,N,,N,N,098-US-0023-0,NULL,NULL,2022,O,7.28E+11,098-US-0023  -000,HIGH,098-US-0023  -000,26.039,0,0,0,1,0,0,1,0,0,0,0,0,0,1,Non-DAC,0,1,,
72842337,980100,2.02E+11,20221207,1719,,US23,,,US0023,US0023,,,,N,N,NULL,NULL,NULL,N,NULL,NULL,NULL,NULL,NULL,NULL,20.162,NULL,NULL,NULL,NULL,,NULL,0,0,1,1,N,N,55,NULL,98,9801,NULL,,Y,37.44775,-82.51426,N,NULL,NULL,NULL,NULL,NULL,NULL,NULL,NULL,9,3,4,6,1,5,3,3,2,3,N,NULL,Y,N,1720,1728,1757,N,NULL,70,,1,N,,N,N,,NULL,NULL,2022,O,7.28E+11,098-US-0023  -010,MEDIUM,098-US-0023  -000,20.162,0,0,0,0,0,0,0,0,0,0,0,0,0,1,Non-DAC,0,1,,
72972501,980100,2.02E+11,20231106,1017,,CASSIDY,,BLVD,,,0,098 CS-1191,CS1191,N,N,NULL,NULL,NULL,N,NULL,NULL,NULL,NULL,NULL,NULL,0.276,NULL,NULL,NULL,NULL,,NULL,0,0,2,2,N,N,15,NULL,98,9801,NULL,,Y,37.5048,-82.53637,N,NULL,NULL,NULL,NULL,NULL,NULL,NULL,NULL,5,97,2,3,1,1,2,2,1,3,N,NULL,Y,N,1018,1025,,N,NULL,49,,,N,,N,N,098-CS-1191-0,NULL,NULL,2023,O,7.3E+11,098-CS-1191  -000,HIGH,098-CS-1191  -000,0.262,0,0,1,0,0,0,1,0,0,0,0,0,0,1,Non-DAC,0,1,,
72890101,980100,2.02E+11,20230421,815,,HAMBLEY,,BLVD,,,0,098 CS-1222,CS1222,N,N,NULL,NULL,NULL,N,NULL,NULL,NULL,NULL,NULL,NULL,0.457,NULL,NULL,NULL,NULL,,NULL,0,0,2,2,N,N,25,NULL,98,9801,NULL,,Y,37.47793,-82.52084,N,NULL,NULL,NULL,NULL,NULL,NULL,NULL,NULL,8,3,3,6,1,1,2,2,1,3,N,NULL,Y,N,815,920,921,N,NULL,47,,,Y,,N,N,098-CS-1222-0,NULL,NULL,2023,O,7.29E+11,098-CS-1222  -000,HIGH,098-CS-1222  -000,0.458,0,0,0,0,0,0,0,0,0,0,0,0,0,1,DAC,0,1,,
72966821,980100,2.02E+11,20231022,115,,US460,,,US0460,US0460,0,098 US-460,US0460,N,N,NULL,NULL,NULL,N,NULL,NULL,NULL,NULL,NULL,NULL,0.163,NULL,NULL,NULL,NULL,,NULL,2,0,1,1,N,N,55,NULL,98,9801,NULL,,Y,37.44005,-82.50894,N,NULL,NULL,NULL,NULL,NULL,NULL,NULL,NULL,9,3,2,3,1,1,3,5,7,3,Y,NULL,Y,N,115,127,,Y,NULL,70,,1,Y,,N,N,098-US-0460-0,NULL,NULL,2023,A,7.3E+11,098-US-0460  -000,HIGH,098-US-0460  -000,0.172,0,0,0,0,0,0,0,0,1,0,0,1,0,1,Non-DAC,0,1,,
72808283,980100,2.02E+11,20220922,808,,BAILEY,,BLVD,,,,,,N,N,NULL,NULL,NULL,N,NULL,NULL,NULL,NULL,NULL,NULL,,NULL,NULL,NULL,NULL,,NULL,0,0,2,2,N,N,15,NULL,98,9801,NULL,,Y,37.47742,-82.5126,N,NULL,NULL,NULL,NULL,NULL,NULL,NULL,NULL,5,3,2,6,1,5,3,2,7,3,N,NULL,Y,N,808,811,811,N,NULL,49,,,N,,N,N,,NULL,NULL,2022,O,7.28E+11,098-CS-1262  -000,MEDIUM,098-CS-1262  -000,0.21,0,0,0,1,0,0,0,0,0,0,0,0,0,1,Non-DAC,0,1,,
72957840,980100,2.02E+11,20230928,,,BYPASS,S,RD,KY1426,KY1426,,,,N,N,NULL,NULL,NULL,N,NULL,NULL,NULL,NULL,NULL,NULL,5.533,NULL,NULL,NULL,NULL,,NULL,0,0,2,2,Y,N,45,NULL,98,9801,NULL,,Y,37.47239,-82.52567,N,NULL,NULL,NULL,NULL,NULL,NULL,NULL,NULL,4,3,2,6,1,1,2,2,1,3,N,NULL,Y,N,1639,1644,1737,N,NULL,70,,0,N,,N,N,,NULL,NULL,2023,O,7.3E+11,098-KY-1426  -000,MEDIUM,098-KY-1426  -000,5.533,1,0,0,0,0,0,0,0,0,0,0,0,0,1,DAC,0,1,,
72904048,980100,2.02E+11,20230527,2039,,THOMPSON,,RD,,,0,098 CS-1215,CS1215,N,N,NULL,NULL,NULL,N,NULL,NULL,NULL,NULL,NULL,NULL,0.739,NULL,NULL,NULL,NULL,,NULL,0,0,1,1,N,N,35,NULL,98,9801,NULL,,Y,37.50456,-82.53976,N,NULL,NULL,NULL,NULL,NULL,NULL,NULL,NULL,9,3,2,6,1,5,6,3,1,3,N,NULL,Y,N,2039,2058,,N,NULL,38,,,N,,N,N,098-CS-1215-0,NULL,NULL,2023,O,7.29E+11,098-CS-1215  -000,HIGH,098-CS-1215  -000,0.749,0,0,0,0,0,0,0,0,0,0,0,0,0,1,Non-DAC,0,1,,
72902741,980100,2.02E+11,20230523,1340,,CASSIDY,,BLVD,,,0,098 CS-1191,CS1191,N,N,NULL,NULL,NULL,N,NULL,NULL,NULL,NULL,NULL,NULL,0.051,NULL,NULL,NULL,NULL,,NULL,0,0,2,2,N,N,15,NULL,98,9801,NULL,,Y,37.50368,-82.53298,N,NULL,NULL,NULL,NULL,NULL,NULL,NULL,NULL,1,3,2,6,1,1,2,2,1,3,N,NULL,Y,N,1340,1346,1347,N,NULL,55,,,N,,N,N,098-CS-1191-0,NULL,NULL,2023,O,7.29E+11,098-CS-1191  -000,HIGH,098-CS-1191  -000,0.048,0,0,0,1,0,0,0,0,0,0,0,0,0,1,Non-DAC,1,0,195-0861,1
72941633,980100,2.02E+11,20230902,2120,,US23,,,US0023,US0023,0,098 US-23-10,US0023,N,N,NULL,NULL,NULL,N,NULL,NULL,NULL,NULL,NULL,NULL,18.561,NULL,NULL,NULL,NULL,,NULL,1,0,3,3,Y,N,55,NULL,98,9801,NULL,,Y,37.43639,-82.5118,N,NULL,NULL,NULL,NULL,NULL,NULL,NULL,NULL,5,3,4,6,1,1,2,6,7,3,Y,NULL,N,Y,2120,2126,2218,N,NULL,47,,1,N,,N,N,098-US-0023-10,NULL,NULL,2023,C,7.29E+11,098-US-0023  -010,HIGH,098-US-0023  -000,18.549,0,0,1,0,0,0,1,0,0,0,0,1,0,1,Non-DAC,0,1,,