MasterFile,AgencyORINumber,LocalCode,CollisionDate,CollisionTime,CollisionDayWeekCode,RoadwayName,RoadwayName_Direction_,RoadwayName_RoadwaySuffix_,RoadwayfromReport,CurrentRoadwayNumber,RoadwayNumberCoupletID,RSEUniqueGIS,RoadwayIdentifier,ParkingLotIndicator,IntersectionWith_Indicator_,IntersectionWith_NameRoadway_,IntersectionWith_Direction_,IntersectionWith_RoadwaySuffix_,BetweenStreets_Indicator_,BetweenStreets1_NameRoadway_,BetweenStreet1_Direction_,BetweenStreets1_RoadwaySuffix_,BetweenStreets2_NameRoadway_,BetweenStreets2_Direction_,BetweenStreets2_RoadwaySuffix_,Milepoint,ReportMilepointDeriveNumber,CurrentDerivedMiepointNumber,MilestoMilepoint,FeettoMilepoint,DirectionfromMilepoint_NSEW_,ValidMilepointIndicator,NumberInjured,NumberKilled,ofUnits,ofMotorVehicleUnits,Hit&RunIndicator,OneWayIndicator,SpeedLimitNumber,KilometersIndicator,CountyCode,CityCountyCode,MilesFromCity,DirectionFromCity_NSEW_,InCityLimitsIndicator,Latitude,Longitude,RampIndicator,RampFromIdentifier,RampFromDirCode,RampFromCoupletID,RSEUniqueGISRampFrom,RampToidentifier,RampToDirCode,RampToCoupletID,RSEUniqueGisRampTo,MannerofCollisionCode,LocationFirstEventCode,TotalLanes,RoadwayCharacterCode,RoadwaySurfaceCode,RoadwayConditionCode,WeatherCode,LightConditionCode,LandUseCode,SchoolBusRelatedCode,FirstAidSceneIndicator,CollDescPresentInd,InvestigationCompleteIndicator,PhotosTakenIndicator,TimeNotified,TimeArrived,TimeRoadwayOpened,PropertyDamageIndicator,DiagramPresentIndicator,DirectionalAnalysis,FunctionClassCode,NationalHwySysCode,EnforcementsIndicator,KARSCityCode,SecondaryCollisionIndicator,MedianCrossoverIndicator,RT_UNIQUE,MapIt,TimeLastLeft,YR,KABCO,MFNY,WorkingRID,RT_CONFIDENCE,KTC_RT,KTC_MP,Motorcyclist,Commercial Vehicle,Young Driver,Mature Driver,Pedestrian,Bicyclist,Distracted,Aggressive,Impaired,Unrestrained,Intersection,Roadway Departure,Median Cross-over,CityCrash,DACid,Intersection Crash,Segment Crash,Int_ID,CityIntersection
72935079,980100,2.02E+11,20230817,817,,US23,,,US0023,US0023,,,,N,N,NULL,NULL,NULL,N,NULL,NULL,NULL,NULL,NULL,NULL,31.514,NULL,NULL,NULL,NULL,,NULL,0,0,1,1,N,N,55,NULL,98,9801,NULL,,Y,37.53662,-82.60005,N,NULL,NULL,NULL,NULL,NULL,NULL,NULL,NULL,9,3,4,6,1,1,10,2,1,3,N,NULL,Y,N,817,828,828,N,NULL,38,,1,N,,N,N,,NULL,NULL,2023,O,7.29E+11,098-US-0023  -000,MEDIUM,098-US-0023  -000,31.493,0,0,0,0,0,0,0,0,0,0,0,0,0,1,Non-DAC,0,1,,
72992212,980100,2.02E+11,20231223,1659,,CASSIDY,,BLVD,,,0,098 CS-1191,CS1191,N,N,NULL,NULL,NULL,N,NULL,NULL,NULL,NULL,NULL,NULL,0.181,NULL,NULL,NULL,NULL,,NULL,0,0,2,2,N,N,25,NULL,98,9801,NULL,,Y,37.50386,-82.53497,N,NULL,NULL,NULL,NULL,NULL,NULL,NULL,NULL,1,3,4,3,1,1,2,2,1,3,N,NULL,Y,N,1659,1707,1707,N,NULL,55,,,N,,N,N,098-CS-1191-0,NULL,NULL,2023,O,7.3E+11,098-CS-1191  -000,HIGH,098-CS-1191  -000,0.161,0,0,0,0,0,0,1,0,0,0,0,0,0,1,Non-DAC,0,1,,
72877734,980100,2.02E+11,20230320,1330,,US23,,,US0023,US0023,,,,N,N,NULL,NULL,NULL,N,NULL,NULL,NULL,NULL,NULL,NULL,26.161,NULL,NULL,NULL,NULL,,NULL,0,0,2,2,N,N,55,NULL,98,9801,NULL,,Y,37.50192,-82.53191,N,NULL,NULL,NULL,NULL,NULL,NULL,NULL,NULL,5,3,4,6,1,1,2,2,7,3,N,NULL,Y,N,1332,1332,,N,NULL,70,,1,N,,N,N,,NULL,NULL,2023,O,7.29E+11,098-US-0023  -000,MEDIUM,098-US-0023  -000,26.099,0,0,0,0,0,0,1,0,0,0,0,0,0,1,Non-DAC,0,1,,
72863908,980100,2.02E+11,20230209,900,,CEDAR CREEK,,RD,,,0,098 CS-1036,CS1036,N,N,NULL,NULL,NULL,N,NULL,NULL,NULL,NULL,NULL,NULL,,NULL,NULL,NULL,NULL,NULL,NULL,0,0,1,1,Y,N,35,NULL,98,9801,NULL,,Y,37.47476,-82.55255,N,NULL,NULL,NULL,NULL,NULL,NULL,NULL,NULL,9,5,2,6,1,1,2,2,6,3,N,NULL,Y,N,900,905,905,Y,NULL,40,,,N,,N,N,098-CS-1036-0,NULL,NULL,2023,O,7.29E+11,098-CS-1036  -000,HIGH,098-CS-1036  -000,0.092,0,0,0,0,0,0,0,0,0,0,0,1,0,1,Non-DAC,0,1,,
72887083,KSP0900,23-136115,20230410,1613,,KY3417,,,KY3417,KY3417,0,098 KY-3417,KY3417,N,N,NULL,NULL,NULL,N,NULL,NULL,NULL,NULL,NULL,NULL,0.235,NULL,NULL,NULL,NULL,,NULL,1,0,3,3,N,N,55,NULL,98,9801,5,S,N,37.46489,-82.55933,N,NULL,NULL,NULL,NULL,NULL,NULL,NULL,NULL,1,5,2,6,1,1,2,2,7,3,Y,NULL,Y,Y,1613,1620,1913,Y,NULL,47,8,0,Y,,N,N,098-KY-3417-0,NULL,NULL,2023,A,7.29E+11,098-KY-3417  -000,HIGH,098-KY-3417  -000,0.239,0,0,0,1,0,0,0,0,1,1,0,1,0,1,Non-DAC,0,1,,
72743997,980100,2.02E+11,20220318,1548,,BYPASS,S,RD,KY1426,KY1426,0,098 KY-1426,KY1426,N,Y,COMBS,,AVE,N,NULL,NULL,NULL,NULL,NULL,NULL,6.472,NULL,NULL,NULL,NULL,,NULL,0,0,2,2,N,N,35,NULL,98,9801,NULL,,Y,37.48168,-82.51417,N,NULL,NULL,NULL,NULL,NULL,NULL,NULL,NULL,3,3,2,6,1,1,2,2,7,3,N,NULL,Y,N,1548,1551,1601,N,NULL,52,,0,N,,N,N,098-KY-1426-0,NULL,NULL,2022,O,7.27E+11,098-KY-1426  -000,HIGH,098-KY-1426  -000,6.472,0,0,0,0,0,0,0,0,0,0,1,0,0,1,DAC,1,0,195-1056,1
72965684,980100,2.02E+11,20231024,2011,,WILLOW,,ST,,,0,098 CS-1161,CS1161,N,N,NULL,NULL,NULL,N,NULL,NULL,NULL,NULL,NULL,NULL,0.033,NULL,NULL,NULL,NULL,,NULL,0,0,2,2,N,N,15,NULL,98,9801,NULL,,Y,37.48089,-82.52206,N,NULL,NULL,NULL,NULL,NULL,NULL,NULL,NULL,2,3,2,4,1,1,3,6,6,3,N,NULL,Y,N,2011,2014,,N,NULL,56,,,N,,N,N,098-CS-1161-0,NULL,NULL,2023,O,7.3E+11,098-CS-1161  -000,HIGH,098-CS-1161  -000,0.033,0,0,1,0,0,0,0,0,0,0,0,0,0,1,DAC,1,0,195-1074,1
72947901,980100,2.02E+11,20230914,1335,,US23,,,US0023,US0023,0,098 US-23,US0023,N,N,NULL,NULL,NULL,N,NULL,NULL,NULL,NULL,NULL,NULL,25.889,NULL,NULL,NULL,NULL,,NULL,0,0,2,2,Y,N,55,NULL,98,9801,NULL,,Y,37.49807,-82.53109,N,NULL,NULL,NULL,NULL,NULL,NULL,NULL,NULL,8,3,4,6,1,1,2,2,7,3,N,NULL,Y,N,1335,1340,1340,N,NULL,53,,1,N,,N,N,098-US-0023-0,NULL,NULL,2023,O,7.29E+11,098-US-0023  -000,HIGH,098-US-0023  -000,25.828,0,0,1,0,0,0,0,0,0,0,0,1,0,1,Non-DAC,0,1,,
72822900,980100,2.02E+11,20221024,1256,,TOWN MOUNTAIN,,RD,,,,,,N,N,NULL,NULL,NULL,N,NULL,NULL,NULL,NULL,NULL,NULL,,NULL,NULL,NULL,NULL,NULL,NULL,2,0,2,2,N,N,45,NULL,98,9801,NULL,,Y,37.4862,-82.50911,N,NULL,NULL,NULL,NULL,NULL,NULL,NULL,NULL,5,3,2,6,1,1,2,2,1,3,Y,NULL,Y,Y,1256,1300,1331,N,NULL,49,,,N,,N,N,,NULL,NULL,2022,C,7.28E+11,098-KY-1426  -000,MEDIUM,098-KY-1426  -000,6.923,0,0,0,0,0,0,1,0,0,0,0,0,0,1,Non-DAC,1,0,195-0950,1
72902089,980100,2.02E+11,20230516,1239,,COMBS,,AVE,,,,,,N,N,NULL,NULL,NULL,N,NULL,NULL,NULL,NULL,NULL,NULL,0.005,NULL,NULL,NULL,NULL,,NULL,0,0,2,2,N,N,15,NULL,98,9801,NULL,,Y,37.48168,-82.51421,N,NULL,NULL,NULL,NULL,NULL,NULL,NULL,NULL,5,3,2,6,2,1,2,2,7,3,N,NULL,Y,N,1239,1251,,N,NULL,49,,,N,,N,N,,NULL,NULL,2023,O,7.29E+11,098-CS-1115  -000,MEDIUM,098-CS-1115  -000,0.004,0,0,0,0,0,0,1,1,0,0,0,0,0,1,DAC,1,0,195-1056,1
72921935,980100,2.02E+11,20230713,1429,,KY3417,,,KY3417,KY3417,0,098 KY-3417,KY3417,N,N,NULL,NULL,NULL,N,NULL,NULL,NULL,NULL,NULL,NULL,0.374,NULL,NULL,NULL,NULL,,NULL,0,0,2,2,N,N,35,NULL,98,9801,NULL,,Y,37.46672,-82.5583,N,NULL,NULL,NULL,NULL,NULL,NULL,NULL,NULL,7,3,2,3,1,1,2,2,6,3,N,NULL,Y,N,1429,1436,1440,N,NULL,54,17,0,N,,N,N,098-KY-3417-0,NULL,NULL,2023,O,7.29E+11,098-KY-3417  -000,HIGH,098-KY-3417  -000,0.375,0,0,0,0,0,0,0,0,0,0,0,1,0,1,Non-DAC,0,1,,
72964788,980100,2.02E+11,20231027,1647,,KY1426,,,KY1426,KY1426,,,,N,N,NULL,NULL,NULL,N,NULL,NULL,NULL,NULL,NULL,NULL,6.918,NULL,NULL,NULL,NULL,,NULL,0,0,2,2,N,N,45,NULL,98,9801,NULL,,Y,37.48616,-82.50919,N,NULL,NULL,NULL,NULL,NULL,NULL,NULL,NULL,5,3,2,6,1,1,2,2,7,3,N,NULL,Y,N,1647,1652,1713,N,NULL,70,,0,N,,N,N,,NULL,NULL,2023,O,7.3E+11,098-KY-1426  -000,HIGH,098-KY-1426  -000,6.918,0,0,0,0,0,0,1,0,0,0,0,0,0,1,Non-DAC,1,0,195-0950,1
72808276,980100,2.02E+11,20220920,1052,,US23,,,US0023,US0023,0,098 US-23,US0023,N,N,NULL,NULL,NULL,N,NULL,NULL,NULL,NULL,NULL,NULL,21.127,NULL,NULL,NULL,NULL,,NULL,0,0,2,2,N,N,55,NULL,98,9801,NULL,,Y,37.44683,-82.52578,N,NULL,NULL,NULL,NULL,NULL,NULL,NULL,NULL,5,3,4,3,1,1,2,2,7,3,N,NULL,N,N,1056,1114,1114,N,NULL,70,,1,N,,N,N,098-US-0023-0,NULL,NULL,2022,O,7.28E+11,098-US-0023  -000,HIGH,098-US-0023  -000,21.127,0,0,0,1,0,0,0,1,0,0,0,0,0,1,Non-DAC,0,1,,
72935093,980100,2.02E+11,20230816,644,,BAIRD,,AVE,KY1426,KY1426,0,098 KY-1426,KY1426,N,Y,HIBBARD,,ST,N,NULL,NULL,NULL,NULL,NULL,NULL,5.395,NULL,NULL,NULL,NULL,,NULL,0,0,2,2,N,N,55,NULL,98,9801,NULL,,Y,37.47327,-82.52711,N,NULL,NULL,NULL,NULL,NULL,NULL,NULL,NULL,1,3,2,6,1,1,3,1,1,3,N,NULL,Y,N,645,646,646,N,NULL,10,,0,N,,N,N,098-KY-1426-0,NULL,NULL,2023,O,7.29E+11,098-KY-1426  -000,HIGH,098-KY-1426  -000,5.395,0,0,0,0,0,0,0,1,0,0,1,0,0,1,DAC,1,0,195-1174,1
72829162,980100,2.02E+11,20221110,1832,,CASSIDY,,BLVD,,,0,098 CS-1191,CS1191,N,N,NULL,NULL,NULL,N,NULL,NULL,NULL,NULL,NULL,NULL,0.05,NULL,NULL,NULL,NULL,,NULL,2,0,2,2,N,N,25,NULL,98,9801,NULL,,Y,37.50368,-82.53297,N,NULL,NULL,NULL,NULL,NULL,NULL,NULL,NULL,8,3,4,6,1,1,3,6,7,3,Y,NULL,Y,Y,1832,1836,1914,N,NULL,53,,,N,,N,N,098-CS-1191-0,NULL,NULL,2022,C,7.28E+11,098-CS-1191  -000,HIGH,098-CS-1191  -000,0.05,0,0,0,0,0,0,0,0,0,0,0,1,0,1,Non-DAC,1,0,195-0861,1
72952860,980100,2.02E+11,20230929,1746,,US23,,,US0023,US0023,0,098 US-23,US0023,N,N,NULL,NULL,NULL,N,NULL,NULL,NULL,NULL,NULL,NULL,25.793,NULL,NULL,NULL,NULL,,NULL,0,0,2,2,N,N,55,NULL,98,9801,NULL,,Y,37.49671,-82.53106,N,NULL,NULL,NULL,NULL,NULL,NULL,NULL,NULL,5,3,4,6,1,1,2,2,2,3,N,NULL,Y,N,1746,1750,1750,N,NULL,49,,1,N,,N,N,098-US-0023-0,NULL,NULL,2023,O,7.3E+11,098-US-0023  -000,HIGH,098-US-0023  -000,25.732,0,0,1,0,0,0,1,1,0,0,0,0,0,1,Non-DAC,0,1,,
72931007,980100,2.02E+11,20230805,1741,,CASSIDY,,BLVD,,,,,,N,N,NULL,NULL,NULL,N,NULL,NULL,NULL,NULL,NULL,NULL,0.296,NULL,NULL,NULL,NULL,,NULL,0,0,2,2,N,N,35,NULL,98,9801,NULL,,Y,37.50536,-82.53681,N,NULL,NULL,NULL,NULL,NULL,NULL,NULL,NULL,1,3,3,6,1,1,2,2,1,3,N,NULL,Y,N,1741,1750,,N,NULL,55,,,N,,N,N,,NULL,NULL,2023,O,7.29E+11,098-CS-1191  -000,MEDIUM,098-CS-1191  -000,0.301,0,0,0,0,0,0,1,1,0,0,0,0,0,1,Non-DAC,0,1,,
72877719,980100,2.02E+11,20230316,1311,,CASSIDY,,BLVD,,,,,,N,N,NULL,NULL,NULL,N,NULL,NULL,NULL,NULL,NULL,NULL,0.053,NULL,NULL,NULL,NULL,,NULL,0,0,3,3,N,N,25,NULL,98,9801,NULL,,Y,37.50368,-82.53301,N,NULL,NULL,NULL,NULL,NULL,NULL,NULL,NULL,5,3,4,4,2,1,2,2,7,3,N,NULL,Y,N,1312,1315,,N,NULL,70,,,N,,N,N,,NULL,NULL,2023,O,7.29E+11,098-CS-1191  -000,MEDIUM,098-CS-1191  -000,0.049,0,0,0,1,0,0,1,0,0,0,0,0,0,1,Non-DAC,1,0,195-0861,1
72805571,980100,2.02E+11,20220914,1648,,US23,,,US0023,US0023,0,098 US-23,US0023,N,N,NULL,NULL,NULL,N,NULL,NULL,NULL,NULL,NULL,NULL,23.326,NULL,NULL,NULL,NULL,,NULL,0,0,2,2,N,N,55,NULL,98,9801,NULL,,Y,37.46764,-82.53228,N,NULL,NULL,NULL,NULL,NULL,NULL,NULL,NULL,5,3,4,6,1,1,2,2,7,3,N,NULL,Y,N,1648,1704,1705,N,NULL,49,,1,N,,N,N,098-US-0023-0,NULL,NULL,2022,O,7.28E+11,098-US-0023  -000,HIGH,098-US-0023  -000,23.326,0,0,0,0,0,0,0,0,0,0,0,0,0,1,DAC,0,1,,
72977850,980100,2.02E+11,20231113,1412,,US23,,,US0023,US0023,0,098 US-23,US0023,N,N,NULL,NULL,NULL,N,NULL,NULL,NULL,NULL,NULL,NULL,20.275,NULL,NULL,NULL,NULL,,NULL,2,0,2,2,N,N,55,NULL,98,9801,NULL,,Y,37.44654,-82.51554,N,NULL,NULL,NULL,NULL,NULL,NULL,NULL,NULL,5,3,4,6,1,1,2,2,7,3,N,NULL,Y,Y,1412,1417,1438,N,NULL,49,,1,N,,N,N,098-US-0023-0,NULL,NULL,2023,B,7.3E+11,098-US-0023  -000,HIGH,098-US-0023  -000,20.214,0,0,0,0,0,0,1,1,0,1,0,1,0,1,Non-DAC,0,1,,
72864643,980100,2.02E+11,20230210,834,,COLLEGE,N,ST,,,0,098 CS-1108,CS1108,N,N,NULL,NULL,NULL,N,NULL,NULL,NULL,NULL,NULL,NULL,0.19,NULL,NULL,NULL,NULL,,NULL,0,0,2,2,N,N,15,NULL,98,9801,NULL,,Y,37.47769,-82.51956,N,NULL,NULL,NULL,NULL,NULL,NULL,NULL,NULL,1,5,2,6,1,1,2,2,1,3,N,NULL,Y,N,834,837,837,N,NULL,46,,,N,,N,N,098-CS-1108-0,NULL,NULL,2023,O,7.29E+11,098-CS-1108  -000,HIGH,098-CS-1108  -000,0.19,0,0,0,0,0,0,1,0,0,0,0,0,0,1,DAC,0,1,,
72961764,980500,2023AR049,20231020,1051,,US23,,,US0023,US0023,0,098 US-23,US0023,N,N,NULL,NULL,NULL,N,NULL,NULL,NULL,NULL,NULL,NULL,,NULL,NULL,NULL,NULL,NULL,NULL,0,0,1,1,N,N,45,NULL,98,9807,0.2,N,N,37.53428,-82.57825,N,NULL,NULL,NULL,NULL,NULL,NULL,NULL,NULL,9,3,4,6,1,5,6,2,7,3,N,NULL,Y,Y,1051,1051,1051,N,NULL,38,,1,N,,N,N,098-US-0023-0,NULL,NULL,2023,O,7.3E+11,098-US-0023  -000,HIGH,098-US-0023  -000,29.781,0,0,0,0,0,0,0,0,0,0,0,0,0,1,Non-DAC,0,1,,
72828814,980100,2.02E+11,20221112,2130,,HAMBLEY,,BLVD,,,0,098 CS-1222,CS1222,N,N,NULL,NULL,NULL,N,NULL,NULL,NULL,NULL,NULL,NULL,0.914,NULL,NULL,NULL,NULL,,NULL,0,0,2,2,N,N,35,NULL,98,9801,NULL,,Y,37.48369,-82.5205,N,NULL,NULL,NULL,NULL,NULL,NULL,NULL,NULL,2,2,2,6,1,5,3,5,7,3,N,NULL,Y,Y,2130,2130,2146,N,NULL,47,,,N,,N,N,098-CS-1222-0,NULL,NULL,2022,O,7.28E+11,098-CS-1222  -000,HIGH,098-CS-1222  -000,0.914,0,0,0,0,0,0,0,0,0,1,0,0,0,1,DAC,1,0,195-1007,1
72894731,980100,2.02E+11,20230504,1713,,BYPASS,S,RD,KY1426,KY1426,0,098 KY-1426,KY1426,N,N,NULL,NULL,NULL,N,NULL,NULL,NULL,NULL,NULL,NULL,6.476,NULL,NULL,NULL,NULL,,NULL,0,0,2,2,N,N,35,NULL,98,9801,NULL,,Y,37.48136,-82.51424,N,NULL,NULL,NULL,NULL,NULL,NULL,NULL,NULL,5,3,2,6,1,1,2,2,3,3,N,NULL,Y,N,1713,1725,1725,N,NULL,49,,0,N,,N,N,098-KY-1426-0,NULL,NULL,2023,O,7.29E+11,098-KY-1426  -000,HIGH,098-KY-1426  -000,6.476,0,0,0,0,0,0,1,0,0,0,0,0,0,1,DAC,1,0,195-1056,1
72913112,980100,2.02E+11,20230615,1717,,CEDAR HILLS,,RD,KY1426,KY1426,,,,N,N,NULL,NULL,NULL,N,NULL,NULL,NULL,NULL,NULL,NULL,4.74,NULL,NULL,NULL,NULL,,NULL,0,0,2,2,N,N,35,NULL,98,9801,NULL,,Y,37.4632,-82.52593,N,NULL,NULL,NULL,NULL,NULL,NULL,NULL,NULL,5,3,2,6,1,1,2,2,7,3,N,NULL,Y,N,1717,1720,,N,NULL,49,,0,N,,N,N,,NULL,NULL,2023,O,7.29E+11,098-KY-1426  -000,HIGH,098-KY-1426  -000,4.743,0,0,0,0,0,0,1,0,0,0,0,0,0,1,Non-DAC,1,0,195-1236,1
72782096,980100,2.02E+11,20220706,1627,,US23,,,US0023,US0023,0,098 US-23-10,US0023,N,N,NULL,NULL,NULL,N,NULL,NULL,NULL,NULL,NULL,NULL,21.527,NULL,NULL,NULL,NULL,,NULL,0,0,2,2,N,N,55,NULL,98,9801,NULL,,Y,37.45218,-82.52322,N,NULL,NULL,NULL,NULL,NULL,NULL,NULL,NULL,4,3,4,6,1,5,3,2,7,3,N,NULL,Y,N,1628,1632,,N,NULL,70,,1,N,,N,N,098-US-0023-10,NULL,NULL,2022,O,7.28E+11,098-US-0023  -010,HIGH,098-US-0023  -000,21.527,0,0,0,1,0,0,1,1,0,0,0,0,0,1,Non-DAC,1,0,195-1272,1
72892148,980100,2.02E+11,20230426,1514,,KY1460,,,KY1460,KY1460,0,098 KY-1460,KY1460,N,Y,ADAMS,,LN,N,NULL,NULL,NULL,NULL,NULL,NULL,6.981,NULL,NULL,NULL,NULL,,NULL,0,0,2,2,N,N,45,NULL,98,9801,NULL,,Y,37.48522,-82.54393,N,NULL,NULL,NULL,NULL,NULL,NULL,NULL,NULL,4,3,2,2,1,1,2,2,7,3,N,NULL,Y,N,1514,1519,1519,N,NULL,4,16,0,N,,N,N,098-KY-1460-0,NULL,NULL,2023,O,7.29E+11,098-KY-1460  -000,HIGH,098-KY-1460  -000,6.964,0,0,0,0,0,0,1,0,0,0,1,0,0,1,Non-DAC,1,0,195-0971,1
72834633,980100,2.02E+11,20221117,1609,,US23,,,US0023,US0023,0,098 US-23-10,US0023,N,N,NULL,NULL,NULL,N,NULL,NULL,NULL,NULL,NULL,NULL,22.291,NULL,NULL,NULL,NULL,,NULL,3,0,2,2,N,N,55,NULL,98,9801,NULL,,Y,37.46135,-82.51697,N,NULL,NULL,NULL,NULL,NULL,NULL,NULL,NULL,4,3,4,3,1,1,2,2,7,3,Y,NULL,Y,Y,1609,1613,1719,N,NULL,70,,1,N,,N,N,098-US-0023-10,NULL,NULL,2022,C,7.28E+11,098-US-0023  -010,HIGH,098-US-0023  -000,22.291,0,0,0,0,0,0,1,0,0,0,0,0,0,1,Non-DAC,0,1,,
72978998,980100,2.02E+11,20231127,1732,,THOMPSON,,RD,,,0,098 CS-1215,CS1215,N,N,NULL,NULL,NULL,N,NULL,NULL,NULL,NULL,NULL,NULL,0.439,NULL,NULL,NULL,NULL,,NULL,2,0,2,2,N,N,35,NULL,98,9801,NULL,,Y,37.50631,-82.54472,N,NULL,NULL,NULL,NULL,NULL,NULL,NULL,NULL,1,3,2,6,1,1,2,3,1,3,Y,NULL,Y,N,1732,1737,1821,N,NULL,55,,,N,,N,N,098-CS-1215-0,NULL,NULL,2023,C,7.3E+11,098-CS-1215  -000,HIGH,098-CS-1215  -000,0.449,0,0,0,0,0,0,1,1,0,0,0,0,0,1,Non-DAC,0,1,,
72873108,980100,2.02E+11,20230224,719,,US23,,,US0023,US0023,0,098 US-23,US0023,N,N,NULL,NULL,NULL,N,NULL,NULL,NULL,NULL,NULL,NULL,26.285,NULL,NULL,NULL,NULL,,NULL,3,0,2,2,N,N,55,NULL,98,9801,NULL,,Y,37.50368,-82.53215,N,NULL,NULL,NULL,NULL,NULL,NULL,NULL,NULL,1,3,4,6,1,1,3,2,7,3,Y,NULL,Y,Y,719,723,808,N,NULL,55,,1,N,,N,N,098-US-0023-0,NULL,NULL,2023,C,7.29E+11,098-US-0023  -000,HIGH,098-US-0023  -000,26.222,0,0,0,0,0,0,0,1,0,0,0,0,0,1,Non-DAC,1,0,195-0861,1
72970117,980100,2.02E+11,20231108,905,,US23,,,US0023,US0023,,,,N,Y,CASSIDY,,BLVD,N,NULL,NULL,NULL,NULL,NULL,NULL,26.311,NULL,NULL,NULL,NULL,,NULL,0,0,2,2,N,N,55,NULL,98,9801,NULL,,Y,37.504,-82.53239,N,NULL,NULL,NULL,NULL,NULL,NULL,NULL,NULL,5,3,8,6,1,1,2,2,1,3,N,NULL,Y,N,905,911,,N,NULL,35,,1,N,,N,N,,NULL,NULL,2023,O,7.3E+11,098-US-0023  -010,MEDIUM,098-US-0023  -000,26.245,0,0,0,0,0,0,1,0,0,0,1,0,0,1,Non-DAC,1,0,195-0861,1
72813943,980100,2.02E+11,20221007,1657,,BYPASS,S,RD,KY1426,KY1426,,,,N,N,NULL,NULL,NULL,N,NULL,NULL,NULL,NULL,NULL,NULL,5.541,NULL,NULL,NULL,NULL,,NULL,0,0,2,2,N,N,35,NULL,98,9801,NULL,,Y,37.47233,-82.52552,N,NULL,NULL,NULL,NULL,NULL,NULL,NULL,NULL,1,3,2,6,1,1,2,2,1,3,N,NULL,Y,N,1657,1657,,N,NULL,55,,0,N,,N,N,,NULL,NULL,2022,O,7.28E+11,098-KY-1426  -000,HIGH,098-KY-1426  -000,5.541,0,0,0,0,0,0,0,0,0,1,0,0,0,1,DAC,0,1,,
72794105,980100,2.02E+11,20220815,1043,,US23,,,US0023,US0023,0,098 US-23,US0023,N,N,NULL,NULL,NULL,N,NULL,NULL,NULL,NULL,NULL,NULL,25.411,NULL,NULL,NULL,NULL,,NULL,0,0,2,2,N,N,55,NULL,98,9801,NULL,,Y,37.49218,-82.53471,N,NULL,NULL,NULL,NULL,NULL,NULL,NULL,NULL,5,3,4,6,1,5,3,2,7,3,N,NULL,Y,N,1044,1052,1052,N,NULL,49,,1,N,,N,N,098-US-0023-0,NULL,NULL,2022,O,7.28E+11,098-US-0023  -000,HIGH,098-US-0023  -000,25.411,0,0,0,1,0,0,1,0,0,0,0,0,0,1,Non-DAC,0,1,,
72854020,980100,2.02E+11,20230113,1542,,US23,,,US0023,US0023,0,098 US-23,US0023,N,N,NULL,NULL,NULL,N,NULL,NULL,NULL,NULL,NULL,NULL,26.217,NULL,NULL,NULL,NULL,,NULL,0,0,2,2,N,N,55,NULL,98,9801,NULL,,Y,37.50272,-82.53202,N,NULL,NULL,NULL,NULL,NULL,NULL,NULL,NULL,5,3,6,6,1,5,9,2,7,3,N,NULL,Y,N,1542,1542,1544,N,NULL,49,,1,Y,,N,N,098-US-0023-0,NULL,NULL,2023,O,7.29E+11,098-US-0023  -000,HIGH,098-US-0023  -000,26.155,0,0,0,0,0,0,1,0,0,1,0,0,0,1,Non-DAC,0,1,,
72890373,980100,2.02E+11,20230410,1211,,POPLAR,,ST,,,0,098 CS-1160,CS1160,N,N,NULL,NULL,NULL,N,NULL,NULL,NULL,NULL,NULL,NULL,0.116,NULL,NULL,NULL,NULL,,NULL,0,0,2,2,N,N,15,NULL,98,9801,NULL,,Y,37.48021,-82.52203,N,NULL,NULL,NULL,NULL,NULL,NULL,NULL,NULL,7,3,1,6,1,1,2,2,6,3,N,NULL,Y,N,1211,1215,1257,N,NULL,54,,,N,,N,N,098-CS-1160-0,NULL,NULL,2023,O,7.29E+11,098-CS-1160  -000,HIGH,098-CS-1160  -000,0.117,0,1,0,0,0,0,0,0,0,0,0,1,0,1,DAC,0,1,,
72922333,980100,2.02E+11,20230710,857,,PIKE,,ST,,,0,098 CS-1113,CS1113,N,N,NULL,NULL,NULL,N,NULL,NULL,NULL,NULL,NULL,NULL,0.138,NULL,NULL,NULL,NULL,,NULL,0,0,2,2,N,Y,15,NULL,98,9801,NULL,,Y,37.48085,-82.51767,N,NULL,NULL,NULL,NULL,NULL,NULL,NULL,NULL,1,3,2,6,1,1,2,2,3,3,N,NULL,Y,N,857,859,920,N,NULL,55,,,N,,N,N,098-CS-1113-0,NULL,NULL,2023,O,7.29E+11,098-CS-1113  -000,HIGH,098-CS-1113  -000,0.138,0,0,0,1,0,0,1,1,0,0,0,0,0,1,DAC,1,0,195-1073,1
72969367,980100,2.02E+11,20231101,1542,,US23,,,US0023,US0023,0,098 US-23,US0023,N,N,NULL,NULL,NULL,N,NULL,NULL,NULL,NULL,NULL,NULL,21.54,NULL,NULL,NULL,NULL,,NULL,0,0,2,2,N,N,55,NULL,98,9801,NULL,,Y,37.45229,-82.52299,N,NULL,NULL,NULL,NULL,NULL,NULL,NULL,NULL,5,3,4,6,1,1,2,2,1,3,N,NULL,Y,Y,1542,1547,1547,N,NULL,49,,1,N,,N,N,098-US-0023-0,NULL,NULL,2023,O,7.3E+11,098-US-0023  -000,HIGH,098-US-0023  -000,21.474,0,0,0,1,0,0,1,0,0,0,0,0,0,1,Non-DAC,0,1,,